product_id,type,category,balance,interest_rate,duration_years,repricing_maturity_years
A_00001,Asset,Corporate Loan,4756035.816729085,0.0679597545259111,2.3299848545285125,1.9366920974738113
A_00002,Asset,Retail Loan,337513.88023258734,0.08404460046972835,4.46470458309974,4.204030643130443
A_00003,Asset,Retail Loan,4851053.768201872,0.06849356442713105,4.329770563201687,3.621268528695033
A_00004,Asset,Retail Loan,1555999.1026497118,0.07727780074568463,3.0990257265289514,2.659725900780889
A_00005,Asset,Corporate Loan,740494.6102276071,0.06099085529881075,1.2303616213380453,1.096515498115414
A_00006,Asset,Mortgage,1038385.2216838807,0.05777243706586128,10.142344384136116,8.208098723827188
A_00007,Asset,Corporate Loan,894094.4122520931,0.0784665661176,0.6626289824631988,0.6580743402725721
A_00008,Asset,Mortgage,1557838.1574081848,0.06052699079536471,5.976721140063839,5.30751065488813
A_00009,Asset,Retail Loan,2501125.7050507874,0.09637281608315129,1.1375540844608736,0.9689185125778607
A_00010,Asset,Mortgage,1592969.8266425843,0.056401308380298394,10.200680211778108,8.53767240673014
A_00011,Asset,Government Bond (HQLA),3886907.475637517,0.03789654700855298,1.8850479889719594,1.7334524217104101
A_00012,Asset,Government Bond (HQLA),488037.8851570015,0.020904545778210763,0.47236743859637587,0.4086290418851717
A_00013,Asset,Corporate Loan,1393177.7072807848,0.06070259980080768,2.5718437728798236,2.201978952169166
A_00014,Asset,Corporate Loan,747574.9136250751,0.05223651931039313,2.5054924518850994,2.4989215156114004
A_00015,Asset,Mortgage,1033642.6235941534,0.06446384285364504,5.055221171236024,4.7588409789212465
A_00016,Asset,Mortgage,3867788.2160954312,0.050753971856328184,5.740446517340904,4.725385241716443
A_00017,Asset,Mortgage,3135325.7277964116,0.04190675050858071,8.308980248526492,7.163973392576463
A_00018,Asset,Corporate Loan,3661550.5827734172,0.0766163822772898,2.093893678388033,1.872868512037843
A_00019,Asset,Retail Loan,3580561.696753825,0.08245108790277986,4.04314019446759,3.8579378343519943
A_00020,Asset,Corporate Loan,2637527.5054408708,0.05076257380232286,1.568852545896374,1.288935184700867
A_00021,Asset,Retail Loan,3200231.535755713,0.08034282764658811,2.2574239243053067,2.2156915936718797
A_00022,Asset,Retail Loan,2081395.4690263672,0.0691519266196649,4.022204554172195,3.2796894321163834
A_00023,Asset,Retail Loan,848045.3719073219,0.09232481518257668,4.718790609370292,4.372812427128484
A_00024,Asset,Mortgage,4028176.7806506166,0.06677676995469933,6.865700588860358,6.233152940671797
A_00025,Asset,Mortgage,4485651.934621291,0.043301557735830304,8.180034749718638,6.916931309830081
A_00026,Asset,Corporate Loan,4099173.091316341,0.05020856391593572,2.6518264581408584,2.3923438085925395
A_00027,Asset,Corporate Loan,1149433.6618301147,0.06012845514210884,0.7996634183342071,0.7905328140696016
A_00028,Asset,Corporate Loan,2618013.577629662,0.06090888807137882,2.2575473972379445,2.24480674009619
A_00029,Asset,Government Bond (HQLA),1296322.3643355526,0.026017566196335395,1.0447721611955323,0.895336412737776
A_00030,Asset,Retail Loan,3067343.4532004893,0.062059150049999574,3.010716092915446,2.576357953154588
A_00031,Asset,Government Bond (HQLA),1235831.3588015134,0.02978905520555126,0.3753002569733239,0.3742231793213755
A_00032,Asset,Retail Loan,3377070.9596590986,0.06950550175969598,4.04647846131487,3.8265251230189463
A_00033,Asset,Corporate Loan,3179913.8614382185,0.06607324052224275,2.083824276902237,1.704689024480849
A_00034,Asset,Mortgage,1637861.3216100924,0.041223254246642915,6.8651851039985425,6.303465969525589
A_00035,Asset,Mortgage,132109.75319288793,0.04679487325593814,10.12093058299281,9.40269427154821
A_00036,Asset,Retail Loan,3470141.8036072063,0.09746919954946939,2.5469413852021496,2.1076046649572207
A_00037,Asset,Corporate Loan,611693.9301409159,0.07632018060142944,2.811734045696407,2.394439887846936
A_00038,Asset,Mortgage,4095249.8909960184,0.0558895173506802,10.552008115994624,8.952011960086391
A_00039,Asset,Retail Loan,4491218.001868967,0.08532405829093072,4.601672228653322,3.9933585777536464
A_00040,Asset,Corporate Loan,3643480.610407685,0.07661259272795352,2.742775649881443,2.622025251328412
A_00041,Asset,Corporate Loan,466492.82672549173,0.07695662565581238,0.9040717852365344,0.8329085087063792
A_00042,Asset,Retail Loan,552284.1371868589,0.06020246335384875,3.6540070764322232,3.040724412711142
A_00043,Asset,Corporate Loan,3474881.2285788315,0.0567280792838168,2.1299031487565014,2.007297072210615
A_00044,Asset,Retail Loan,1660728.5058883752,0.08598531596188859,3.9859656204720966,3.8657675600436483
A_00045,Asset,Mortgage,2863127.5865105847,0.051031474091783005,5.936747678280925,5.064286050746558
A_00046,Asset,Retail Loan,4866402.246024606,0.09568186220708454,2.5723908986670416,2.3826197703961496
A_00047,Asset,Mortgage,2538053.610870701,0.05477553081456592,10.76903884626359,9.035746941022415
A_00048,Asset,Mortgage,1439823.1940822362,0.05936416887721504,5.243159664314538,4.380251645528907
A_00049,Asset,Government Bond (HQLA),4771946.4561628075,0.027403174005108888,1.8382423414188522,1.4762764745267696
A_00050,Asset,Government Bond (HQLA),2169511.534170706,0.03927239954178506,1.9366441561829721,1.8797104803663143
A_00051,Asset,Retail Loan,1956233.75657953,0.07267688020625111,4.404546686067428,3.672945091999681
A_00052,Asset,Corporate Loan,4683966.132095866,0.06710183510268095,2.2400744916874324,1.8355961103274503
A_00053,Asset,Corporate Loan,4950766.558016103,0.06554988957091211,0.85021003809131,0.8293583090538794
A_00054,Asset,Mortgage,3500227.9179265765,0.05078473453659266,12.024840839871093,10.325951711729825
A_00055,Asset,Mortgage,4060061.303661945,0.06739721657669415,13.670723185801037,12.3346626262391
A_00056,Asset,Corporate Loan,4001561.135885537,0.0710590063177311,2.124909826944413,2.03812539425455
A_00057,Asset,Mortgage,1723076.0264151022,0.04281945819522607,8.75582952639944,8.0173280877325
A_00058,Asset,Retail Loan,2354710.1897556777,0.07146165008513138,3.1705785388303065,2.9111194822616935
A_00059,Asset,Retail Loan,234873.53430861136,0.07440762565645051,4.290402242638633,3.541349935797399
A_00060,Asset,Corporate Loan,3861468.0878381236,0.06868671427457002,1.0395525687421079,0.8493866902876661
A_00061,Asset,Retail Loan,2680205.4262623326,0.08549719605992827,3.162540486440426,2.9892910371026296
A_00062,Asset,Government Bond (HQLA),2605686.7240909166,0.03590372389537408,0.7136172985883673,0.6095479547739433
A_00063,Asset,Corporate Loan,438359.0876442165,0.07887945244033776,0.5633768585386438,0.5448958576498998
A_00064,Asset,Mortgage,2074317.0748506358,0.044693111280132584,6.7329432007084575,5.723328804511345
A_00065,Asset,Corporate Loan,3587249.8173653088,0.058398016908378286,2.150493441794328,2.1310810582081228
A_00066,Asset,Mortgage,2794052.5599314333,0.0525880018728337,11.117207462343522,9.444581330902022
A_00067,Asset,Corporate Loan,3801338.246798627,0.05348217921520749,0.5359837215743897,0.4337183107141265
A_00068,Asset,Retail Loan,4284529.890854485,0.078966953163493,3.8146314375200947,3.1263454029926163
A_00069,Asset,Corporate Loan,2393685.2653638003,0.0630155494771392,0.933004674775038,0.8207650958425773
A_00070,Asset,Corporate Loan,3193713.571794837,0.061238378438794136,0.6132600244301113,0.5673709929842371
A_00071,Asset,Corporate Loan,4289624.713882195,0.054888032812442894,2.146734079047363,1.7476857302299278
A_00072,Asset,Corporate Loan,181230.98718102797,0.07820690724274873,1.9644389531836581,1.7976479408610702
A_00073,Asset,Corporate Loan,3234276.681289648,0.06636850367947805,1.6456322262287917,1.6263667468196286
A_00074,Asset,Corporate Loan,4807893.290928375,0.055873734043678895,2.7633766048901593,2.2490355631367636
A_00075,Asset,Retail Loan,140198.03697517116,0.08732027093665427,1.3777718430237136,1.1218338174972544
A_00076,Asset,Corporate Loan,4232132.789298801,0.07443405447766807,0.5581798393395647,0.47800900205167296
A_00077,Asset,Retail Loan,3498848.9685525456,0.09509888054108212,3.515771387119536,3.329485458356787
A_00078,Asset,Mortgage,1446071.1342279671,0.06251844254922576,6.774395437797228,6.512679865587476
A_00079,Asset,Government Bond (HQLA),2092457.5007115612,0.03552825921483994,0.806834363006288,0.7004618918670967
A_00080,Asset,Government Bond (HQLA),4299143.121622909,0.03501742135582995,0.9150886520125348,0.8701656459163909
A_00081,Asset,Retail Loan,4517636.8880638555,0.09305829864430967,3.0210094897914286,2.610182168216631
A_00082,Asset,Mortgage,1976548.3097341075,0.06716145929257791,5.108376514802984,4.1799665550041265
A_00083,Asset,Corporate Loan,4752806.736901484,0.06720313664369859,2.8765178673438903,2.664712499886948
A_00084,Asset,Corporate Loan,1501393.3199054194,0.07017555368231115,1.32166136342479,1.2562059600163697
A_00085,Asset,Mortgage,3958609.806833042,0.054832609141077446,5.912061030486903,4.797707004801033
A_00086,Asset,Corporate Loan,2235575.9817982162,0.06052745037656236,2.7192604568957495,2.2390755072322706
A_00087,Asset,Retail Loan,3819477.6270014876,0.06404490704491161,3.4728722532650442,2.836716241265539
A_00088,Asset,Mortgage,410176.88150275795,0.06118726681469489,13.218600592903563,10.78994388232785
A_00089,Asset,Retail Loan,4933865.913580818,0.07482568588267563,2.4970831830244813,2.403592172533242
A_00090,Asset,Government Bond (HQLA),4930705.265923211,0.027525191710618315,1.5314185519919892,1.2507097509249852
A_00091,Asset,Mortgage,2814101.036192235,0.06719063155284208,9.242220092469763,7.599318395016203
A_00092,Asset,Corporate Loan,106200.54159872439,0.051689098270455126,1.6716516049853156,1.3770457160743592
A_00093,Asset,Retail Loan,3263590.9954745146,0.08333475060388638,3.984179517061693,3.954037245551618
A_00094,Asset,Corporate Loan,1464274.8270952106,0.05670787515558358,2.671497820473651,2.6518476393282584
A_00095,Asset,Retail Loan,4850900.192202813,0.09564572454792285,1.1726396478023045,1.0618723667826124
A_00096,Asset,Government Bond (HQLA),415292.99544022436,0.03938605071238198,1.1523231403625096,1.0424140623922087
A_00097,Asset,Corporate Loan,3493956.010473855,0.0688267424025219,1.636352661919433,1.500310985478144
A_00098,Asset,Government Bond (HQLA),274959.5826902165,0.03900822968153118,0.6338300602252376,0.6199192377321755
A_00099,Asset,Corporate Loan,3119656.3591176067,0.055643634791712845,1.1934529574528316,1.065442812510622
A_00100,Asset,Corporate Loan,2939097.753661817,0.079231844229985,0.694336592412462,0.6924217154744746
A_00101,Asset,Mortgage,2703677.013403396,0.06441385059120847,8.095276162863279,7.584838518119591
A_00102,Asset,Retail Loan,4559089.56324452,0.09799199653167696,4.290148971692676,4.054808137884068
A_00103,Asset,Corporate Loan,2120303.0296385633,0.07598191668501225,2.8318212083850334,2.2910672045123617
A_00104,Asset,Retail Loan,1913493.6660463456,0.09949104517259778,4.242213323127332,3.5213907663944215
A_00105,Asset,Corporate Loan,1935409.7403235566,0.07526356769407126,2.9247859945365082,2.83021520650062
A_00106,Asset,Corporate Loan,2103356.5365714426,0.051691264899527814,1.1835176798267657,1.1514969879493462
A_00107,Asset,Mortgage,4998602.482766346,0.05666295116807883,14.966368370739055,14.274884482202038
A_00108,Asset,Government Bond (HQLA),4255754.583853187,0.02901088270620187,0.5699613933120755,0.4706922906934842
A_00109,Asset,Government Bond (HQLA),3050564.4405318564,0.03343401368811713,0.5344213304565791,0.49360524769692193
A_00110,Asset,Corporate Loan,612110.0813881636,0.0656092310271138,2.178932988981999,2.0797123955356605
A_00111,Asset,Corporate Loan,4268298.426576774,0.06682813914606159,1.879767096936214,1.8333945970865213
A_00112,Asset,Corporate Loan,713375.3808306716,0.07265411767020857,0.5719566907833474,0.5285233922773641
A_00113,Asset,Mortgage,1104172.599469108,0.040436339970036456,6.363714755867697,5.537179648934393
A_00114,Asset,Corporate Loan,1991608.023243675,0.07712476083481246,1.5936873050593228,1.385951907389966
A_00115,Asset,Corporate Loan,3929082.413068658,0.0686626010068362,1.4913569558031754,1.4503039877368769
A_00116,Asset,Government Bond (HQLA),778013.7305987378,0.029842325861590767,1.8605164878068394,1.5845067787082323
A_00117,Asset,Corporate Loan,4901161.247663111,0.05986254830862525,1.731545234982174,1.6045886342108924
A_00118,Asset,Retail Loan,425523.4741378864,0.0651218335583109,1.515518887642597,1.258457390334411
A_00119,Asset,Retail Loan,3222329.9867759123,0.07382669133295452,1.7275203375965793,1.6918603134039703
A_00120,Asset,Corporate Loan,3354410.8056790847,0.055768670564260124,0.9307996780040746,0.7522478413755218
A_00121,Asset,Retail Loan,1429022.1782081951,0.06354810135028223,1.7080419371069873,1.4076437750774415
A_00122,Asset,Corporate Loan,1071351.906108673,0.06510251812564571,1.4106746526201888,1.3233242191056518
A_00123,Asset,Retail Loan,4007081.474599761,0.06327036127795488,3.511601557963631,3.422813257854322
A_00124,Asset,Government Bond (HQLA),352335.90128157556,0.036124025595861226,0.6260675314796871,0.5945462446366
A_00125,Asset,Retail Loan,1086279.1505167158,0.07938091940764086,2.481888411165528,2.292398599454189
A_00126,Asset,Corporate Loan,2339546.8448590823,0.05110049608671794,2.3686773453343912,2.014530210506137
A_00127,Asset,Mortgage,4481273.846551636,0.05596340455795948,10.116774421156661,8.310266549522561
A_00128,Asset,Corporate Loan,2686455.4689523648,0.05807729692848143,1.106176259086824,0.9684095641006142
A_00129,Asset,Retail Loan,1644291.8696367326,0.07309989408711659,1.8457920279861786,1.5208448200222635
A_00130,Asset,Mortgage,2988282.645092541,0.06367513715822015,11.791023191444896,10.608247258589378
A_00131,Asset,Retail Loan,2708677.3820018116,0.0898175789673732,3.3473644720835165,2.9668759434837972
A_00132,Asset,Retail Loan,1454690.7337036862,0.08583668965326405,2.4523291855945404,2.2418106074843815
A_00133,Asset,Corporate Loan,4933250.48152525,0.05711680375207984,2.014437048392218,1.6525565154584758
A_00134,Asset,Retail Loan,1267490.7555033152,0.06746268096205223,1.6427254930382227,1.4078470147416613
A_00135,Asset,Retail Loan,4488988.851900805,0.0809804555828102,1.3209349826465688,1.165169491224814
A_00136,Asset,Government Bond (HQLA),604592.5657318591,0.03938940866550738,0.855925638186909,0.8329024583667517
A_00137,Asset,Mortgage,1326618.993872452,0.06005929659773293,6.708875873900658,6.61411432936865
A_00138,Asset,Corporate Loan,2879482.8128760043,0.07308478799575811,1.1999477341507103,1.0048467317742993
A_00139,Asset,Corporate Loan,2155910.371151263,0.05727229197245241,1.7690259467111376,1.4558506218892242
A_00140,Asset,Corporate Loan,1478721.2385392662,0.054630881458226074,1.9530955535565306,1.7504189615593007
A_00141,Asset,Corporate Loan,306526.5072710132,0.05403244030816923,1.3415106954848015,1.0902121965308915
A_00142,Asset,Government Bond (HQLA),1645651.5326248787,0.02509281309527528,1.6387614471238063,1.534373235157145
A_00143,Asset,Mortgage,2998411.766008829,0.05235522742441806,9.715761885501584,8.450513709829156
A_00144,Asset,Government Bond (HQLA),4161566.068549259,0.022485944469710896,1.933551130266374,1.8294748307640867
A_00145,Asset,Government Bond (HQLA),947103.6775200177,0.03482241298580118,0.22634290799687723,0.2070799093981339
A_00146,Asset,Mortgage,741873.264300133,0.04604881960143234,12.952673118598902,10.786094881250236
A_00147,Asset,Retail Loan,4082144.8651453415,0.08092261699076478,3.6607888827848005,3.1913516356445615
A_00148,Asset,Mortgage,1992603.2817420452,0.05317404725710655,13.16599439471577,11.525365164758151
A_00149,Asset,Corporate Loan,1541820.4771125033,0.06508161170277438,2.369023450440628,2.0052422244110684
A_00150,Asset,Mortgage,1950261.5457973965,0.06719416332893641,10.435528611139887,9.651273582216128
A_00151,Asset,Retail Loan,4702169.011886702,0.07339622458628345,3.5108322122856714,2.9064579456242194
A_00152,Asset,Mortgage,3119360.141846142,0.06681677749152873,10.334610919763215,9.897657805893742
A_00153,Asset,Retail Loan,1593024.2355879638,0.08975785170290708,1.993956559257863,1.6085376910441493
A_00154,Asset,Corporate Loan,3824170.494416418,0.060262452461477226,2.6919140919043736,2.595682095828698
A_00155,Asset,Retail Loan,4239938.844085865,0.0758914916224147,1.5099546493279297,1.4487396883516337
A_00156,Asset,Retail Loan,1184794.4064015753,0.08880146146184298,3.889010273572265,3.6098941650913043
A_00157,Asset,Mortgage,2736485.9945706013,0.050370879805117584,7.5179905890695276,6.287442456437549
A_00158,Asset,Government Bond (HQLA),2937789.3840922965,0.029240116072882655,0.8616176918509157,0.8525333704017645
A_00159,Asset,Retail Loan,2951837.6684831465,0.08445816941738592,3.023554715537864,2.429795198768443
A_00160,Asset,Mortgage,4663985.498293881,0.060899524716306774,10.65133183589209,10.48623487417857
A_00161,Asset,Mortgage,805068.2624255937,0.05820145139148568,10.762883601668133,9.523280690759496
A_00162,Asset,Mortgage,4675116.723106624,0.05352518114212397,14.255685129067764,11.727405288481561
A_00163,Asset,Government Bond (HQLA),4202545.527907373,0.03841683765234745,0.336859094286207,0.32809377555838853
A_00164,Asset,Corporate Loan,2976813.4069374,0.05164284916466094,1.4975067596753258,1.2983974347781126
A_00165,Asset,Mortgage,72928.51387278415,0.0519450608077283,8.334991716911443,7.5638309533675985
A_00166,Asset,Government Bond (HQLA),1764412.6721115082,0.03475002496219497,0.7592110836028325,0.6760346414677845
A_00167,Asset,Retail Loan,2289575.6048568324,0.06705547946024894,1.5634280815191994,1.406574899380376
A_00168,Asset,Corporate Loan,4578487.210287095,0.06741765050834131,1.4059847477915828,1.3025785873108993
A_00169,Asset,Retail Loan,3334509.9914827175,0.09844281269877822,1.7121438674790057,1.4206214895122433
A_00170,Asset,Corporate Loan,472480.8569892871,0.06506585030993728,2.9921856296148683,2.7500490022745017
A_00171,Asset,Retail Loan,3762304.3284759303,0.09592217157762856,1.839622372382343,1.5471737923245088
A_00172,Asset,Retail Loan,230920.85584806965,0.08259364533050466,2.888267780439997,2.3485710535834894
A_00173,Asset,Mortgage,2293779.7320027365,0.05322288240814685,10.2439026932758,9.016197714353881
A_00174,Asset,Corporate Loan,818439.2173570269,0.07585356863040552,0.9548203262381778,0.9445303158332262
A_00175,Asset,Corporate Loan,1390186.1320605911,0.06226202513294289,2.1099988580975393,1.6987121227689488
A_00176,Asset,Retail Loan,3594062.5327946176,0.061083839700139336,3.6356957676406054,3.0699612640472163
A_00177,Asset,Retail Loan,3375869.0808137055,0.06416434327938295,1.0788421510174566,1.0356703588494602
A_00178,Asset,Retail Loan,3281093.2338667796,0.06397765571037381,1.952731124186906,1.6571548805297962
A_00179,Asset,Mortgage,4285697.517126114,0.05191550588855365,13.302198645669916,12.419159156312382
A_00180,Asset,Retail Loan,1501081.2647920155,0.06052007694042944,4.5853432740844795,3.7466918126336597
A_00181,Asset,Retail Loan,181334.40917540758,0.08332166243878769,1.7257417403591893,1.5260473797612688
A_00182,Asset,Mortgage,4096345.6306052823,0.04778270300293878,8.41817351697876,7.373802128589324
A_00183,Asset,Corporate Loan,1376915.0220732375,0.062282349565737215,2.0603722696228353,1.8757823562884446
A_00184,Asset,Corporate Loan,1507605.5097324925,0.07290817382479282,2.8711332674053915,2.3773633339532894
A_00185,Asset,Mortgage,2462784.4313350925,0.06399565767841946,13.945522268940914,12.342382694278752
A_00186,Asset,Retail Loan,1379952.928955483,0.08533912879304589,3.1665368586434677,2.696551659177672
A_00187,Asset,Retail Loan,4182904.6721565304,0.08102760729210744,4.9376087228142085,4.119624006117586
A_00188,Asset,Retail Loan,141033.84890996033,0.06471004331560565,4.657195226241996,4.262746136516565
A_00189,Asset,Retail Loan,2793181.1124531776,0.09318967214828808,3.605681553407457,3.0334031170895885
A_00190,Asset,Retail Loan,727583.868840596,0.09495560310250062,4.60007456739242,4.2296886174180655
A_00191,Asset,Corporate Loan,3341931.5390039645,0.0774323583777488,0.938428196558624,0.8293397709361745
A_00192,Asset,Corporate Loan,2618642.6411500457,0.05498850106268238,0.6174149169376376,0.5850665263467244
A_00193,Asset,Retail Loan,3035602.941858622,0.07557182456167906,1.9813964387252838,1.699520499364179
A_00194,Asset,Corporate Loan,3609277.2306620153,0.06699213920890693,1.2428042890579376,1.1125709275785096
A_00195,Asset,Mortgage,4687307.209657552,0.0464482113577227,12.325720972102502,9.937447702042158
A_00196,Asset,Retail Loan,2995635.756966261,0.07985464988804945,1.2057032539370014,1.1084856761552258
A_00197,Asset,Corporate Loan,3866015.4085418186,0.05225413345207427,0.7664956328344295,0.7248272065693829
A_00198,Asset,Corporate Loan,3457591.8623172934,0.05739206099717321,1.5870683465093656,1.5296489493941288
A_00199,Asset,Mortgage,3488747.5307294126,0.057706920006072616,7.721451372299627,6.734609576218085
A_00200,Asset,Retail Loan,4590702.198538102,0.09800949415283211,1.5472745236758456,1.3758382929227162
A_00201,Asset,Retail Loan,2732409.6895228727,0.08928899545638246,4.491783343505633,4.318006260701075
A_00202,Asset,Mortgage,3476768.99436337,0.04749004026577558,13.491956515653193,12.114225277952233
A_00203,Asset,Retail Loan,4938956.639583402,0.061577072454740235,4.776237358746453,4.494988786671843
A_00204,Asset,Government Bond (HQLA),943847.958380301,0.03830976595176084,1.1790959380499961,0.9512818635327265
A_00205,Asset,Mortgage,1521877.5864941264,0.06913174735496104,14.243961953765304,14.0851887520417
A_00206,Asset,Corporate Loan,4317111.1223971015,0.05957301419729767,2.611373496337676,2.522020377050392
A_00207,Asset,Retail Loan,3001535.8984861625,0.06482267543109115,1.9200353491508122,1.565578852792332
A_00208,Asset,Mortgage,1732381.0706519275,0.04196069022396827,12.247667715287616,10.570448430548112
A_00209,Asset,Corporate Loan,3964079.6659528697,0.06877674129311027,1.296881257330175,1.2673065930839607
A_00210,Asset,Corporate Loan,1203149.4000304872,0.07610296621702789,0.5610019538913451,0.45118799932211306
A_00211,Asset,Mortgage,2668238.8134346996,0.06396349707320997,14.390676985128962,14.384731075528618
A_00212,Asset,Corporate Loan,3847582.030209078,0.06439626860911726,1.5048272840231054,1.3927192956033962
A_00213,Asset,Mortgage,4921213.172536511,0.05253300346502002,12.682734138645182,11.214979078383465
A_00214,Asset,Mortgage,1231946.8715530965,0.0506386647292233,6.104741131313947,5.234496842424721
A_00215,Asset,Retail Loan,1206358.3676970543,0.06071495738933655,1.1683727585454475,1.1655037934709558
A_00216,Asset,Corporate Loan,1952416.9034404242,0.056547616635951925,2.199118206732675,2.1771099524489936
A_00217,Asset,Mortgage,492584.4614456846,0.06637354922686495,9.175807757849284,9.07438209012546
A_00218,Asset,Corporate Loan,3086386.376593003,0.0797350587841093,0.9175848652301881,0.7765835815624657
A_00219,Asset,Government Bond (HQLA),3265750.9125122237,0.03025377022033017,1.2546999102698324,1.0616442066287122
A_00220,Asset,Retail Loan,1141406.734897368,0.09118337894267013,1.745753048577018,1.5188488865764422
A_00221,Asset,Retail Loan,4847058.019197016,0.09711009132780853,4.535143539853703,4.5305247888079405
A_00222,Asset,Retail Loan,2011397.9935681608,0.0878408247221517,4.032953902816365,3.350494141473248
A_00223,Asset,Mortgage,1160980.8305914702,0.056109232686802415,7.238176148226231,6.648901657321391
A_00224,Asset,Corporate Loan,502859.8451188866,0.057968001277661184,2.693652156575951,2.2246953546651986
A_00225,Asset,Mortgage,4780474.916237279,0.06428548224174635,13.621276172654506,12.682067333763854
A_00226,Asset,Corporate Loan,480584.4615614802,0.06118065551036942,1.5211330326767467,1.2959304383095183
A_00227,Asset,Mortgage,2504584.8886399153,0.046605496058494345,5.810462159076479,5.442379565481476
A_00228,Asset,Retail Loan,4263474.224541405,0.07922346309306592,2.9805861080558973,2.7376133690967834
A_00229,Asset,Mortgage,1771655.5791158555,0.056971958919873736,11.780161525590636,10.053256451371476
A_00230,Asset,Mortgage,3997258.806954294,0.06551745187282726,11.584518346584254,11.277051793848395
A_00231,Asset,Mortgage,4193215.9754001764,0.06040422315280902,11.974714616692836,11.061310635907443
A_00232,Asset,Mortgage,835095.2712007149,0.06615530583235696,13.808707591989284,11.127739509448304
A_00233,Asset,Mortgage,687905.8439935538,0.06230524768874823,8.35118854259142,6.9494580744705
A_00234,Asset,Mortgage,4169064.1808908223,0.04019157615150501,10.074677337608362,8.638105185152032
A_00235,Asset,Corporate Loan,4906871.581235746,0.0577941074319248,2.079533817541671,1.927314314055322
A_00236,Asset,Corporate Loan,3910234.705998161,0.07283083707506084,0.7674515970673961,0.6970404577027541
A_00237,Asset,Government Bond (HQLA),1742267.221891496,0.03864056211020035,1.3019815969545014,1.0682784334341364
A_00238,Asset,Government Bond (HQLA),3455034.325389026,0.026019271338936327,0.22889041229982662,0.21553109010971086
A_00239,Asset,Retail Loan,2931743.7778725526,0.08483662071069908,2.383532227811827,1.9286313046010184
A_00240,Asset,Mortgage,4868770.397428115,0.06248955495228775,14.688778552856915,12.133184437096057
A_00241,Asset,Mortgage,171705.23647106747,0.049708306574486244,5.2212355152899725,4.687252648241066
A_00242,Asset,Mortgage,3432312.114202201,0.04820879998844998,9.459027063767483,9.453587177601468
A_00243,Asset,Corporate Loan,2284365.7704318934,0.07384428646249788,0.909059552979173,0.8533673331990419
A_00244,Asset,Retail Loan,457786.1757984213,0.0861804485712454,3.7219972082988524,3.181012005964762
A_00245,Asset,Government Bond (HQLA),797736.5643154562,0.03887231840335198,0.9214361219809436,0.8144992798243295
A_00246,Asset,Corporate Loan,2018092.2699158317,0.07951932943879485,1.1855380058716751,1.0454866090137802
A_00247,Asset,Mortgage,1188275.2991608765,0.04093402248653534,7.131047040250833,6.634250989465938
A_00248,Asset,Corporate Loan,4328573.336706203,0.07904580283744166,1.683024766728893,1.408868620940815
A_00249,Asset,Mortgage,3894154.4213191215,0.06534349684350664,12.70921844644052,12.101778785927726
A_00250,Asset,Corporate Loan,699662.1445278185,0.0776254354344706,0.5813154487281298,0.5367460298412969
A_00251,Asset,Mortgage,2433535.6399871227,0.043755573766076514,6.173081889623945,5.784875643448757
A_00252,Asset,Corporate Loan,1042597.3971666668,0.05192626811225402,1.7289863668535923,1.5844332174446074
A_00253,Asset,Retail Loan,3997917.548154081,0.07820880596327205,2.241447835694295,1.7983676353607583
A_00254,Asset,Retail Loan,1992843.10421309,0.08400082192477215,2.919755338868494,2.5061209453617233
A_00255,Asset,Mortgage,4307605.866086563,0.04118856476045071,12.798509888933499,11.468762494382913
A_00256,Asset,Retail Loan,1248122.828519511,0.06569982171606052,4.946650373068586,4.450885352532799
A_00257,Asset,Corporate Loan,3527201.6041933144,0.05029312542257551,1.8991217087172854,1.6432953184823103
A_00258,Asset,Corporate Loan,484939.1707669251,0.050996093263741,1.376567328022952,1.1228875807921108
A_00259,Asset,Corporate Loan,706942.9825131487,0.07068394907411797,1.9188521206538953,1.8423231935936695
A_00260,Asset,Retail Loan,879038.7821823953,0.08545720998174547,1.418271361337601,1.3350119471413904
A_00261,Asset,Retail Loan,4684250.618906264,0.08165185341204281,1.2078851346058896,1.1376008398808501
A_00262,Asset,Mortgage,3584730.314055518,0.050183505776284186,13.017280830697919,12.53518613126708
A_00263,Asset,Retail Loan,4479342.447499611,0.09269191079849975,3.190369504614945,2.840908095953342
A_00264,Asset,Corporate Loan,2655693.1716337604,0.05244889946091769,2.3289738043883297,1.8912907280415172
A_00265,Asset,Retail Loan,839746.1665602823,0.06876855949432177,4.487134266368807,4.465475098844003
A_00266,Asset,Corporate Loan,951483.6826590615,0.06976123326502628,2.4742462678561976,2.225928792704183
A_00267,Asset,Corporate Loan,3610048.802447706,0.07989001748170226,1.0711368533282468,1.065736858732157
A_00268,Asset,Mortgage,1037735.1320992684,0.04216595226937528,11.802282424312914,9.514179837059292
A_00269,Asset,Retail Loan,2339983.6358596156,0.08908676279065232,4.4730900216335225,4.2429106431031745
A_00270,Asset,Corporate Loan,1762378.2131074665,0.07962948691208174,1.4275969074615067,1.1535294774934537
A_00271,Asset,Mortgage,2914443.2724333475,0.0617577298124541,9.386154191895905,8.422513298440528
A_00272,Asset,Mortgage,4508474.22685573,0.04830483391705155,9.217209268734553,8.465730802797383
A_00273,Asset,Government Bond (HQLA),1092777.8355780495,0.03263120440185041,1.2836365087706174,1.2151193351419793
A_00274,Asset,Retail Loan,3593333.575176338,0.06718732435480967,4.636130082662564,3.9291604170531076
A_00275,Asset,Government Bond (HQLA),945835.9159119744,0.029845557128960698,1.7233316774022003,1.4638775703531952
A_00276,Asset,Mortgage,2254261.012263194,0.05077700108199297,10.148173539296902,9.322012459564622
A_00277,Asset,Retail Loan,1985853.6064262155,0.0703253373080451,4.87764928934115,4.542785656489742
A_00278,Asset,Corporate Loan,3878691.972148673,0.07909463135235634,0.8271841517958746,0.7368208248133525
A_00279,Asset,Retail Loan,413808.89928356267,0.08079095794224071,1.679031620350163,1.4563930941574454
A_00280,Asset,Mortgage,2182893.2421259396,0.05851434959812091,7.487142725876299,7.048062560344832
A_00281,Asset,Retail Loan,879715.1206271724,0.08945608060262562,1.1466857077341719,1.069583599097969
A_00282,Asset,Corporate Loan,4228643.722397526,0.06756063093190257,2.514175382375133,2.4479375616380605
A_00283,Asset,Retail Loan,604002.116018753,0.06228347424357259,2.0789984460679585,1.8840588815169261
A_00284,Asset,Government Bond (HQLA),244750.52630912274,0.029043980565668707,0.3320088366190509,0.32761802091864783
A_00285,Asset,Corporate Loan,2560812.3030075426,0.05445029602886267,0.6039321476259802,0.6023172479149885
A_00286,Asset,Government Bond (HQLA),74452.9056253276,0.032782398756310005,1.908442392304154,1.8580283271069897
A_00287,Asset,Corporate Loan,2602200.341467289,0.07000592772638313,1.7221164506423006,1.4257923051475776
A_00288,Asset,Retail Loan,1574253.210876395,0.06807413808491794,3.818723050946587,3.5693088320358517
A_00289,Asset,Government Bond (HQLA),514808.543157621,0.028875004386091425,1.37794402462774,1.3416055060914598
A_00290,Asset,Retail Loan,3478498.4635195145,0.09778456877896094,4.35246115859244,4.076731027837063
A_00291,Asset,Corporate Loan,3108343.8389960085,0.06711829239916489,2.6722624611967953,2.154050408744237
A_00292,Asset,Government Bond (HQLA),3463157.4176062276,0.024313503047954342,1.3853754329767685,1.2908610951025485
A_00293,Asset,Corporate Loan,3273603.2363553857,0.06973535913809109,0.7664825757699768,0.7663927019736954
A_00294,Asset,Retail Loan,4887012.211895521,0.09483013801349037,2.6276318428914824,2.513269676578703
A_00295,Asset,Corporate Loan,3705323.585794066,0.06212420964953099,2.69628890325337,2.3333862995064614
A_00296,Asset,Mortgage,4048837.41260923,0.06393440946575904,12.622851347766158,11.197941764703103
A_00297,Asset,Mortgage,645034.8240845118,0.04017275981494365,10.444890979608495,9.03396550505361
A_00298,Asset,Corporate Loan,2011054.823465814,0.061656743038110376,2.2386680167246555,1.9918296258344008
A_00299,Asset,Retail Loan,1897596.3685652334,0.06292783695073774,1.909078509052606,1.7576689554305673
A_00300,Asset,Mortgage,3116477.2127475915,0.0513935734053769,9.634940438005724,9.371586008754708
A_00301,Asset,Corporate Loan,2421950.2942671683,0.06023743482878469,0.5641051645160893,0.49417819402956986
A_00302,Asset,Corporate Loan,2921853.227675295,0.06823715278380334,1.8340063668171962,1.7477652477617902
A_00303,Asset,Mortgage,3604709.2273211475,0.04054697748029085,14.555236959549347,12.214108562256934
A_00304,Asset,Retail Loan,3254999.8350652847,0.06973929186305197,4.592122195799948,4.525108938526442
A_00305,Asset,Retail Loan,4675458.332687296,0.06405683313796866,2.4064907489585377,2.1590417778992506
A_00306,Asset,Retail Loan,1460120.864711518,0.09212103591330653,2.2291598597051463,2.023703222938489
A_00307,Asset,Corporate Loan,3071152.227389046,0.05817872002200601,2.290376685557984,2.0217379925398102
A_00308,Asset,Retail Loan,946689.2801966675,0.06725753390782507,3.7244714158599312,3.3707683349127944
A_00309,Asset,Mortgage,579040.769318982,0.04769688351104091,10.673122196289036,10.59398499813152
A_00310,Asset,Corporate Loan,4039663.121387033,0.05130237598564458,1.8755663553906543,1.7379565678992155
A_00311,Asset,Government Bond (HQLA),3027978.5097243395,0.03768412926696815,1.6564588329109013,1.400728016899344
A_00312,Asset,Retail Loan,3074355.894812409,0.09359445211466882,2.644113879226819,2.591243829821806
A_00313,Asset,Corporate Loan,1222509.2669236863,0.058244181066444085,2.4513137881096547,2.3643481947415252
A_00314,Asset,Corporate Loan,3354372.001492779,0.06871577974029719,0.7388382845866704,0.6578272790273196
A_00315,Asset,Corporate Loan,881670.3283370739,0.07588391232629686,2.342184362360455,1.9752764039831132
A_00316,Asset,Retail Loan,167011.00092936517,0.08428376144355124,3.567886001773064,3.244419610624068
A_00317,Asset,Retail Loan,1984984.6797322975,0.07987067435436677,3.377905340744692,3.3696534694445823
A_00318,Asset,Retail Loan,3490965.542535589,0.0771279845970246,2.6172750724171685,2.4694502067496154
A_00319,Asset,Mortgage,4956717.168825832,0.04312328948152499,6.283942894541252,5.937495068260316
A_00320,Asset,Corporate Loan,1407095.299471039,0.05256974748789292,0.6985484224724665,0.6837658629551522
A_00321,Asset,Retail Loan,1650689.2324718277,0.07419985223327749,1.906625608907952,1.551773542416062
A_00322,Asset,Corporate Loan,384682.18978146376,0.057011362457312996,2.500891269555904,2.270815232182841
A_00323,Asset,Mortgage,3271842.9767836113,0.04973001259346127,10.329577865513354,8.951616130470596
A_00324,Asset,Mortgage,4970989.838044779,0.05673350252110075,11.618391898493787,10.992510312553831
A_00325,Asset,Corporate Loan,347704.59587388684,0.07872875853516141,1.9057420396947746,1.5914100691424562
A_00326,Asset,Mortgage,1044621.7588623295,0.04290029348940159,10.358276844730813,9.219634843901229
A_00327,Asset,Mortgage,1770479.0449829614,0.06386349882369188,11.64911724487218,11.479454421089958
A_00328,Asset,Retail Loan,2026613.7832560753,0.09969934008633502,1.6096640533216697,1.5861632697497623
A_00329,Asset,Corporate Loan,4218064.807163285,0.06870757064008279,1.8023949431801054,1.4740434396960258
A_00330,Asset,Mortgage,682181.7439944124,0.06346084263011158,13.260676302525283,12.488227845600372
A_00331,Asset,Retail Loan,1550485.3619293766,0.07440545629886076,2.0524502796433715,1.677936699735528
A_00332,Asset,Government Bond (HQLA),2791321.0915262625,0.02793963034148567,0.6804961902502447,0.6052608772169501
A_00333,Asset,Corporate Loan,2602613.167097664,0.06490890448717491,2.7984799330360435,2.7940908054056184
A_00334,Asset,Mortgage,1082127.0460688123,0.043490991936564284,14.305952146439163,13.783640999510457
A_00335,Asset,Corporate Loan,4395972.886203094,0.07417776200352863,2.6701417252686257,2.558012026658033
A_00336,Asset,Corporate Loan,450550.4511036983,0.05520573544959526,1.5074504469129035,1.4154812234400478
A_00337,Asset,Corporate Loan,4879270.494256578,0.07467441690903083,2.10243019336333,1.7376689293582752
A_00338,Asset,Mortgage,4617648.093041302,0.058187588132529326,9.870619188189359,9.406324609773165
A_00339,Asset,Retail Loan,2537702.07849404,0.06585495968648997,2.5946521110892524,2.26644648181074
A_00340,Asset,Retail Loan,177768.93939996057,0.09852460446356695,1.540665156619291,1.4018603269927574
A_00341,Asset,Government Bond (HQLA),2190864.497734153,0.030122837256804882,0.6924506528619931,0.6148285534364616
A_00342,Asset,Retail Loan,3222090.2577165207,0.08478351819591319,1.8641527300383984,1.733737012324312
A_00343,Asset,Retail Loan,353680.65419780737,0.0783920169507728,4.123046344273759,3.3463994803045956
A_00344,Asset,Government Bond (HQLA),336013.77693201485,0.03967357850526827,1.420566934831251,1.2044078173687283
A_00345,Asset,Retail Loan,650855.450141023,0.06404183244042587,2.213100590270382,2.0768450069894304
A_00346,Asset,Retail Loan,2571639.534341459,0.09255881078024075,4.986787415411907,4.6030236427869635
A_00347,Asset,Corporate Loan,3138284.3896436105,0.06278250151671115,1.8176036597791292,1.5015988596501226
A_00348,Asset,Mortgage,2276434.0116655463,0.05103278052631869,6.946225118207651,6.132307792408831
A_00349,Asset,Mortgage,3681391.1837789402,0.04033093793285942,12.693048936413398,11.210891761926678
A_00350,Asset,Corporate Loan,145001.7702741306,0.07280869469366405,1.1495330218625854,0.9511488443607375
A_00351,Asset,Corporate Loan,1115249.2664853258,0.05723604372798625,0.5303019366097332,0.5277430977108694
A_00352,Asset,Mortgage,4799904.389389115,0.043292085960325105,9.878540439263624,8.98544034559187
A_00353,Asset,Corporate Loan,4229567.559561099,0.06464723411065335,0.7452064519606114,0.6185286081760955
A_00354,Asset,Corporate Loan,3699917.5330696083,0.06127664855437308,1.6900453234219164,1.485372816697167
A_00355,Asset,Corporate Loan,3935831.8919934314,0.07866004059511786,2.730211722350586,2.6138519477827846
A_00356,Asset,Corporate Loan,3456266.7951283837,0.05764011866138154,1.5940078101384798,1.543277421096464
A_00357,Asset,Retail Loan,4513721.861070346,0.08548805907233122,2.8459098584989366,2.652020252288225
A_00358,Asset,Mortgage,3201514.9267276763,0.0419995612168207,11.139335847600618,10.066412890588083
A_00359,Asset,Retail Loan,3700297.155171354,0.08720911116833413,3.048887683250698,2.4645213452749464
A_00360,Asset,Retail Loan,3595800.770910277,0.06285026911061034,1.2883373439946935,1.033789835360543
A_00361,Asset,Government Bond (HQLA),3700666.3793220846,0.025930711625753104,0.7711776761539219,0.6708788057349226
A_00362,Asset,Mortgage,3323784.524798551,0.04522328006002253,6.851955678674679,5.616405069101863
A_00363,Asset,Mortgage,3833644.677997593,0.040628348830927384,7.65046428325004,6.246101708024733
A_00364,Asset,Government Bond (HQLA),1512451.6485132303,0.03249327137708528,1.561523980892454,1.368500766028247
A_00365,Asset,Retail Loan,650862.7698890618,0.09098535122551152,3.4600518721554665,3.2136299213151447
A_00366,Asset,Corporate Loan,257658.5559865995,0.07396142574963724,2.9212219439859597,2.508057187047472
A_00367,Asset,Government Bond (HQLA),3029313.868699794,0.03496146358859065,1.2066030505937684,1.1611792210128982
A_00368,Asset,Mortgage,684073.9445126901,0.06784250920978149,8.382675059944983,7.082715985451535
A_00369,Asset,Corporate Loan,2188780.57057377,0.06838818747483577,1.5985124742361305,1.5803136775460251
A_00370,Asset,Retail Loan,651431.8126895444,0.09547699600837078,1.7898819594397493,1.6630905921083348
A_00371,Asset,Retail Loan,4088937.3478946555,0.09386057354761113,4.445479985453744,4.3733978910424005
A_00372,Asset,Retail Loan,3787457.5472940775,0.09367994211560246,2.84215798909656,2.6878235108926964
A_00373,Asset,Mortgage,3298001.096521304,0.056350807566908155,6.774287694697069,6.753517375717944
A_00374,Asset,Government Bond (HQLA),263709.99219520774,0.02263457546909124,0.4131481498859305,0.3905059712417003
A_00375,Asset,Mortgage,1106881.263237826,0.065221090840336,10.05852692951829,9.52100235801942
A_00376,Asset,Corporate Loan,2972221.067770926,0.05892645353956462,1.7709013672907,1.6168407377732295
A_00377,Asset,Mortgage,4372948.433510998,0.06283364611129474,11.36291353979248,9.454106861466391
A_00378,Asset,Corporate Loan,96191.51814411182,0.07179385145339015,1.1166971613040575,1.1148680004882359
A_00379,Asset,Retail Loan,2037396.8635133768,0.06816142538515596,4.200283874796638,3.8265299721766506
A_00380,Asset,Mortgage,3099127.9787878864,0.050661537060572186,6.880247346154161,6.582734145951947
A_00381,Asset,Corporate Loan,75886.58703741804,0.05105934064820718,2.4024769000702344,2.2803031573789436
A_00382,Asset,Retail Loan,4792463.726590932,0.07307726465352317,2.471763005208338,2.051013599112537
A_00383,Asset,Corporate Loan,4389421.271049593,0.061049285915205455,2.990835844068118,2.6610128262722665
A_00384,Asset,Mortgage,4436669.113302119,0.05174577094533488,10.930443341867841,9.64638260409689
A_00385,Asset,Mortgage,65930.40484117948,0.050664790313240726,11.195893374598407,10.735064427552494
A_00386,Asset,Retail Loan,2961601.221394533,0.0856930210362091,2.923891559544495,2.3770382231385705
A_00387,Asset,Corporate Loan,2829348.7103996426,0.06810462999789364,1.9016502360404273,1.7786012713324004
A_00388,Asset,Mortgage,1385612.564634661,0.05494767046790361,13.250494101800621,10.804607336073369
A_00389,Asset,Retail Loan,1704479.677545501,0.08830723738963664,4.13958790844587,3.964578521192168
A_00390,Asset,Corporate Loan,2228985.0398796783,0.05984578260827935,0.8686313167657098,0.7703056161208542
A_00391,Asset,Retail Loan,1142029.1659204958,0.0894265245695676,3.3929011762549552,3.3917798301472337
A_00392,Asset,Government Bond (HQLA),3230697.737699198,0.03272354729416466,0.9003713012587368,0.8617726749483756
A_00393,Asset,Retail Loan,2079029.203996627,0.07535331807732176,4.359209142542468,3.98594948065399
A_00394,Asset,Corporate Loan,963157.4530115149,0.060035338662257964,1.4055886041307208,1.1318352423002576
A_00395,Asset,Retail Loan,4166900.3661950785,0.08072315064955263,2.0922832398912496,1.7988302941023377
A_00396,Asset,Government Bond (HQLA),1333518.9563855801,0.03745460500969204,0.9163479442039766,0.8873791739803802
A_00397,Asset,Retail Loan,4023084.3834887664,0.07931875488341421,2.8327475469515706,2.341821050446942
A_00398,Asset,Retail Loan,3653299.5695201377,0.07747402810460718,2.985844609421199,2.8243153299469927
A_00399,Asset,Mortgage,836595.4299633001,0.04406062246833057,11.102251494776413,10.550192230221876
A_00400,Asset,Mortgage,4785242.374363117,0.04171164163453763,5.689580163564212,4.872769327369099
A_00401,Asset,Retail Loan,1272545.055406399,0.06998184799398025,4.625018322084147,3.9515691508734543
A_00402,Asset,Mortgage,2276212.220130173,0.041960984726931556,12.767105569551813,11.458659036101547
A_00403,Asset,Retail Loan,360133.3571040049,0.06556981484470381,4.625749813377643,4.193168825036711
A_00404,Asset,Corporate Loan,1769349.4649812712,0.05065470190326469,2.7495833642181813,2.5646957070641463
A_00405,Asset,Government Bond (HQLA),2822832.508136118,0.021045157585720474,1.8799626778628744,1.661433304209848
A_00406,Asset,Retail Loan,3667563.7766546123,0.07026120249776992,4.925188361988987,4.584537316368968
A_00407,Asset,Retail Loan,2848384.760129469,0.0988802131852615,2.855729946753345,2.6321418686137634
A_00408,Asset,Corporate Loan,614774.1351952702,0.05675950789853706,0.8781170718373363,0.746569279426856
A_00409,Asset,Mortgage,2828052.8019984984,0.04344306615607653,10.233909113743664,9.947645580367224
A_00410,Asset,Mortgage,384958.39140500786,0.05630614652027939,12.078350972297686,9.860102259690542
A_00411,Asset,Corporate Loan,2449246.6212937324,0.07837094441000847,0.9144363504081894,0.8869987556532758
A_00412,Asset,Mortgage,2338363.0269530057,0.05952920401452863,9.117655415845086,8.288736300290545
A_00413,Asset,Retail Loan,2586888.1114131417,0.07836959510387832,4.225614468931358,3.424401268318981
A_00414,Asset,Mortgage,1046750.7215730732,0.044941190602968875,7.586208348880388,6.569982735515157
A_00415,Asset,Mortgage,2620960.00454449,0.06633490234456123,7.048812741507126,6.879051750481863
A_00416,Asset,Mortgage,1232041.2463386194,0.06954968968422626,9.51239344180988,9.078652036777216
A_00417,Asset,Retail Loan,372762.72673943563,0.09636880823446241,2.855725507249331,2.592257298842393
A_00418,Asset,Corporate Loan,572094.8147853215,0.07466309481800676,2.1419502618107353,1.8765283563843616
A_00419,Asset,Mortgage,4824159.436809017,0.05569988893584224,7.037664591276891,6.034287801106187
A_00420,Asset,Mortgage,2909087.1611117297,0.06393742478847683,11.345824175503036,9.975181612706239
A_00421,Asset,Government Bond (HQLA),2688492.8928683926,0.03391798236337605,0.4001141633871612,0.38357035102532333
A_00422,Asset,Corporate Loan,4293037.322143828,0.05830713462133427,2.765358136914416,2.7562443310121503
A_00423,Asset,Retail Loan,1049977.5585923253,0.09575958840031482,1.7368993569521045,1.616807548240039
A_00424,Asset,Retail Loan,2229600.9209233276,0.06333856339957533,3.461192100279208,3.379796192921076
A_00425,Asset,Mortgage,2550773.5292043593,0.052532829378252995,14.671266152591704,14.624641804892642
A_00426,Asset,Mortgage,3191622.80260701,0.06645783274913933,6.65954895295785,5.897016863084683
A_00427,Asset,Retail Loan,112407.22388000725,0.08109598488490705,3.2390227345535303,3.057218735050252
A_00428,Asset,Mortgage,443062.5939829961,0.04562235832292747,12.314964903403624,11.965655980830263
A_00429,Asset,Mortgage,2726929.0871784445,0.04943050339551246,12.102427986233115,10.822397502238323
A_00430,Asset,Mortgage,2323362.726007409,0.054826373417509,8.577982653254418,8.283327666599014
A_00431,Asset,Corporate Loan,910119.8860219318,0.07477934638124245,2.280035050826952,1.8699194363536615
A_00432,Asset,Retail Loan,752761.3493169198,0.0780140391562165,2.3917656463286665,2.2716159386259274
A_00433,Asset,Mortgage,3123596.4090182343,0.0652434265925428,8.523749466096543,7.622426321174887
A_00434,Asset,Government Bond (HQLA),3189003.5845638975,0.03352355124150868,0.3399030089725552,0.29402317379290305
A_00435,Asset,Mortgage,394723.68340390845,0.0656721177671736,6.748814371759594,5.70569002928973
A_00436,Asset,Mortgage,1432416.6378493316,0.060824517205294935,11.428819100587077,10.314862967419849
A_00437,Asset,Corporate Loan,1102589.6630369257,0.05911839203722172,0.5829733864060656,0.5425340138989441
A_00438,Asset,Government Bond (HQLA),4362462.187202107,0.03576894686506597,1.555523075417075,1.4512983327658415
A_00439,Asset,Retail Loan,4540615.401993858,0.0824176252392176,3.682929247623336,3.028096670567573
A_00440,Asset,Corporate Loan,2328773.4424495352,0.06639944660563366,2.6614090238066748,2.3316075097835123
A_00441,Asset,Government Bond (HQLA),598066.9369652626,0.020840493503428106,0.9028420137926947,0.8558769163155014
A_00442,Asset,Government Bond (HQLA),1436184.7812749227,0.025844364609237957,1.7308491859183297,1.6999605073026791
A_00443,Asset,Mortgage,4034288.545365121,0.06888431071222079,5.1800655560045445,4.896893120117862
A_00444,Asset,Corporate Loan,4155503.591051292,0.07618261518698384,1.2038029960373249,0.9901473190844483
A_00445,Asset,Mortgage,2726457.459392306,0.04725681484776517,5.965344701954408,4.787074631981473
A_00446,Asset,Corporate Loan,1541263.0407620019,0.05891713423125852,1.995893710744397,1.7164363022732851
A_00447,Asset,Mortgage,288307.03809284954,0.06556791623173545,14.028949951919872,13.09687965726409
A_00448,Asset,Corporate Loan,4466897.365791279,0.05236907486572486,0.9633254488217862,0.8168056074425266
A_00449,Asset,Mortgage,221617.82029609245,0.06986312548573931,10.828068350834897,10.51556183899098
A_00450,Asset,Corporate Loan,365022.5009688796,0.06796935524531632,2.5784337859642745,2.1220164533195236
A_00451,Asset,Retail Loan,4552652.756211133,0.09317147197267023,3.6768010517523138,3.5878069504070376
A_00452,Asset,Corporate Loan,2611359.4411874544,0.059508397633733584,1.5760685258024756,1.3978454237120406
A_00453,Asset,Mortgage,3029520.9835249013,0.053301400431375635,13.925232899548462,12.83095907454825
A_00454,Asset,Corporate Loan,2978900.953416311,0.057123004051244194,2.2565844327137907,2.036505971030285
A_00455,Asset,Retail Loan,1953331.0718418222,0.0860889703818189,2.9506682744850576,2.921474983743846
A_00456,Asset,Corporate Loan,3730789.885073971,0.06902312094128994,1.7656651487380068,1.4375806273804366
A_00457,Asset,Retail Loan,1841172.8113654365,0.06182594982009535,2.8899734200260543,2.3929119200392885
A_00458,Asset,Retail Loan,4859086.819960201,0.0792816423244833,2.325388028412203,1.9515110774499373
A_00459,Asset,Corporate Loan,1439381.916804073,0.06549717885337937,1.0174814460960668,0.8151055665751854
A_00460,Asset,Retail Loan,1134390.605054196,0.06432103016522765,1.1468854500032846,0.9952352296636835
A_00461,Asset,Mortgage,2881640.784678039,0.04880466469624365,10.126677259564165,9.988455648070259
A_00462,Asset,Corporate Loan,481109.1956390689,0.053415151804298046,2.042666290294503,1.775168167521711
A_00463,Asset,Corporate Loan,4377401.49719162,0.07106776298094993,1.7338664508502966,1.7313755224761829
A_00464,Asset,Retail Loan,1409921.0513216215,0.07687312714155325,2.5783043023905856,2.274590923258541
A_00465,Asset,Government Bond (HQLA),3584461.5901109395,0.02618745435725564,1.255019906772337,1.2107905916589412
A_00466,Asset,Government Bond (HQLA),4114931.498623621,0.03272802740366814,0.10297369986379852,0.08343207977524676
A_00467,Asset,Retail Loan,344647.2667214699,0.08746359653970427,3.415181811797551,2.810344669277709
A_00468,Asset,Corporate Loan,2308370.719329933,0.05363075001455579,1.4226325544022915,1.257307796504954
A_00469,Asset,Mortgage,401487.93943961454,0.05064313875507953,5.801800140819035,5.734180985911944
A_00470,Asset,Mortgage,3409416.285529196,0.057809823736256157,8.61919990837865,6.91282446679166
A_00471,Asset,Corporate Loan,4570770.390502372,0.07621095780399036,2.031433670862048,1.9192875850237785
A_00472,Asset,Retail Loan,4517143.871064916,0.08135869890191055,1.2657753774230995,1.0486030362415792
A_00473,Asset,Retail Loan,2139069.5876318133,0.07944001975190412,2.180162830616625,1.9958082122722587
A_00474,Asset,Retail Loan,658866.3108625408,0.07372669412690633,3.2345695858017014,3.0593681457614412
A_00475,Asset,Mortgage,4235741.596800039,0.05289793232170445,11.924928266692252,11.144958352940156
A_00476,Asset,Retail Loan,1566251.8189521527,0.07785678065606329,4.155940639683173,3.988356772363401
A_00477,Asset,Mortgage,4294933.571423355,0.05292955661539889,14.166352358412073,12.236517827478263
A_00478,Asset,Corporate Loan,1887303.4960162565,0.07116757587931474,2.002685417000582,1.8778800719053093
A_00479,Asset,Corporate Loan,875957.9984088264,0.054277824322457265,1.5763233461555188,1.5416748243052245
A_00480,Asset,Corporate Loan,814575.7487554527,0.06937467158859453,0.5636193997643772,0.5226896201859784
A_00481,Asset,Corporate Loan,404973.84979587246,0.05933652485190181,1.5240722372380802,1.4256539434466673
A_00482,Asset,Corporate Loan,1854738.954577823,0.07964107898466775,1.0447313856374754,0.9306470570687557
A_00483,Asset,Mortgage,745737.1895128859,0.040826101596083963,9.855896996593978,8.881060312980514
A_00484,Asset,Government Bond (HQLA),1951823.2292797111,0.020619115818386873,0.17409242389233204,0.1527830502093222
A_00485,Asset,Retail Loan,165592.87682452027,0.07834092035527562,4.024854455800707,3.452717186498805
A_00486,Asset,Government Bond (HQLA),624887.8529926018,0.026279334347547055,1.9162457750151065,1.8734765767259682
A_00487,Asset,Corporate Loan,4142201.430720363,0.058652163134562375,2.960032908026161,2.9370248595965633
A_00488,Asset,Corporate Loan,1958283.9284477655,0.06624222822042755,1.3509677606362642,1.1224232052682155
A_00489,Asset,Corporate Loan,2731438.82142952,0.07500949885812758,2.404754531512175,2.1356342918155686
A_00490,Asset,Corporate Loan,1333707.7417196177,0.05172942746597075,0.9865595917621799,0.8568167410495356
A_00491,Asset,Retail Loan,4833766.0600387165,0.0738910815612203,3.2308353050001757,2.959747287739978
A_00492,Asset,Retail Loan,2248016.5585509045,0.07955591327169806,3.5049372856842553,3.085591728349573
A_00493,Asset,Government Bond (HQLA),4407558.072637188,0.03138754722364566,1.2844713205029363,1.187021173623203
A_00494,Asset,Retail Loan,2005931.8291583771,0.07902184149947307,1.1578381315635973,1.0520174191874059
A_00495,Asset,Retail Loan,4821942.793469293,0.08888572941823623,4.637818443748968,4.205004823906591
A_00496,Asset,Mortgage,696729.1019261414,0.04374462441900545,12.90509794274885,12.373951631674185
A_00497,Asset,Retail Loan,4391598.376040035,0.06595183877620463,4.776168375301591,4.262898018828645
A_00498,Asset,Government Bond (HQLA),2442866.808067076,0.0317746304426264,1.7407402927776359,1.5232626129821427
A_00499,Asset,Retail Loan,1055954.300876132,0.07546162027292111,4.047192765510789,3.651600282769044
A_00500,Asset,Corporate Loan,2907531.1947039994,0.07942218030750288,2.6639428640613807,2.3483105000359696
A_00501,Asset,Mortgage,3834412.583540852,0.068681414308358,10.735289514555733,9.018662004542128
A_00502,Asset,Retail Loan,4277111.736429339,0.09387875416828242,2.756599266534993,2.697657774146248
A_00503,Asset,Retail Loan,4423150.576781,0.0804172995601693,2.7932762214776887,2.584670169540683
A_00504,Asset,Government Bond (HQLA),144624.66742733197,0.03375444084861121,1.0060025898038525,0.9502110860658182
A_00505,Asset,Mortgage,715453.8905702032,0.05076146576251041,7.993955883716812,7.68129181685551
A_00506,Asset,Retail Loan,1092989.5711426558,0.06035453140453875,4.829792076152385,4.8276871133603905
A_00507,Asset,Mortgage,4150923.0322731296,0.0404294583300118,7.946193963461932,7.529606033612784
A_00508,Asset,Mortgage,3715356.85316992,0.06260283766770908,6.4285028730083855,6.131406761186822
A_00509,Asset,Mortgage,3842273.8673381517,0.05840812342712376,13.459214396777321,11.005881485798465
A_00510,Asset,Corporate Loan,434364.20662444504,0.06221319467376883,1.518857577581077,1.2351379724583322
A_00511,Asset,Corporate Loan,599440.5890170084,0.07843064077893412,2.5205880250230552,2.0529264283278517
A_00512,Asset,Government Bond (HQLA),2636754.1667168885,0.02153724150552327,0.6691747881123603,0.6023408581918737
A_00513,Asset,Mortgage,3550078.062470156,0.04218705506103711,5.502260114639737,4.845150810568498
A_00514,Asset,Retail Loan,1200302.3991274368,0.0921393097318754,2.1240179956348544,2.093953818100445
A_00515,Asset,Corporate Loan,4535249.460555861,0.06429310959031376,1.303739253119705,1.1019279778549693
A_00516,Asset,Corporate Loan,4895956.520115304,0.06073442252340647,2.0087327401084467,1.8672446147616795
A_00517,Asset,Retail Loan,4448862.447313723,0.07797398968158568,3.0123358031193455,2.7628329381045718
A_00518,Asset,Corporate Loan,405290.2408212395,0.057257950409465894,2.206543053058506,2.0803078867408544
A_00519,Asset,Mortgage,4029594.6123849754,0.05560509676932254,10.525009674078891,8.720761914321239
A_00520,Asset,Mortgage,1393476.433211236,0.0485282227878255,9.966954228179466,8.2403356162336
A_00521,Asset,Corporate Loan,318943.57237337396,0.059527603857833504,2.3716130853155,1.8973543561907877
A_00522,Asset,Corporate Loan,281916.9472116355,0.07120929462367148,1.1904238945522487,0.9672645603456207
A_00523,Asset,Mortgage,68908.61715998639,0.06222712168456215,7.468238692019023,6.44698714748303
A_00524,Asset,Retail Loan,1833157.898062118,0.0937084760864222,2.081573145538102,1.7957098385215857
A_00525,Asset,Mortgage,4464767.116813137,0.06729829431563177,9.338174195765294,8.175231699635328
A_00526,Asset,Government Bond (HQLA),491983.146401586,0.029876280809138574,1.4053366063561612,1.2332246964283409
A_00527,Asset,Corporate Loan,3534092.6035899394,0.055008592662415964,0.5109081741257727,0.4815867504600528
A_00528,Asset,Mortgage,4831935.150386952,0.06852318123194015,12.61037790250783,11.860162565240524
A_00529,Asset,Retail Loan,571556.3651417396,0.08576596885903665,4.127295453379743,3.3416119446772647
A_00530,Asset,Corporate Loan,4786159.086647216,0.06298187408059114,1.7510028642755031,1.5610889553427407
A_00531,Asset,Retail Loan,1875100.4957807362,0.062094200807498896,2.4792530239487065,2.3640012919766025
A_00532,Asset,Corporate Loan,4119790.4397412953,0.05635982164095975,2.6258700027997386,2.4459209602530896
A_00533,Asset,Corporate Loan,4406775.852711352,0.07033439600930133,1.0393516979411352,0.9578149983910473
A_00534,Asset,Retail Loan,726174.4730733044,0.08954389832529323,3.6065590419091063,3.112912963631978
A_00535,Asset,Corporate Loan,2005897.9926769412,0.0559764582468216,2.2830172082065445,2.23288900056964
A_00536,Asset,Retail Loan,1870540.6393929569,0.06446048849285105,1.2323678083213991,1.113040567145539
A_00537,Asset,Retail Loan,4185627.117423862,0.07516376194687745,1.0587735546198154,0.9184533524334278
A_00538,Asset,Retail Loan,665623.5750525256,0.07971458337789787,2.654570699674541,2.3382997031879533
A_00539,Asset,Corporate Loan,2995901.7907831236,0.06392285478360513,0.5248095528195891,0.520978363406117
A_00540,Asset,Corporate Loan,3403834.223921818,0.07321974134458288,1.279659644792208,1.2215430016237376
A_00541,Asset,Corporate Loan,4881268.425232108,0.05050842994668743,0.8138755369066335,0.7764630151446786
A_00542,Asset,Mortgage,645025.7841468524,0.04052657090099887,7.655828329586061,6.5737667380139255
A_00543,Asset,Mortgage,2613904.612177266,0.05115217884718991,8.480955931682882,6.787060753354482
A_00544,Asset,Retail Loan,3249970.771107756,0.09388243307935598,4.896777775265429,3.9405300799092235
A_00545,Asset,Mortgage,3926832.145828198,0.053739872770107146,12.803761235709803,11.262201936875481
A_00546,Asset,Corporate Loan,375189.5518241106,0.05739810904934074,1.0705884087342477,0.9601201869405546
A_00547,Asset,Mortgage,2395358.6505698357,0.06873369402964613,5.578444494471606,5.514542653108293
A_00548,Asset,Mortgage,4957073.112742892,0.06888305050759619,10.444823328002629,8.513794920791788
A_00549,Asset,Corporate Loan,1165637.2766334908,0.054224088466780285,0.9895827103356751,0.9148521239426954
A_00550,Asset,Mortgage,2912577.077130785,0.06433371309800413,6.469627095882097,5.998579637749722
A_00551,Asset,Corporate Loan,3386944.9629035117,0.06035576625482632,1.149762448107082,1.130788112306271
A_00552,Asset,Retail Loan,2376441.927381786,0.0883088540107011,4.5605645495840585,3.7051880052905477
A_00553,Asset,Retail Loan,88815.87432098825,0.07790693701641674,3.5236871609166536,2.9135782423649923
A_00554,Asset,Government Bond (HQLA),2671815.6335308184,0.03001207142309415,0.5595972588144894,0.5237405420982231
A_00555,Asset,Retail Loan,1409783.8844870653,0.07838659481610645,4.227861963535974,3.8444601126160873
A_00556,Asset,Corporate Loan,267304.7160828753,0.06336624916225674,0.9143744495503898,0.7697543285975751
A_00557,Asset,Retail Loan,4226065.837056527,0.09172571495986959,4.924770116656463,4.780754987017774
A_00558,Asset,Retail Loan,4805103.528790339,0.0980571924144733,1.7877028178137135,1.7858505052586466
A_00559,Asset,Mortgage,4906661.472369518,0.04778625349528271,10.695397795671036,9.491087202989908
A_00560,Asset,Corporate Loan,411753.7320337242,0.07943533510286883,2.0558581615431155,1.7228534019104238
A_00561,Asset,Mortgage,4544099.029209116,0.06880406813216342,14.437015928202207,13.055276964589059
A_00562,Asset,Government Bond (HQLA),3798685.5253154724,0.0295380021293594,0.40717572885022757,0.38423798705776935
A_00563,Asset,Retail Loan,3221045.1585669923,0.06650798975234264,3.666401916186477,3.3474875074263055
A_00564,Asset,Mortgage,2519533.5394529123,0.040271154072378766,5.121031167761075,4.462496613864005
A_00565,Asset,Government Bond (HQLA),1181950.0590378635,0.024441517413866413,1.3052910088562055,1.12820739614926
A_00566,Asset,Mortgage,3657864.139236237,0.05286106062959301,5.953992773132106,4.79792953089326
A_00567,Asset,Corporate Loan,3329048.357920287,0.05866654816727497,0.796256558995379,0.7003612516892394
A_00568,Asset,Government Bond (HQLA),4966612.326343671,0.03522015846990784,0.18533146809167012,0.16204360786360644
A_00569,Asset,Corporate Loan,3783611.6180677623,0.07852785783507646,2.7960660803635218,2.5595874416975026
A_00570,Asset,Corporate Loan,3948367.9750009575,0.06692222086500553,1.1275034581557506,0.9828624576024932
A_00571,Asset,Mortgage,1239974.6188228591,0.06754717260026312,6.915929457348257,5.673556983834055
A_00572,Asset,Corporate Loan,1143221.2756668942,0.051080564548742796,0.5973249083141686,0.4987927924428868
A_00573,Asset,Mortgage,1448269.782686282,0.05744866878967581,14.504591705752958,12.870255475709184
A_00574,Asset,Corporate Loan,2607657.0068700253,0.05847488197918557,2.396940634393313,2.086800673437698
A_00575,Asset,Mortgage,4734959.740094507,0.05258343981871941,13.925582274864745,13.313874623209504
A_00576,Asset,Corporate Loan,2512822.2681232058,0.0677339090977555,1.0117002726432098,0.847022965815718
A_00577,Asset,Corporate Loan,4282399.498018679,0.05213474855520299,1.017689523027138,0.8281972792239882
A_00578,Asset,Government Bond (HQLA),2559256.167911081,0.03621757162015837,0.8778829364523347,0.849057813153284
A_00579,Asset,Corporate Loan,3483409.3844952863,0.06963952060597864,2.4278070396297164,2.015854349658348
A_00580,Asset,Mortgage,2718518.036043243,0.05275684556313082,7.824724263700037,6.318576095491629
A_00581,Asset,Retail Loan,3839456.415053511,0.07666263313929168,1.0000465390214646,0.904544130856796
A_00582,Asset,Retail Loan,4866736.906713048,0.07216794878545124,1.9045013249986877,1.639372843461576
A_00583,Asset,Retail Loan,57295.41932724151,0.09867381999197142,3.9173791763519854,3.309631865244046
A_00584,Asset,Mortgage,3722386.8184456397,0.05267887591040828,13.484253790905248,11.604362475277062
A_00585,Asset,Corporate Loan,3577475.5988376387,0.05544841903269808,2.54194866626409,2.22214153320113
A_00586,Asset,Government Bond (HQLA),4043132.922488959,0.03508496519364161,1.9712309652487041,1.7320004833296492
A_00587,Asset,Corporate Loan,3322020.5585242356,0.06633490877311596,0.6961395407928099,0.6556688877957876
A_00588,Asset,Retail Loan,3914127.001256508,0.09808887142790379,3.3350911220564465,2.6963693436705647
A_00589,Asset,Retail Loan,3027691.702534129,0.08857696656284969,2.186239648823723,2.0808652075221974
A_00590,Asset,Retail Loan,2593579.5978235,0.07477123080862164,3.0355622223642236,2.994840071715545
A_00591,Asset,Mortgage,3501186.440452702,0.05385148431439358,12.143266357349976,11.951389442547121
A_00592,Asset,Mortgage,3658456.2551962915,0.04822214768026573,13.616909037873452,13.091489447312203
A_00593,Asset,Retail Loan,1759442.6636121948,0.09914101873556563,2.342441817079371,2.2752311758219395
A_00594,Asset,Mortgage,3648930.9699961813,0.06841272001325557,10.62072794402571,9.550708196061578
A_00595,Asset,Corporate Loan,857024.9178113755,0.07203331796226775,2.465514130652645,2.161937860255875
A_00596,Asset,Retail Loan,4203036.772204153,0.08814799118516203,1.0456719338162945,1.0394516726982865
A_00597,Asset,Corporate Loan,1213118.3547299663,0.07451384426046756,2.2621775251084544,2.0569664961006064
A_00598,Asset,Government Bond (HQLA),305760.1722069074,0.034369078946451,1.0591116367786035,1.0300158216929374
A_00599,Asset,Retail Loan,4010017.234730223,0.07586214727959853,3.210828302874181,2.653245510634472
A_00600,Asset,Mortgage,828502.380489591,0.04870136595887311,8.097878592090993,7.889623884137148
A_00601,Asset,Mortgage,3993572.916097293,0.05874622298820997,7.50467898792499,6.861897203565873
A_00602,Asset,Mortgage,4535130.94938224,0.06022059757176378,5.121567714773868,4.150350282867316
A_00603,Asset,Corporate Loan,1473782.0087662071,0.0605887551035707,1.2669414988053531,1.1709814363633548
A_00604,Asset,Corporate Loan,3676860.300421888,0.05205059600929876,1.5113184639346742,1.445956915395092
A_00605,Asset,Retail Loan,2192196.05401635,0.07329824628594848,3.741775532887606,3.035766591046519
A_00606,Asset,Corporate Loan,4725020.484336802,0.07014437446001622,2.104335993246395,1.9495756133545228
A_00607,Asset,Retail Loan,2120752.6273062867,0.06405491590212636,4.0037591934532735,3.4254984761017586
A_00608,Asset,Retail Loan,2188493.6915928046,0.06270010186735288,4.92147496376874,4.447734762520202
A_00609,Asset,Retail Loan,4854848.899778234,0.07614404009446366,1.4532140189098568,1.3770321759888327
A_00610,Asset,Mortgage,2142506.7526249643,0.05192837135658612,8.465241679527182,7.219625831181787
A_00611,Asset,Retail Loan,2441046.5029165056,0.07149846659589,2.0741350242704293,1.9317481701472539
A_00612,Asset,Government Bond (HQLA),3038004.142768907,0.02151167227708134,0.24626098742343594,0.24386847430335173
A_00613,Asset,Retail Loan,505731.5811082534,0.08494595113161064,3.3961783486015262,3.1574302846913844
A_00614,Asset,Retail Loan,124797.88686165142,0.0700357218276441,4.860061477817887,4.545155046365591
A_00615,Asset,Mortgage,3069536.7145434543,0.048132887612921976,8.129073942136483,7.474957086301187
A_00616,Asset,Mortgage,4736331.958170808,0.0446448583779316,6.0590580440375765,5.992088800884778
A_00617,Asset,Mortgage,4420819.432907376,0.05762757613328206,7.026326341353432,6.606348193327017
A_00618,Asset,Mortgage,2070350.8697901557,0.0574877817041279,5.153948916913085,4.384053614275224
A_00619,Asset,Corporate Loan,4790026.024664896,0.0751940481999328,1.4975882941060867,1.2545418761116194
A_00620,Asset,Mortgage,4886184.424472771,0.04024959826681576,6.018931008729368,5.337085790069078
A_00621,Asset,Retail Loan,3754502.5308973454,0.07736083890835035,4.658194655394236,3.967581562070737
A_00622,Asset,Corporate Loan,3631066.698357505,0.06768361968454092,0.5226354039509274,0.482213912654914
A_00623,Asset,Corporate Loan,1248009.295905342,0.052741744589953295,2.2851318084453167,1.919177243624231
A_00624,Asset,Mortgage,3706679.5960965035,0.047451287811094006,5.137455540113453,4.330265186868657
A_00625,Asset,Retail Loan,1275420.8628854377,0.0783576206638728,1.250105182971383,1.1832829292904696
A_00626,Asset,Corporate Loan,3380714.759560495,0.07854472130530361,0.7028729463405978,0.6801690022196338
A_00627,Asset,Mortgage,4123769.834956749,0.05632761898341093,14.327105081327613,12.035576368240053
A_00628,Asset,Corporate Loan,3727263.393656298,0.0656434707250064,2.3447934833850637,1.907939098502903
A_00629,Asset,Corporate Loan,4607794.711893619,0.06614995829767141,1.961122274393565,1.6743487426356343
A_00630,Asset,Corporate Loan,4481963.1413081875,0.07362161080256999,2.1661576188170892,1.9297628550042065
A_00631,Asset,Corporate Loan,1279498.8632788772,0.06282804001110012,2.2636520757087157,2.0112754752081687
A_00632,Asset,Corporate Loan,4684589.076271187,0.07474229712041022,0.6600158665215523,0.566608191612236
A_00633,Asset,Corporate Loan,158470.9774362943,0.06507893727890392,1.2526151945857826,1.0161655572801518
A_00634,Asset,Corporate Loan,4639197.612849215,0.07293322184226514,0.763483045269513,0.6733418168936648
A_00635,Asset,Mortgage,1338171.1600268853,0.04481387842813679,6.594922625413583,5.368915885777146
A_00636,Asset,Retail Loan,3337885.955695393,0.09256502742364647,4.526762447374033,4.241698010968694
A_00637,Asset,Retail Loan,1481477.8591649516,0.06999827785590484,2.239227501289876,2.02202496834029
A_00638,Asset,Corporate Loan,1816585.5770969954,0.07485666793718244,1.38447289684109,1.326129228706694
A_00639,Asset,Corporate Loan,4573252.797172634,0.059802276260901226,2.882037542506265,2.5099232356895014
A_00640,Asset,Corporate Loan,4708548.022041684,0.0530770388775077,2.6907985828557788,2.363990731772348
A_00641,Asset,Corporate Loan,2540505.739130123,0.07576450313504464,0.9846576698422317,0.9210371226751537
A_00642,Asset,Mortgage,4300883.182779888,0.053176318037491524,12.483558536657398,11.511206060446174
A_00643,Asset,Retail Loan,3384544.816500793,0.08775798362040628,1.717013022957123,1.452455024778012
A_00644,Asset,Retail Loan,868158.2262076393,0.08874958471414121,1.007968540876281,0.9540222760521512
A_00645,Asset,Corporate Loan,848745.8652241493,0.050573868993118616,0.7088858437767244,0.5906079822778684
A_00646,Asset,Mortgage,1245607.3664233247,0.04316036453444,8.542713272172158,7.214084391595669
A_00647,Asset,Corporate Loan,3058375.78132348,0.05173196477675352,1.1133807854155275,0.9777783249228921
A_00648,Asset,Retail Loan,1136791.9199875195,0.08465201943702896,4.839451210853821,4.410558179904575
A_00649,Asset,Corporate Loan,2173274.450479214,0.07089289421108322,1.8522625095952021,1.7419217857194076
A_00650,Asset,Retail Loan,2525558.1227793037,0.09482107865077538,2.647832380136408,2.45264419711569
A_00651,Asset,Corporate Loan,621203.478785641,0.053516117170407,2.0140947233085287,1.747108975549207
A_00652,Asset,Retail Loan,3475764.5527706263,0.07567437492752105,1.8250084553446104,1.7869295727543233
A_00653,Asset,Retail Loan,2563635.0665959567,0.06072496164182919,2.677086644664088,2.566125747390245
A_00654,Asset,Retail Loan,2397562.3538359203,0.08513705826458348,3.2427131797557998,3.0407775158753116
A_00655,Asset,Retail Loan,99394.9444593244,0.08142626397390315,3.893774649419648,3.7661505028715916
A_00656,Asset,Mortgage,4224464.530550022,0.050008851875105974,9.850946599795401,9.440276796707844
A_00657,Asset,Corporate Loan,958038.8721970008,0.07647679630317042,2.637435048903686,2.355920378020912
A_00658,Asset,Retail Loan,1969739.1450888095,0.09607096114184915,4.214150637850413,3.542813467796614
A_00659,Asset,Retail Loan,4392884.743007551,0.08167043857070252,2.557619755915501,2.5412846539178817
A_00660,Asset,Retail Loan,3259174.136887873,0.07501875713866002,1.2964216902994683,1.245553874512972
A_00661,Asset,Corporate Loan,4986052.651819604,0.05963486457907861,1.8976482123665055,1.6016573427181597
A_00662,Asset,Corporate Loan,1894039.7051097765,0.061087225982803195,0.6717841943099024,0.5998009754380493
A_00663,Asset,Mortgage,3300810.9493719595,0.040250910456305716,12.087656552291541,10.19634299558522
A_00664,Asset,Mortgage,2445747.3724897485,0.06413483927295467,5.053134756683459,4.8235299883649905
A_00665,Asset,Corporate Loan,378993.462592547,0.06751140763194093,2.4162876238314617,2.3109181420928313
A_00666,Asset,Mortgage,4024860.2561912937,0.04420973554580545,10.180080664046248,9.51055197469354
A_00667,Asset,Corporate Loan,3724153.2766354815,0.05584925599700868,0.9247025151268382,0.9044347961145879
A_00668,Asset,Mortgage,4545731.019066598,0.05791465917970906,12.587153211639208,11.716456365655116
A_00669,Asset,Mortgage,2915093.4348341054,0.04469430148010802,11.323913243283874,10.132459150776297
A_00670,Asset,Mortgage,1391166.3566660087,0.04941480424673247,7.022541805245349,5.957223095410815
A_00671,Asset,Retail Loan,2153011.6721970304,0.08028238586954874,4.631354055534136,3.8791484079886223
A_00672,Asset,Retail Loan,3495972.91843273,0.09287323786341437,2.5311950577455513,2.3588261258191383
A_00673,Asset,Mortgage,1396132.8951213213,0.047921859540811566,11.92358922461058,11.778284740237453
A_00674,Asset,Corporate Loan,1656333.4108679434,0.05572779755214931,1.1737796557306817,1.1020948097018874
A_00675,Asset,Retail Loan,2996751.166341071,0.08647875779175475,2.0585401077014294,1.9823493094731466
A_00676,Asset,Mortgage,3816214.0881073694,0.04265154840953556,6.877224056922521,6.463144785104269
A_00677,Asset,Corporate Loan,2190113.820696569,0.05778729347825148,0.5778727319834777,0.46619032068884525
A_00678,Asset,Mortgage,1254813.5819317258,0.04116937961983391,10.573371695730081,9.868862423104602
A_00679,Asset,Corporate Loan,4494699.975440445,0.059758718550852435,2.7202954723350894,2.666412346927621
A_00680,Asset,Government Bond (HQLA),4135807.537413543,0.024980174722181798,1.7052555607349351,1.5608894430962212
A_00681,Asset,Retail Loan,519843.7872672651,0.07306556997703643,4.995570448133162,4.743977446666506
A_00682,Asset,Mortgage,4297215.191485785,0.04724489455770604,14.976282974021565,12.101887459474575
A_00683,Asset,Corporate Loan,693899.3156532873,0.060812804814244587,0.5560647229051379,0.532013617006972
A_00684,Asset,Corporate Loan,1598251.0465912526,0.056960545409264325,2.135855013731799,1.7148273477249945
A_00685,Asset,Mortgage,3137528.270076845,0.04116814050062997,12.6230262450096,12.211817602471477
A_00686,Asset,Corporate Loan,2838806.9860275686,0.07593299740605092,2.061535120286329,1.8912261405589341
A_00687,Asset,Corporate Loan,4953861.82747554,0.06326881416353405,2.39182541767142,2.2518543591497893
A_00688,Asset,Corporate Loan,1182933.53929332,0.07784546294341854,1.9921296922193985,1.9638970389829755
A_00689,Asset,Corporate Loan,2662003.45779739,0.0798689332849665,1.0290897464246531,1.0252034729438226
A_00690,Asset,Corporate Loan,4031849.5954034934,0.06779474657118405,2.28775040320925,1.8546097028917514
A_00691,Asset,Corporate Loan,3390192.195728682,0.06119367855267151,2.1938290347092115,2.1682454721840467
A_00692,Asset,Retail Loan,2526779.258767025,0.08788543223567237,3.763535906203291,3.4990639257549696
A_00693,Asset,Retail Loan,823222.5149987788,0.08397208464557751,3.5437613073068435,2.962128023744663
A_00694,Asset,Mortgage,2303101.3590815994,0.06512101239310453,11.67760591603153,9.738489073158947
A_00695,Asset,Retail Loan,3906557.8026591446,0.08798558278488487,3.4387897006104637,3.327479499589644
A_00696,Asset,Mortgage,4806554.727297682,0.05465486897979716,10.359350788521182,9.120138727033867
A_00697,Asset,Retail Loan,2884405.802766011,0.09685230048851903,2.108050097303915,1.932319164183749
A_00698,Asset,Corporate Loan,1806877.0713411996,0.05095231296118966,0.6299733799442687,0.5573166782776918
A_00699,Asset,Retail Loan,3053892.4299236885,0.09531659266074889,4.52389202255863,4.215403672727121
A_00700,Asset,Retail Loan,4321834.315226417,0.06786614339811835,4.544373741252833,4.305726941060491
A_00701,Asset,Retail Loan,4023069.546147002,0.06120104021317571,4.988951599614411,4.886544254006937
A_00702,Asset,Corporate Loan,4868243.964865865,0.07542163791714121,1.662523793816069,1.3507653597803808
A_00703,Asset,Corporate Loan,381731.86186848936,0.07450921721815511,2.938357833697676,2.851704145721511
A_00704,Asset,Government Bond (HQLA),471262.2562929375,0.021420697780880044,0.8326354257753333,0.7012111013921889
A_00705,Asset,Retail Loan,2372080.6946855146,0.06403912427271044,2.0742486698145703,1.7288825696035057
A_00706,Asset,Retail Loan,4866730.149665876,0.09871045861078248,4.037170027673895,3.584797444556009
A_00707,Asset,Retail Loan,4001551.326185474,0.07197533494821393,2.305015672164587,1.9511985289139153
A_00708,Asset,Retail Loan,1319492.1520329916,0.08695976832582922,2.421278993895551,1.9673205827609102
A_00709,Asset,Retail Loan,4054667.0194437983,0.07370580586090086,1.587687694335083,1.5447118214743083
A_00710,Asset,Retail Loan,459547.33631004,0.07209678045114146,2.9381519803200433,2.681597464623457
A_00711,Asset,Mortgage,728885.0163560787,0.055165262811695925,10.806990845542849,8.957004300730596
A_00712,Asset,Corporate Loan,1404520.0684108196,0.05246816972831186,1.7195857963600312,1.5337274804916374
A_00713,Asset,Corporate Loan,4120786.995367504,0.0625582182475499,0.6424468174934207,0.5728610158891804
A_00714,Asset,Mortgage,2892723.4966965443,0.06331147856955269,11.672123371941812,11.350446593592144
A_00715,Asset,Corporate Loan,2713212.3915513195,0.0796835339289517,2.6002701960979997,2.5428142675505443
A_00716,Asset,Corporate Loan,1016074.2602323196,0.07224924355508128,1.7234813435164718,1.548571795580488
A_00717,Asset,Corporate Loan,4199240.584354913,0.07579384024434938,1.403509447667966,1.2369984344328588
A_00718,Asset,Corporate Loan,2297250.06043851,0.05378006083591983,2.406117396687171,2.0194154558204
A_00719,Asset,Government Bond (HQLA),918683.555537719,0.03158628933323876,1.1786819040690037,1.058367821896832
A_00720,Asset,Corporate Loan,1187642.2926982113,0.06116519765740692,1.8816556694418705,1.7543305256265624
A_00721,Asset,Retail Loan,2875843.2133554076,0.07114572252460145,1.7410814215332948,1.4690234512367655
A_00722,Asset,Retail Loan,4137269.210225302,0.09708495127457797,2.1428302706435614,2.12994180027681
A_00723,Asset,Corporate Loan,757855.5571953456,0.07393196790044643,1.4363706084489531,1.2546383356625856
A_00724,Asset,Retail Loan,2806085.30909453,0.0918370554857401,4.380483405984139,3.6578115266562805
A_00725,Asset,Mortgage,1141496.1040064532,0.06622215319915556,7.1820753455217226,6.104288522420945
A_00726,Asset,Retail Loan,53234.2842684328,0.09170379252836539,4.482676136502071,4.1485633986153045
A_00727,Asset,Mortgage,802640.4087512344,0.05053658162046343,9.583235945875755,7.846325272161725
A_00728,Asset,Corporate Loan,4607661.269196046,0.05874382740481382,0.6001477976267362,0.5050292852576378
A_00729,Asset,Retail Loan,4546751.031802908,0.07865197651759276,2.8722762169371605,2.7347376393509304
A_00730,Asset,Retail Loan,2461963.5027952516,0.08387642762186624,2.719940856484239,2.7197002522842744
A_00731,Asset,Mortgage,2019435.2299362645,0.04512125089937441,13.27553052274047,10.701308737678335
A_00732,Asset,Retail Loan,1735037.2027655854,0.08460516562164799,3.0423230298382395,2.987929772787352
A_00733,Asset,Corporate Loan,2531314.4408973604,0.051047346579686716,0.6256075245574553,0.5694479835279008
A_00734,Asset,Corporate Loan,4203942.955152478,0.05074914986351149,0.901698961779613,0.8023387275919686
A_00735,Asset,Retail Loan,295591.14802724536,0.0644637199982899,3.898393147390516,3.593008231963277
A_00736,Asset,Retail Loan,908805.449257359,0.09205783104891815,2.51900609167727,2.2127420950878456
A_00737,Asset,Mortgage,671157.169155796,0.04710799974719946,12.72771419665079,11.906504588520695
A_00738,Asset,Corporate Loan,4649266.350197853,0.051984955665033215,1.468306294938285,1.1802702599541288
A_00739,Asset,Mortgage,2647441.4064240893,0.04703276800034544,12.752440518349493,11.082084402380948
A_00740,Asset,Retail Loan,4809387.006641855,0.09732820351037225,3.6714716268032537,3.13212980682141
A_00741,Asset,Corporate Loan,3408574.843048557,0.07544327705046891,1.293874250643971,1.280200966124958
A_00742,Asset,Mortgage,3708381.530899894,0.048448481263168953,7.77464679724954,7.717674683790248
A_00743,Asset,Retail Loan,3594447.367548615,0.0849075816379919,3.8249846502210487,3.8174179478429062
A_00744,Asset,Corporate Loan,1732860.7257765785,0.06328394409631213,0.6973485073663889,0.5942871659171245
A_00745,Asset,Corporate Loan,4181130.3617653567,0.05557199216015557,2.838711283818739,2.4824580885198086
A_00746,Asset,Government Bond (HQLA),355951.88041165203,0.02325581978412459,0.2754850034116192,0.2531824446573117
A_00747,Asset,Retail Loan,4841978.088181131,0.08006071841400667,2.7868581090340814,2.366966999951349
A_00748,Asset,Corporate Loan,3326472.481553207,0.0726160424812974,2.377942842385107,2.1771926809298603
A_00749,Asset,Government Bond (HQLA),4096168.8441652413,0.021112110433609214,1.5383914179273883,1.232829333952218
A_00750,Asset,Retail Loan,3334441.789871589,0.07609625037197247,2.6447899555301833,2.5837412677808236
A_00751,Asset,Mortgage,4550417.557065249,0.06073167438217786,8.138780765150273,6.953177194306702
A_00752,Asset,Retail Loan,963930.6638694776,0.07719830479119287,2.368430483454376,2.288353456149095
A_00753,Asset,Retail Loan,3687882.944604726,0.0715178137070397,3.1258196567572214,2.808748754319303
A_00754,Asset,Retail Loan,3000605.6784296148,0.06657622116315515,2.735375691420977,2.252080254770936
A_00755,Asset,Corporate Loan,4516944.514766212,0.0719900032166787,1.3598942163942138,1.267057326544364
A_00756,Asset,Government Bond (HQLA),4113856.035630747,0.03314060996468215,1.1765499919203797,1.1526393115364686
A_00757,Asset,Corporate Loan,1667633.7939959979,0.07479653222574392,0.5270277090879909,0.5060499719818486
A_00758,Asset,Retail Loan,2905444.0366068664,0.06474836382036446,2.8559267926675496,2.844827648474287
A_00759,Asset,Retail Loan,382809.1914482777,0.08955466708532131,3.3793895180076383,2.7254394227060925
A_00760,Asset,Mortgage,2684844.7859596997,0.045175716308390866,6.032650088750485,5.511398110022758
A_00761,Asset,Retail Loan,4694662.856824014,0.09934268826054653,4.274960917936204,3.641985271957108
A_00762,Asset,Government Bond (HQLA),2184607.6554682115,0.021006990539387066,0.7602857110961337,0.6162519031954988
A_00763,Asset,Mortgage,2316748.522448438,0.058419109189756985,7.265216260361057,6.179586790743847
A_00764,Asset,Corporate Loan,1828083.2975643172,0.07462088482300339,2.5588805665295475,2.291400984659749
A_00765,Asset,Corporate Loan,1844670.992967518,0.059845384483928364,2.514286314170545,2.116556075768474
A_00766,Asset,Retail Loan,2360130.9483778216,0.09363634841611629,2.9285283956793675,2.4724034774965715
A_00767,Asset,Corporate Loan,4051608.4075237704,0.06153833227936305,2.5590590268724336,2.282232316747101
A_00768,Asset,Corporate Loan,4666146.648175594,0.0780124826900441,0.7966094143539508,0.7462424222217341
A_00769,Asset,Corporate Loan,211662.35088325458,0.06223244315008197,1.6889904795550208,1.4056517913542472
A_00770,Asset,Mortgage,4857196.9914730145,0.061442598293318385,10.621888110645251,8.642925098172054
A_00771,Asset,Corporate Loan,625974.5015642545,0.07815446474642464,2.031989588841276,1.8945367635748922
A_00772,Asset,Retail Loan,1805597.7146761601,0.0761283102453301,3.202653517763406,3.0960973987528657
A_00773,Asset,Mortgage,3078563.549510946,0.047660091212897326,8.734579451327052,7.172617089919174
A_00774,Asset,Corporate Loan,2095203.9601782116,0.06974479472892721,2.1895573127601837,1.7823470081752522
A_00775,Asset,Corporate Loan,949805.3927259415,0.07481906449211738,0.8920317632920143,0.7211033515688454
A_00776,Asset,Corporate Loan,882608.0960442651,0.06671121539825106,2.698325539196185,2.2835284874391713
A_00777,Asset,Corporate Loan,3670857.480530423,0.05661338012736257,2.8952950222985843,2.8293875525784338
A_00778,Asset,Government Bond (HQLA),4586281.695433727,0.032596413088694154,1.3072872780376288,1.1512522486562446
A_00779,Asset,Mortgage,2679905.390837113,0.052853737115463865,11.774380712282944,11.142088141292897
A_00780,Asset,Mortgage,774859.4701839398,0.05620889595370922,13.32929715574228,12.915198304511582
A_00781,Asset,Corporate Loan,1926250.4026460233,0.05753507802645204,2.787651831293056,2.700795471951262
A_00782,Asset,Corporate Loan,2594772.440628736,0.06719126601857048,1.27117070372371,1.0996163520248203
A_00783,Asset,Retail Loan,1396393.0964545624,0.09913419148227427,1.0255161736263627,1.018490815562027
A_00784,Asset,Corporate Loan,3655435.7289812476,0.07013279471257929,1.3645152460260626,1.3114165114895833
A_00785,Asset,Government Bond (HQLA),2031050.7654558765,0.025318569012642376,1.5882661676164906,1.5851951926558223
A_00786,Asset,Retail Loan,3037467.5921805487,0.08752182228296515,3.6380239266053085,2.9980137197044043
A_00787,Asset,Government Bond (HQLA),946857.2312979099,0.0244535215824617,1.283231466155698,1.1054311275728197
A_00788,Asset,Corporate Loan,2115107.4218946537,0.05512809207262545,0.9005640024412658,0.7957644307585819
A_00789,Asset,Mortgage,4494925.001896554,0.05179311722678204,5.841276622593829,4.790133711653699
A_00790,Asset,Retail Loan,3325507.479087585,0.06652076455259545,3.409797767866351,2.8872891095689286
A_00791,Asset,Retail Loan,4182988.6681872983,0.06541838147178763,4.898762384194206,4.145798321368716
A_00792,Asset,Mortgage,4635995.799883115,0.04151867416807223,9.196273828068104,7.429470680300262
A_00793,Asset,Corporate Loan,1994830.7890212361,0.06749757176937671,0.5716310689441363,0.45859703136974167
A_00794,Asset,Mortgage,1566842.4723816894,0.0576505666294946,5.402580030092321,4.751768399212853
A_00795,Asset,Government Bond (HQLA),2743783.3793933257,0.034188777292679495,0.6229544439703157,0.5321889850735291
A_00796,Asset,Government Bond (HQLA),1904873.7540115134,0.021011462076484577,1.14475026927479,1.0133606957977366
A_00797,Asset,Mortgage,4037961.5865485426,0.046782372130316885,7.243185588535263,6.978527282599456
A_00798,Asset,Government Bond (HQLA),522036.5603013676,0.02674908557928458,0.955111414909828,0.9304100284553839
A_00799,Asset,Retail Loan,1095073.4156622852,0.06205175395924862,4.009873350345977,3.6028995797225294
A_00800,Asset,Corporate Loan,1705285.8359943058,0.06589821760790698,1.4864307882973096,1.2371169125847874
A_00801,Asset,Corporate Loan,4036890.0300349323,0.054616997140813216,2.4004023244753974,1.9919736143991489
A_00802,Asset,Retail Loan,1837319.8953881343,0.08718788867333381,2.6338223256339304,2.1369150980401357
A_00803,Asset,Retail Loan,1989957.2865723497,0.0677374137182593,3.788654768551922,3.5170116172333223
A_00804,Asset,Retail Loan,4436126.238626906,0.07189148817125306,4.582759777066466,3.8770090465810245
A_00805,Asset,Corporate Loan,1240631.346641736,0.07478194053644857,2.180959608229259,2.0383650366102724
A_00806,Asset,Mortgage,2015111.2029269969,0.06213852842192777,6.563169707088608,5.723706836135447
A_00807,Asset,Mortgage,1389687.5128097401,0.06977745386463291,5.8122963480667265,4.831414969274889
A_00808,Asset,Government Bond (HQLA),4887535.666203914,0.033188459241639955,1.6082543974252754,1.4724556638261472
A_00809,Asset,Mortgage,1482725.6320164653,0.05858169908099506,9.67681212484877,8.537252296382261
A_00810,Asset,Corporate Loan,1684909.1041353177,0.07551723584045349,1.91057954171134,1.6054708325876983
A_00811,Asset,Government Bond (HQLA),3460983.886053737,0.031123813852600234,1.6642191040920573,1.590832600567396
A_00812,Asset,Retail Loan,4100983.1026586993,0.09559653505451451,1.160555436341466,1.1586899008643774
A_00813,Asset,Retail Loan,1091076.8536146786,0.07012105363681012,4.061453455432163,3.9522510307510994
A_00814,Asset,Retail Loan,673478.2220778234,0.08695355593080019,4.916606220402462,4.766047175443323
A_00815,Asset,Corporate Loan,3398594.560126992,0.0680945036036884,1.985604568271493,1.85953156854753
A_00816,Asset,Corporate Loan,2173858.7280481965,0.07305743992739606,1.189806735951367,1.0056894810366688
A_00817,Asset,Mortgage,1204997.472114167,0.06241234801387087,11.25330169954454,9.494892035184824
A_00818,Asset,Retail Loan,698320.0278211617,0.09397785624902943,3.423987869084102,2.7700040092787694
A_00819,Asset,Mortgage,1739527.297452758,0.06786578649536698,9.785283699195226,8.477914030133977
A_00820,Asset,Corporate Loan,117727.95306537148,0.057757747734043526,0.703996800012096,0.5671190176919174
A_00821,Asset,Corporate Loan,2160671.8661680315,0.05523941557688989,1.870363006820055,1.6069904695343302
A_00822,Asset,Mortgage,4828248.481970479,0.06671152962565799,5.504167736022092,5.038384367972638
A_00823,Asset,Corporate Loan,2526378.7492784136,0.05269630555208482,0.6734852147604584,0.6197292420450562
A_00824,Asset,Corporate Loan,4590476.9295595195,0.054298443761079236,1.5164763433986805,1.4299519153564122
A_00825,Asset,Retail Loan,2651078.0214116713,0.09601056444808281,3.79133114202068,3.633756743073777
A_00826,Asset,Mortgage,3414184.2528559607,0.048874722924896086,14.459246440320864,11.570613161066197
A_00827,Asset,Retail Loan,1128562.3291523827,0.08534846399062117,3.6473383404559927,3.3507815633085873
A_00828,Asset,Retail Loan,3657451.369530705,0.08660223956026525,2.294121649941966,2.090669044497066
A_00829,Asset,Corporate Loan,716152.5221653334,0.07494554999336671,0.7360472441512024,0.7240345912978357
A_00830,Asset,Corporate Loan,561998.8685593926,0.07186817600315472,1.5050680422206018,1.4387911320124358
A_00831,Asset,Retail Loan,50152.05828464296,0.07426384703944823,3.84854818352242,3.2747152801259007
A_00832,Asset,Retail Loan,2724482.0634694234,0.09830526585090352,4.404602941703927,4.022058728108229
A_00833,Asset,Corporate Loan,471029.10817174346,0.06139937236896184,1.8721820038564994,1.7250791524405182
A_00834,Asset,Corporate Loan,1239480.6610793155,0.059447553337666874,0.7374131880709413,0.6041839855292969
A_00835,Asset,Retail Loan,4937313.984968753,0.08127487066020067,2.7764142276264745,2.7062367646420022
A_00836,Asset,Government Bond (HQLA),2934436.5242561735,0.026538820486733505,1.643700259983926,1.4154704924560662
A_00837,Asset,Corporate Loan,3378910.950234563,0.059457183039483524,2.205479223137747,1.8231417225100155
A_00838,Asset,Corporate Loan,685213.0178343843,0.07080266384168928,1.9462312705733251,1.8296954170198705
A_00839,Asset,Mortgage,4370654.13675004,0.06190747568588714,9.999589919647885,9.237966624335314
A_00840,Asset,Retail Loan,177163.74210357043,0.07772134825350478,2.138165542707735,1.9744273674816817
A_00841,Asset,Mortgage,1021416.2976955199,0.06890439842422982,6.255497898984771,5.139572822022988
A_00842,Asset,Corporate Loan,2948540.4575268445,0.0525809647109883,1.8534360522685955,1.5038879894876624
A_00843,Asset,Retail Loan,2948659.035169432,0.06934963168146976,3.1773795505372844,2.947193743662157
A_00844,Asset,Mortgage,255815.85124063914,0.06067931236308072,9.981299435480423,8.488719727429467
A_00845,Asset,Corporate Loan,3087507.61979745,0.07429773260908698,2.744838233609342,2.5159902109989796
A_00846,Asset,Mortgage,1855871.2275286035,0.053985447733826714,11.409655280987577,9.56114539326674
A_00847,Asset,Mortgage,2804499.9548766688,0.06734017570235892,8.586215819535914,6.904921626359116
A_00848,Asset,Corporate Loan,331562.91899935046,0.07106322362341377,2.416318290554068,2.0931851177929013
A_00849,Asset,Mortgage,2009889.2696699516,0.053625509882101186,12.562537914224343,11.085886273809752
A_00850,Asset,Government Bond (HQLA),1291851.5444589662,0.03169086226518916,0.3288499459934743,0.3268322419187692
A_00851,Asset,Corporate Loan,357081.97996246855,0.06517794962958676,1.3482631682739186,1.1222734998068122
A_00852,Asset,Mortgage,4988859.475600493,0.05064185670190638,9.517394759814438,8.376647755384784
A_00853,Asset,Retail Loan,4422204.327059808,0.07549097645699365,2.659302622085408,2.478305312181976
A_00854,Asset,Corporate Loan,3258755.670598838,0.07441170031166683,0.6536157253269688,0.6458382149284054
A_00855,Asset,Corporate Loan,4775101.347851113,0.06432248568441061,0.8785807859249082,0.8086117953968651
A_00856,Asset,Corporate Loan,2037235.806490764,0.05380472067651257,1.3452110234156534,1.1815640712997704
A_00857,Asset,Retail Loan,3685110.098636481,0.062342612211381356,1.83532374197836,1.67101313098286
A_00858,Asset,Corporate Loan,4365969.653338502,0.060364425611703375,1.9424540310442047,1.8659259580848022
A_00859,Asset,Corporate Loan,442437.4089243991,0.07724055636264987,1.9146264007831166,1.6834592437750064
A_00860,Asset,Retail Loan,760173.8122391993,0.07731085937367276,1.6057820877414293,1.475932068526653
A_00861,Asset,Retail Loan,4700864.515674571,0.0834649567313465,4.020534469780784,3.8825808223465454
A_00862,Asset,Retail Loan,2410352.444778966,0.09314611624473157,3.5203725074466536,3.3679189458810765
A_00863,Asset,Retail Loan,4707356.839318061,0.09500534474484609,1.4973833657234814,1.4886806483526573
A_00864,Asset,Retail Loan,3624227.0178087372,0.0762169130055662,1.1611420751119939,1.048809312364806
A_00865,Asset,Corporate Loan,4682889.37883037,0.06443833853657711,2.180626718235487,2.0976211780223264
A_00866,Asset,Government Bond (HQLA),159227.4359773397,0.02172264278127361,1.9667904172864734,1.8937779565152975
A_00867,Asset,Retail Loan,704289.3058816652,0.08575826317790454,2.7594225588553396,2.4177794700833397
A_00868,Asset,Retail Loan,3017332.641310647,0.07532861463789006,4.609613104442699,3.8871325648916697
A_00869,Asset,Corporate Loan,289395.41969146533,0.0747902243285056,2.551218961200687,2.3409987552598412
A_00870,Asset,Corporate Loan,4008927.6540066274,0.07477796925650049,1.886717561970918,1.7476509283022017
A_00871,Asset,Mortgage,3012886.8164279116,0.06873837579778413,9.141410682156662,8.302437285527354
A_00872,Asset,Corporate Loan,1141413.8151030089,0.06714822948448831,2.0641269735681913,1.7276075634452701
A_00873,Asset,Retail Loan,3041578.632588117,0.08093605483688032,4.054769077401282,3.427717387670467
A_00874,Asset,Mortgage,446523.3467175311,0.04490100275195261,9.418337048019545,7.882129141303602
A_00875,Asset,Retail Loan,1964199.9323676906,0.07591173763716393,1.2046008224815905,1.0869613003181373
A_00876,Asset,Corporate Loan,1944781.2969950507,0.054359800772615124,2.5978665201768814,2.3410397441479245
A_00877,Asset,Retail Loan,402220.61044565326,0.08264073699551285,3.2954633987083852,3.2150761798503593
A_00878,Asset,Corporate Loan,4800965.551004008,0.052940230543422236,0.6217371209998244,0.5028691731812887
A_00879,Asset,Retail Loan,2729287.0491613066,0.06182340631794675,3.582288725709712,3.543579151276464
A_00880,Asset,Mortgage,1518231.786677611,0.04509661219657172,5.77187530226468,4.764041707114303
A_00881,Asset,Retail Loan,2616880.358895383,0.07432558866116577,1.9833897699736012,1.9792267670926376
A_00882,Asset,Mortgage,4747454.301882656,0.05146418424497708,6.4255655503311555,5.853345553233759
A_00883,Asset,Retail Loan,70727.84595839144,0.08567278067205741,3.68173733518767,3.247873167880713
A_00884,Asset,Corporate Loan,2106442.852930844,0.060061148186523874,0.5600126121122222,0.4678437489705297
A_00885,Asset,Retail Loan,4785766.147752281,0.08914625136946411,3.3974389001686625,2.932236929949952
A_00886,Asset,Corporate Loan,1222773.7697887812,0.05537094912324752,0.7424141774135619,0.71234848871376
A_00887,Asset,Mortgage,2757297.9361281106,0.06767302850968374,9.75089872866768,7.94256520489909
A_00888,Asset,Retail Loan,1782192.3751750346,0.09970058480647886,4.129703248851151,3.50254216041998
A_00889,Asset,Mortgage,4161582.6641373667,0.05197997740597668,7.246573976417666,6.391004131826038
A_00890,Asset,Government Bond (HQLA),945414.9118255466,0.026683854283462198,1.618400145099086,1.53128825080982
A_00891,Asset,Corporate Loan,2912880.827426873,0.07412496694951652,2.581529433315328,2.512562936655163
A_00892,Asset,Retail Loan,3475650.237546737,0.07663274272073645,1.5599495068870515,1.4191136510193432
A_00893,Asset,Corporate Loan,2622077.795224887,0.054056519411385645,2.9913157719965477,2.7971530819382915
A_00894,Asset,Corporate Loan,708398.5045912775,0.07847819318736851,0.8968419084357738,0.875246223743407
A_00895,Asset,Government Bond (HQLA),4958087.240345564,0.027108786747281236,0.4957992410161841,0.46299905023501453
A_00896,Asset,Corporate Loan,2121028.190222751,0.06781341895830356,1.3945281233389826,1.2761587434407269
A_00897,Asset,Retail Loan,2385112.1957162735,0.08281147754925562,3.2138871048393995,2.706161843458522
A_00898,Asset,Mortgage,174735.51936429468,0.06340637945606901,8.548318555431626,7.802722108412189
A_00899,Asset,Retail Loan,3490017.940748086,0.0918497443782555,3.2695637766242935,3.0962933660339895
A_00900,Asset,Corporate Loan,2466479.4927885295,0.05783999053656151,0.8329553141688085,0.7361824779613734
A_00901,Asset,Corporate Loan,2592853.883315759,0.05019393073369132,1.2204613148988237,1.0974972065721462
A_00902,Asset,Retail Loan,3686311.0885171485,0.08339311245223163,1.095785061081934,1.0829587298360774
A_00903,Asset,Retail Loan,2384664.979215447,0.0850272764904541,1.3656879672685527,1.2429212721729221
A_00904,Asset,Corporate Loan,2630816.256295019,0.05588882906933201,2.7414366461725255,2.2055211527964262
A_00905,Asset,Mortgage,2906729.557820137,0.05790835670239518,13.906584554618425,13.378582383772025
A_00906,Asset,Corporate Loan,3761806.6598769305,0.06716368891166619,2.78260366722464,2.326693618366639
A_00907,Asset,Retail Loan,1033290.6556421586,0.07225661797404145,1.9874281103829317,1.8106001868696675
A_00908,Asset,Corporate Loan,2161173.7488472126,0.052447247768340984,2.0385519495520885,1.6666337360022014
A_00909,Asset,Retail Loan,2614483.6152997063,0.0713313761397031,1.8559787147932543,1.6333773924737227
A_00910,Asset,Mortgage,118617.57276865758,0.060066295931220565,11.493788202366224,11.03094663909592
A_00911,Asset,Government Bond (HQLA),149682.35229898465,0.03772342588111986,0.3921890404751107,0.34971642336891917
A_00912,Asset,Corporate Loan,3331984.6584295793,0.07795221209949525,2.1976665112390936,2.196325678600265
A_00913,Asset,Mortgage,1471744.9855654966,0.04147662743622285,13.797524022943437,11.675687942110374
A_00914,Asset,Mortgage,1318147.996474807,0.04414375879420742,7.206510596217485,7.003448073937495
A_00915,Asset,Corporate Loan,3390721.355118066,0.0727412126303365,1.0976659601875742,1.0449792114018
A_00916,Asset,Corporate Loan,2082879.0334009002,0.07929683069968713,1.024225693575502,0.9516291043127584
A_00917,Asset,Government Bond (HQLA),1551758.4409642091,0.03531717287769484,1.5855927346940906,1.487811023057211
A_00918,Asset,Government Bond (HQLA),1998098.913726262,0.03343417718488122,0.3483629148205388,0.32950322943671606
A_00919,Asset,Corporate Loan,1073748.5710103116,0.05936569209707389,1.7611398541733885,1.5594775511546084
A_00920,Asset,Corporate Loan,3738812.976319631,0.062159760819408605,1.0805617272533579,0.9226185202148747
A_00921,Asset,Retail Loan,3927766.7389794,0.07480928742738308,4.637010777747969,4.406346316081587
A_00922,Asset,Mortgage,4238314.8421246465,0.06868875644540084,6.828133885392259,5.976906541658878
A_00923,Asset,Corporate Loan,359035.07002501265,0.05327040846922786,1.7154341352622076,1.4576180467679387
A_00924,Asset,Corporate Loan,4053690.301283836,0.05907398952384409,2.688721625989741,2.6127373425492024
A_00925,Asset,Mortgage,3835022.204405124,0.060709685407021874,6.466951140151815,6.395845802503494
A_00926,Asset,Mortgage,1691503.403083778,0.059371751300531614,10.005793174308312,9.026366921578543
A_00927,Asset,Retail Loan,1594717.0210275021,0.0944567218438207,4.20958412221453,3.483262505311424
A_00928,Asset,Government Bond (HQLA),1677671.9583506163,0.03503650291913363,1.358396103588368,1.307305803161764
A_00929,Asset,Government Bond (HQLA),1598951.7627426719,0.02263373806872414,1.7311622636479536,1.6290378531998608
A_00930,Asset,Mortgage,3404730.0439465363,0.06619129441045611,7.52314736135153,6.272587309710596
A_00931,Asset,Retail Loan,3601451.7035289654,0.09396392079834705,2.9019028609309347,2.5440385408466883
A_00932,Asset,Retail Loan,4190388.852725855,0.0675678316956142,3.1956385265602867,3.016928193208309
A_00933,Asset,Corporate Loan,3041349.262089583,0.0748612695145402,1.6522458455164548,1.5959249865296974
A_00934,Asset,Mortgage,571736.8181124883,0.0601303894159873,13.388538619040688,12.577257888223189
A_00935,Asset,Corporate Loan,4402433.802977183,0.05337771399587583,2.313429000587144,2.039416306589243
A_00936,Asset,Mortgage,283623.67340202606,0.060374877049586884,14.614166196420495,13.536739651077951
A_00937,Asset,Retail Loan,1281519.3542589266,0.0719308981693649,4.768232877954382,4.554144272932166
A_00938,Asset,Corporate Loan,739307.6503842847,0.06632772011045752,0.5267882442383973,0.5242363575083998
A_00939,Asset,Corporate Loan,1818102.053265572,0.06561631511914576,1.3602290446236052,1.208064270374764
A_00940,Asset,Mortgage,2552327.919031277,0.0441511478416167,10.077578381885688,10.042789656009104
A_00941,Asset,Retail Loan,413152.1339250332,0.08381465480627491,3.652584995900835,3.2253389540981368
A_00942,Asset,Corporate Loan,3936066.409179834,0.0746075995683467,0.9892816002491227,0.9197839967975109
A_00943,Asset,Corporate Loan,2317241.6520901495,0.07256342998090924,1.1416180179652395,1.0303958237271862
A_00944,Asset,Corporate Loan,3000448.0730167036,0.06305786838969663,2.9893361301283075,2.94192011791184
A_00945,Asset,Corporate Loan,320926.89927868015,0.06256085429983053,1.0106052659210722,0.8528770558204318
A_00946,Asset,Retail Loan,4579257.61185026,0.08969168925947789,4.3755176449237165,3.6472692608039607
A_00947,Asset,Retail Loan,384643.5098882966,0.09715231842751541,3.896116755091685,3.4523769691786352
A_00948,Asset,Retail Loan,2586344.4626239277,0.07499299697399991,2.3953276298345205,2.213920186128115
A_00949,Asset,Mortgage,597487.8144221462,0.06982990908057145,5.355902308064763,4.534015906673592
A_00950,Asset,Retail Loan,989882.8790248039,0.07567243578468687,1.1558313853938569,1.110153341548061
A_00951,Asset,Corporate Loan,2248707.8640479143,0.0652668221020964,2.188966933918597,2.1283087715483773
A_00952,Asset,Mortgage,99057.94268121052,0.05382200800725022,12.780463064831991,12.751938454893581
A_00953,Asset,Corporate Loan,4935134.929672073,0.057458146538399195,2.3864234030143416,2.166106398138637
A_00954,Asset,Government Bond (HQLA),4294776.508372022,0.03412743993619992,0.2849970982033201,0.24769551439695345
A_00955,Asset,Retail Loan,2047230.796683648,0.09275477082081887,1.9390176868998852,1.6820321528968376
A_00956,Asset,Mortgage,52959.79723223678,0.04723495642923286,8.078191500261191,6.83991357439353
A_00957,Asset,Retail Loan,976265.1385319836,0.07165444291350978,3.2221982795424795,2.8467443735361813
A_00958,Asset,Corporate Loan,4385729.378749479,0.0647887091496758,2.763247497526289,2.3930585187216327
A_00959,Asset,Retail Loan,4769344.25294137,0.07190601110273122,1.2409077796011898,1.0667007572545582
A_00960,Asset,Corporate Loan,863219.8741984259,0.05367493585897968,2.457903577309243,2.278430731605398
A_00961,Asset,Retail Loan,399151.40608513495,0.06760515065274822,4.6377180147435055,4.47191973907729
A_00962,Asset,Corporate Loan,435389.77206340956,0.05740883500975678,2.888620478595169,2.8075342126590463
A_00963,Asset,Retail Loan,4277017.266602172,0.08047121826277923,1.052915251621176,1.0043637667208798
A_00964,Asset,Government Bond (HQLA),4550550.574222111,0.037763826993226085,1.6572872521405253,1.3918626508550658
A_00965,Asset,Retail Loan,1480394.1983592396,0.07573282681540755,2.5082157240067953,2.2797450247835327
A_00966,Asset,Retail Loan,3471670.985740647,0.0724123392841819,1.670266157218026,1.50435699318481
A_00967,Asset,Mortgage,3710372.7045317,0.04467319781740511,11.455343564105222,10.417593327118404
A_00968,Asset,Retail Loan,1917947.7251434212,0.06159245757783015,2.6540661211598366,2.268689403408714
A_00969,Asset,Government Bond (HQLA),4770481.408756963,0.02086200217896648,0.7694214030798247,0.6430970183643369
A_00970,Asset,Corporate Loan,4741509.5049476875,0.07290547531004637,0.8529976588429623,0.700939317403114
A_00971,Asset,Government Bond (HQLA),1939001.6705902182,0.026851821656222637,1.5729456239082065,1.4558143018446303
A_00972,Asset,Retail Loan,772804.0455199645,0.09670589111617733,4.752256558272525,4.645301264895988
A_00973,Asset,Corporate Loan,4050927.645520577,0.060043671256720374,0.6725923422784372,0.580272737714846
A_00974,Asset,Corporate Loan,1811990.9786796705,0.06789401226240631,0.871266954109202,0.8389227228947337
A_00975,Asset,Corporate Loan,704730.1397374844,0.05712449915508152,0.9917204932820576,0.8528593123973748
A_00976,Asset,Corporate Loan,3024680.1484617093,0.060875059535945394,2.240199653917598,2.1613435740481663
A_00977,Asset,Retail Loan,2371751.700214862,0.06720634590930477,4.203754886165721,3.4553714291720166
A_00978,Asset,Mortgage,1747501.8306580198,0.040760458127918155,11.83870124909032,11.104812791221025
A_00979,Asset,Corporate Loan,325917.22525783663,0.0572241144821952,2.0245319038702925,1.7762462435326558
A_00980,Asset,Retail Loan,778458.0929199794,0.06359038002240629,2.191908941983375,2.15281680041855
A_00981,Asset,Retail Loan,2445108.0833783415,0.07230716357911794,1.4929898325302058,1.4709113674493783
A_00982,Asset,Retail Loan,4830869.982605746,0.08966264433867319,1.8231775079576868,1.6578799450606705
A_00983,Asset,Mortgage,2792266.6147404984,0.045863740011052,10.345592191563087,8.6204219912605
A_00984,Asset,Government Bond (HQLA),1672799.0843076687,0.03519647316856777,0.8069562844295022,0.7002481752342765
A_00985,Asset,Government Bond (HQLA),3702742.4565440617,0.037617903210895046,1.2351155608894981,1.0003462545744994
A_00986,Asset,Retail Loan,2351929.854393504,0.08975620749208608,1.907914157886084,1.877085329606866
A_00987,Asset,Corporate Loan,1743556.37055388,0.06334557298482622,2.9038768303439157,2.6071287280714177
A_00988,Asset,Corporate Loan,4552264.941410085,0.07286523761544934,1.922388708204627,1.850032580284181
A_00989,Asset,Corporate Loan,2196786.940035881,0.06089766055027431,2.6211794360156615,2.5131528378793977
A_00990,Asset,Government Bond (HQLA),3134891.3466866347,0.0361019462408227,1.509091846158589,1.462321965692999
A_00991,Asset,Corporate Loan,303754.1229211909,0.0702126868935227,1.5046906780918488,1.3392801479453644
A_00992,Asset,Mortgage,1817063.0258698862,0.04559259414561924,11.347441411040295,10.77863828434282
A_00993,Asset,Corporate Loan,1060118.7233056729,0.07245826125745497,1.229777933744518,1.1025208170784897
A_00994,Asset,Retail Loan,4837992.392332973,0.09828539330159186,3.8605000792675517,3.418167875707877
A_00995,Asset,Corporate Loan,4494878.320115845,0.07121836735717002,1.8126233506134617,1.5415175697187267
A_00996,Asset,Corporate Loan,661076.8357612578,0.05002830245802894,1.0149500896924042,0.8199304852924403
A_00997,Asset,Government Bond (HQLA),1249650.7909269733,0.03678199397599223,1.3602903480576036,1.2380438999973762
A_00998,Asset,Retail Loan,3654176.3648140235,0.089250023573895,3.401005640398332,3.24438703352157
A_00999,Asset,Government Bond (HQLA),2889138.2361322143,0.032969291138004744,0.7491181141121435,0.6095485262969815
A_01000,Asset,Mortgage,640936.0061240741,0.06447236141878362,8.278428378858182,7.611704251849794
A_01001,Asset,Corporate Loan,2393506.513906356,0.06020013158179677,2.636368483005451,2.567638190463247
A_01002,Asset,Retail Loan,3895152.264182722,0.06727270611349355,4.390190532218945,3.890013080173894
A_01003,Asset,Retail Loan,3547690.4385213777,0.08541293386833285,3.141391072246627,2.6365613385591136
A_01004,Asset,Retail Loan,255411.76127403651,0.082389786453347,2.288270140782919,2.223253481913385
A_01005,Asset,Mortgage,2205211.8008287693,0.06157735601727496,14.531201143941377,14.328244447131251
A_01006,Asset,Corporate Loan,1331576.160226041,0.07178254554451552,0.632066715911805,0.5209876902453668
A_01007,Asset,Corporate Loan,2685730.994025292,0.06801749590961409,1.9110414694493691,1.5923773417225517
A_01008,Asset,Corporate Loan,3105111.4242289853,0.07182893413099066,2.924547161584462,2.8792773690828284
A_01009,Asset,Mortgage,2978998.996017382,0.06000056955677539,6.920233691363445,6.39897340806341
A_01010,Asset,Corporate Loan,2474440.046541792,0.060033275813543126,1.821641509973189,1.6465135194931848
A_01011,Asset,Retail Loan,4035613.266933865,0.06339865159557866,1.7431078187948312,1.5465710269281323
A_01012,Asset,Mortgage,2216698.28342103,0.05674513551671323,7.767541319513086,6.753104051266829
A_01013,Asset,Government Bond (HQLA),4617093.441037682,0.02655767988036517,1.0545064579469814,0.9990673445334498
A_01014,Asset,Retail Loan,2400106.5799160735,0.0968214354041022,2.345293577081334,1.8818649862186982
A_01015,Asset,Corporate Loan,3716284.726279799,0.052562090904881655,1.712544968810103,1.7031127472189551
A_01016,Asset,Corporate Loan,3090221.9093791065,0.06450494255320412,1.0915244567687683,0.9669049986314947
A_01017,Asset,Retail Loan,575493.7500599627,0.0695927980882636,4.349890078475099,3.6495214729617884
A_01018,Asset,Corporate Loan,3855298.300244439,0.06730423758914768,0.6548662964474699,0.5395064173981498
A_01019,Asset,Retail Loan,311082.5632029761,0.06471889934512245,4.336656432833765,3.5084863372529695
A_01020,Asset,Corporate Loan,4227767.686113022,0.0626513785257775,1.1560209412232547,0.9340470097126766
A_01021,Asset,Corporate Loan,2909184.7491538115,0.059972800765230955,1.927267634380362,1.6634374848373203
A_01022,Asset,Retail Loan,1865651.6871990284,0.09066383778848207,1.3979786754918586,1.3885491129790537
A_01023,Asset,Government Bond (HQLA),4332101.941908199,0.0340173139448776,1.2415050837452763,1.0640209577844983
A_01024,Asset,Corporate Loan,2305465.2697273935,0.07273329681125473,1.7050433494423314,1.4601712830132276
A_01025,Asset,Corporate Loan,4626976.866086751,0.06456902895240021,0.6405607371274307,0.6293894604138982
A_01026,Asset,Corporate Loan,2754715.017350054,0.06029826467193345,1.124360448073388,1.0910902661735873
A_01027,Asset,Corporate Loan,2597973.8590960605,0.050480844693653694,0.7489492838500723,0.7435096934648753
A_01028,Asset,Corporate Loan,3035904.6573925465,0.0704934285716914,0.6992876829682124,0.6898566289634266
A_01029,Asset,Corporate Loan,674270.8457582823,0.07299041639313958,1.9543038186836919,1.7222953328275146
A_01030,Asset,Mortgage,3260980.619118954,0.05870515933742012,13.992489182892026,11.561400451937889
A_01031,Asset,Corporate Loan,1048884.9938496617,0.07281200201862448,2.772066244292156,2.592657212663665
A_01032,Asset,Corporate Loan,961021.6216485569,0.0642247383763724,2.3911277199722796,2.020880507383323
A_01033,Asset,Corporate Loan,249652.5680853373,0.06405670983773404,1.3154256353206337,1.0912661453858765
A_01034,Asset,Government Bond (HQLA),1085031.9547185907,0.024070697477737928,0.34767094708220453,0.3316128001717146
A_01035,Asset,Corporate Loan,2848808.901775063,0.05103293925719944,0.5525228924659018,0.4912840784378462
A_01036,Asset,Mortgage,4431932.449602447,0.056150893063030685,5.867065675956402,5.7652482500918305
A_01037,Asset,Corporate Loan,4156350.8655704246,0.07806183469003397,0.8342391359985906,0.7927646566361741
A_01038,Asset,Government Bond (HQLA),3399255.306084907,0.03876362345049445,0.7904674707989112,0.6759392911801941
A_01039,Asset,Corporate Loan,3519001.669108615,0.07788210451547461,2.4132907488134654,2.0294821508727847
A_01040,Asset,Mortgage,3705802.9643149693,0.051616694236306215,5.637945562535979,4.829199700802872
A_01041,Asset,Corporate Loan,4915587.053795769,0.07153028473380499,2.1069435336998197,2.097090470127467
A_01042,Asset,Corporate Loan,4019108.8338413895,0.0760860101544494,1.5863274082612384,1.3263783284672321
A_01043,Asset,Government Bond (HQLA),1132919.9566338544,0.03512384468213561,0.7198189632637698,0.6325416541672939
A_01044,Asset,Corporate Loan,2250638.830293671,0.05684993757105833,2.3559248427244546,1.9122843990569691
A_01045,Asset,Retail Loan,2397827.89109873,0.07419189158625555,1.6720802087707143,1.4714249047631816
A_01046,Asset,Retail Loan,2937370.8785118125,0.0660697165181221,4.5373737118851505,4.172394642460584
A_01047,Asset,Mortgage,2125706.6680754772,0.05232194630473037,12.0109758736427,10.82101795708165
A_01048,Asset,Retail Loan,3474014.56496671,0.06153603509305378,3.6453707157788977,3.1847782041392487
A_01049,Asset,Government Bond (HQLA),2132645.9847146533,0.03819860316319437,1.0536962697504992,0.994112248407198
A_01050,Asset,Corporate Loan,3999133.172638309,0.063706642152118,2.660915666139933,2.3815771911841965
A_01051,Asset,Corporate Loan,4835195.39309138,0.05249669198624217,2.242915635725876,2.181441635006477
A_01052,Asset,Corporate Loan,390331.83679131296,0.06251492836927107,1.8742931379082777,1.8284664475940406
A_01053,Asset,Retail Loan,4140999.8169863056,0.06218441212853876,3.230754764741811,3.212562579363299
A_01054,Asset,Corporate Loan,1489840.4284463334,0.07573573350552468,1.6735171049731452,1.440865802782148
A_01055,Asset,Retail Loan,688902.6723078632,0.09120192348160175,2.191437593560845,1.9598580242093466
A_01056,Asset,Retail Loan,872615.7480682585,0.09759697491542836,2.3309179060415164,2.024647746158542
A_01057,Asset,Government Bond (HQLA),2451890.756038513,0.03782280183587019,0.4404114447512867,0.39287831079729474
A_01058,Asset,Mortgage,4919372.336885301,0.042900836793627016,5.50175350319974,5.19415788280911
A_01059,Asset,Retail Loan,962291.9149029903,0.06087386847944807,1.157447519278918,1.105243303432782
A_01060,Asset,Retail Loan,2365217.049057197,0.07713407202275385,3.423587260717932,2.757430206498153
A_01061,Asset,Mortgage,102040.46148118476,0.06679913481364369,12.618898943774841,11.18751179955026
A_01062,Asset,Corporate Loan,2411067.793457386,0.07662273606111081,1.473021546558597,1.4417739017284106
A_01063,Asset,Corporate Loan,3094595.282372755,0.07886175496824055,2.8172689053646605,2.5405900200287825
A_01064,Asset,Corporate Loan,1429536.8638462026,0.054284429134186026,2.897179682976025,2.6537178398436345
A_01065,Asset,Retail Loan,1431091.0372215933,0.09995171743262618,2.619874349504754,2.1247004430791345
A_01066,Asset,Corporate Loan,458732.182274622,0.06318688825318697,0.8863020749762974,0.7995260347020429
A_01067,Asset,Retail Loan,1616462.79782836,0.07212879135377002,1.3478680810237322,1.3388531185960153
A_01068,Asset,Government Bond (HQLA),1707647.5361780757,0.03819190782221889,1.1846224789296471,0.9491630822049418
A_01069,Asset,Mortgage,4744429.286305149,0.04484343058098764,5.91325734333557,5.866833900657499
A_01070,Asset,Corporate Loan,120273.34063503232,0.06349831022806579,1.144079996908823,1.0738126424837209
A_01071,Asset,Mortgage,4977336.488981008,0.05614660305605426,7.87511199383759,7.140086128739111
A_01072,Asset,Corporate Loan,887351.3745199799,0.07559951559999759,2.9436414079596065,2.64829587377585
A_01073,Asset,Corporate Loan,1174942.2151203284,0.07084910399364427,1.8594676759793671,1.6791614281865352
A_01074,Asset,Government Bond (HQLA),3076141.198426245,0.035443040552316764,0.8048500539251211,0.6713193954678361
A_01075,Asset,Corporate Loan,1767446.8043690498,0.0734533947778618,1.5795177377694432,1.4165661687058981
A_01076,Asset,Mortgage,2903620.070542336,0.06429936231050418,8.420694346575553,7.137868373595197
A_01077,Asset,Retail Loan,2547289.474071437,0.06036348139804865,2.0433969838483557,1.8996634294624282
A_01078,Asset,Corporate Loan,2255313.181741148,0.06713597551888742,2.9174212865457885,2.837735762140344
A_01079,Asset,Retail Loan,2867571.992490667,0.08332423029119593,4.471918506923611,4.219714983818825
A_01080,Asset,Corporate Loan,507625.1093334797,0.06183438172516573,1.6447507378176787,1.6010201651941638
A_01081,Asset,Retail Loan,4835334.426298785,0.06990526572285755,4.832552479217984,4.202437851442106
A_01082,Asset,Mortgage,4834779.993435732,0.04962991136922694,9.43439102836044,8.54018815042725
A_01083,Asset,Mortgage,1403698.85110615,0.04154972071343923,12.364731746190728,10.013688032871892
A_01084,Asset,Corporate Loan,1799692.300700567,0.0647305928800673,1.2890830384178806,1.1139568748960749
A_01085,Asset,Retail Loan,1581874.2679885745,0.07644453667979395,4.899617091240939,4.355478137430416
A_01086,Asset,Corporate Loan,4917536.803650421,0.07043846331597302,1.1040031910894075,1.041292430159773
A_01087,Asset,Corporate Loan,488462.78120138816,0.05192284133108527,2.192180689568941,2.0151150325695024
A_01088,Asset,Mortgage,1094300.9585687546,0.04091061416599013,13.416220075427741,12.997131876605541
A_01089,Asset,Corporate Loan,1127060.3026616403,0.07859921502747118,0.83444536248492,0.6796833825018036
A_01090,Asset,Retail Loan,1771720.6197935776,0.08179204341104393,3.480939395844482,2.872222993189488
A_01091,Asset,Retail Loan,1231821.2668758193,0.07644577345919948,1.8541714179613655,1.744416133717347
A_01092,Asset,Retail Loan,1865060.454529758,0.09905826117741641,2.563669707364649,2.540425609845927
A_01093,Asset,Mortgage,1246211.6580549665,0.04950712413161874,5.680373140916696,4.847397031282738
A_01094,Asset,Corporate Loan,3899753.1548355757,0.07534592256231526,2.6458073471971453,2.3069723262559663
A_01095,Asset,Mortgage,1598529.2777448893,0.061046957968088275,5.609055432351827,4.49826900330712
A_01096,Asset,Corporate Loan,1680427.3830452748,0.07298736418281138,2.2334438462971313,1.9225907357181111
A_01097,Asset,Mortgage,1504887.964499422,0.06181055581042402,9.463263599865613,8.882068236459185
A_01098,Asset,Government Bond (HQLA),1164547.0698688629,0.03219363816551555,1.3584040357252065,1.3353379153131963
A_01099,Asset,Retail Loan,3771400.909755318,0.07098663479151622,3.2730744650750734,2.9290317326270987
A_01100,Asset,Corporate Loan,2917601.3438028814,0.06707914953236606,2.722501527036665,2.5219742713408158
A_01101,Asset,Corporate Loan,303269.2569051057,0.06476005188296248,1.0821463921902357,0.9328611123590779
A_01102,Asset,Retail Loan,2545457.5674962695,0.07032430572693658,2.2912391737914013,2.0456116519345926
A_01103,Asset,Retail Loan,4642341.378723267,0.08830482342962141,4.470808391676956,3.6716190476804846
A_01104,Asset,Mortgage,4049388.774139644,0.043418976613577236,12.677646177143377,11.77476439178517
A_01105,Asset,Mortgage,2907899.336037355,0.05375090438278919,11.464073752280889,10.38348694352902
A_01106,Asset,Retail Loan,3212866.9587677587,0.07740058377360894,1.3257888515646368,1.1382308544199113
A_01107,Asset,Corporate Loan,710410.8608398751,0.07385034610785411,2.2291085049332953,1.85611376259487
A_01108,Asset,Retail Loan,770301.6397974278,0.08112757047025425,4.508510247594007,4.028138395835367
A_01109,Asset,Retail Loan,3265302.233446961,0.09312743477293813,4.47199836758036,4.137541821379916
A_01110,Asset,Retail Loan,606365.2845212641,0.07029916865969878,1.1972359484392987,0.9902725158119233
A_01111,Asset,Retail Loan,1956037.3758088604,0.08441504239126768,4.771931136284543,4.614432390204016
A_01112,Asset,Mortgage,606890.4961068272,0.04825296644677374,12.359204063739488,11.467136110940546
A_01113,Asset,Corporate Loan,4988477.703160063,0.05837391412322809,1.1588786987419446,1.1428102094898323
A_01114,Asset,Retail Loan,3498610.4899723246,0.09345514309641598,3.9013055629435125,3.881361551023755
A_01115,Asset,Government Bond (HQLA),373119.9499539963,0.032926198673147625,1.6614947132305147,1.5443068773668616
A_01116,Asset,Retail Loan,3268426.473905984,0.09647274278157789,4.929930322404991,4.3769209699639084
A_01117,Asset,Retail Loan,1843352.775501014,0.08805996405860664,4.30556124640222,3.8399954455829897
A_01118,Asset,Retail Loan,2163128.902725348,0.09714222131576544,2.876099758871534,2.6696453246829353
A_01119,Asset,Corporate Loan,2650325.409031071,0.0791770470694921,0.6651382695554002,0.5800085396656183
A_01120,Asset,Corporate Loan,1808655.6724727668,0.0698669647498878,2.2062793252905006,2.0806636251602932
A_01121,Asset,Retail Loan,1612558.9817621266,0.0862203988738445,1.5010049243848318,1.2127510763293023
A_01122,Asset,Corporate Loan,4354994.630015587,0.06347113281109885,2.727080370724084,2.4321759110446766
A_01123,Asset,Retail Loan,3370286.875943027,0.06978620218418852,4.2850376814913815,3.789088175802007
A_01124,Asset,Mortgage,4391746.314928326,0.05651711903624093,7.431799802642259,6.231553953894872
A_01125,Asset,Retail Loan,4560046.481890189,0.09040139607212697,4.282030016928436,3.467387781737343
A_01126,Asset,Mortgage,2218318.1757316496,0.05639429083076129,8.423951232958597,6.8930720387020505
A_01127,Asset,Mortgage,2933053.6305970647,0.04564696599307137,6.865900968731675,5.745727374049406
A_01128,Asset,Retail Loan,2959602.3243898395,0.06069992855949554,4.361392710354032,3.5318598685534655
A_01129,Asset,Corporate Loan,4106503.642660959,0.06048843196423167,1.316847226421584,1.2105372273802384
A_01130,Asset,Retail Loan,181711.41208453645,0.08502599651765813,3.9409140724063842,3.6104731557876826
A_01131,Asset,Mortgage,3392392.645932086,0.050574431408300535,7.0588198817832115,5.825093660501684
A_01132,Asset,Retail Loan,3397168.9444648693,0.09850930335444558,4.434400427929993,4.104788887733961
A_01133,Asset,Retail Loan,572969.209972207,0.08315025905439997,4.251403886147031,3.9268389771344703
A_01134,Asset,Mortgage,3531222.2772756354,0.041686417163796355,13.344582528560966,12.670736188622008
A_01135,Asset,Mortgage,1466368.460168656,0.04942486191510917,11.40447273993253,11.308609174614672
A_01136,Asset,Retail Loan,2919974.5769731277,0.08848880820708635,1.6660141881980604,1.3914184921067823
A_01137,Asset,Retail Loan,2497135.5146765024,0.06846857488591883,4.659339799987512,3.8618844942193333
A_01138,Asset,Mortgage,2528066.6850529583,0.04439843671479527,14.117851123817713,13.118103665138277
A_01139,Asset,Retail Loan,825964.1218256146,0.08374738479634933,3.733717660629082,3.5506366509063056
A_01140,Asset,Corporate Loan,2267459.69909184,0.07952268391899543,1.5136791908260463,1.2994175855322436
A_01141,Asset,Retail Loan,1805013.6337016064,0.07009290977054981,3.258376325161286,3.203172874607051
A_01142,Asset,Retail Loan,4484287.871222964,0.0862625080959861,1.4139002545863386,1.387597614754262
A_01143,Asset,Retail Loan,4843218.452491312,0.09782860433764098,2.8115334416620468,2.6298071906602463
A_01144,Asset,Corporate Loan,982097.4983396768,0.05279052227788025,1.2593376155627485,1.0437057607883329
A_01145,Asset,Retail Loan,2143570.541520711,0.06565534216865361,4.182313505030345,3.454858985551889
A_01146,Asset,Corporate Loan,1026055.760741928,0.05500545734616733,0.744025095272479,0.7326759441826628
A_01147,Asset,Mortgage,1802619.5836577157,0.05611827021004115,11.558207673273929,10.811834710207968
A_01148,Asset,Mortgage,3162233.374546965,0.041170192622884544,7.661013685373086,6.826831618583989
A_01149,Asset,Mortgage,2869011.429666951,0.06974873028883685,13.323910417019079,11.095129862957483
A_01150,Asset,Mortgage,3387753.1898151217,0.06956802201858402,14.799554473582784,13.872151082877318
A_01151,Asset,Retail Loan,4002851.3987464653,0.09122797216686515,1.4281165368441524,1.402466456807821
A_01152,Asset,Corporate Loan,3171644.7101662485,0.06313295164964386,1.5753568302420657,1.3580744442066086
A_01153,Asset,Mortgage,4684073.992624201,0.045243438546248016,14.40750859234461,14.04658220358086
A_01154,Asset,Mortgage,1301545.1334169318,0.048039918006531346,5.672846129215145,5.5732402963849665
A_01155,Asset,Corporate Loan,3619220.571444466,0.0715816446672446,1.1428808777727397,0.9207326085740328
A_01156,Asset,Corporate Loan,3152429.0752845397,0.07469010723340805,0.8652414138533006,0.7328648937394009
A_01157,Asset,Mortgage,2055725.855747882,0.04322351657886724,10.960435954776472,8.805423095892523
A_01158,Asset,Government Bond (HQLA),1384668.543397555,0.03998700600944401,1.6573863052828723,1.395993698529523
A_01159,Asset,Retail Loan,3331155.948791595,0.09663257392762976,4.861794538402485,4.378411122112222
A_01160,Asset,Mortgage,721941.9728445102,0.0689305970210796,14.774381842040123,12.303304302093334
A_01161,Asset,Retail Loan,545767.2376584962,0.09263823157660828,2.086870395592719,1.827395444630948
A_01162,Asset,Retail Loan,1744016.3476555776,0.08518734381036812,4.92553333696512,4.350389592585394
A_01163,Asset,Retail Loan,4931575.146554289,0.07125909209803677,4.2833960370525155,3.486743224356729
A_01164,Asset,Retail Loan,645871.8400523925,0.0971505368482197,3.3230743344576865,2.988602534849593
A_01165,Asset,Mortgage,2257138.7683060486,0.06195618211859503,12.085835457678252,10.089167711173738
A_01166,Asset,Corporate Loan,3204645.6748632183,0.0608462056328887,0.6767415204609155,0.6137774171592965
A_01167,Asset,Government Bond (HQLA),2398941.134981082,0.028641345701332355,1.6505078385172147,1.5832960968550154
A_01168,Asset,Corporate Loan,4438647.435436872,0.06812913259464437,1.5273563808752748,1.4143377150829775
A_01169,Asset,Corporate Loan,764344.6162530335,0.050500146517988995,0.7338985172808389,0.7153359140893853
A_01170,Asset,Retail Loan,1096958.4089447518,0.07280064452349568,3.944141601704262,3.5544956660960425
A_01171,Asset,Retail Loan,4800741.321236747,0.09455158491860013,4.40632560006895,3.8835359964089275
A_01172,Asset,Mortgage,762186.9691794118,0.04059918797734084,5.086190025917803,4.665665601928868
A_01173,Asset,Corporate Loan,2614175.9770971728,0.06268059858972277,0.5186578510430485,0.48941261871261316
A_01174,Asset,Corporate Loan,3674485.0712455004,0.07439426013445177,1.082547410992087,0.9934388719736189
A_01175,Asset,Retail Loan,1221766.355476473,0.09319758372849773,3.512121858278148,3.101644570256971
A_01176,Asset,Retail Loan,4341707.4542074725,0.07792341949132306,3.6770731670033396,3.300467476850114
A_01177,Asset,Retail Loan,3152673.0188209773,0.09982580706697397,2.4349700421715545,2.1818225286187087
A_01178,Asset,Corporate Loan,2850966.3476828258,0.0740245429957925,2.7918900077968667,2.4854131130545527
A_01179,Asset,Mortgage,2951865.71896477,0.045769473183530515,9.92367048701249,8.859726510710423
A_01180,Asset,Retail Loan,4578468.64176569,0.09809056058133489,2.3416272539853877,2.122945162221683
A_01181,Asset,Corporate Loan,2737555.2002221723,0.06127463657023823,0.8234515424167522,0.6750896377493286
A_01182,Asset,Corporate Loan,2262027.2662421726,0.0566141144299811,2.444962428927342,2.036441509129151
A_01183,Asset,Corporate Loan,4636597.646930987,0.06256770874378756,2.2760545375310293,2.0563115638463874
A_01184,Asset,Retail Loan,4923650.68706176,0.0714161627385369,3.6656292187796757,3.3619746483121014
A_01185,Asset,Retail Loan,4830891.510597538,0.08592121272220857,1.6991399515334638,1.4427242579431852
A_01186,Asset,Mortgage,3895265.7678393913,0.058434983807655785,11.734197289114327,11.481839515865465
A_01187,Asset,Retail Loan,1688028.090611966,0.09952055848261687,1.9931499185233839,1.7497423763420805
A_01188,Asset,Mortgage,3439389.5612109727,0.04716993040634654,7.120812374773777,6.09724482001528
A_01189,Asset,Corporate Loan,1209909.0749701078,0.07638179170421587,0.5491287068671196,0.5453517811025681
A_01190,Asset,Corporate Loan,1725609.0531560907,0.07040752064991122,0.5177295319359274,0.4996545477221776
A_01191,Asset,Retail Loan,840348.4293673962,0.08465162993416579,4.1603329998857514,3.365593371566975
A_01192,Asset,Corporate Loan,1579142.728076642,0.07309194254890641,1.4218128886771149,1.3680499327064473
A_01193,Asset,Corporate Loan,4738407.033231456,0.0731550810569033,1.5161567948801806,1.359652196415572
A_01194,Asset,Mortgage,4543418.156068385,0.06809479993930678,5.874168078710839,5.669200545753238
A_01195,Asset,Mortgage,1044511.131443336,0.0655039820405511,13.05119208754665,11.195704981465216
A_01196,Asset,Government Bond (HQLA),296807.72467586305,0.030751622761030287,0.3848275811695654,0.3521782297191814
A_01197,Asset,Corporate Loan,133997.19011155897,0.05133764278202432,2.900916936555326,2.40373571757066
A_01198,Asset,Retail Loan,2855949.2448057686,0.08663788664321857,4.729067535683889,4.5613345739828475
A_01199,Asset,Retail Loan,2732975.727474644,0.07995871776883172,2.8382519100220875,2.3115933702589455
A_01200,Asset,Mortgage,2540941.0535502406,0.054558719021851464,12.65148849861264,10.499170809414641
A_01201,Asset,Corporate Loan,903312.4924205728,0.06839348717207724,2.6809864083870374,2.2290814217420007
A_01202,Asset,Government Bond (HQLA),2615909.0435098372,0.03253665808830135,0.2385070585561445,0.20288359215316684
A_01203,Asset,Mortgage,4098219.2641526437,0.05505608593073512,14.789473558546618,13.177293395439744
A_01204,Asset,Mortgage,705729.7488925365,0.05638742800392553,10.469155137931242,8.562665711020419
A_01205,Asset,Corporate Loan,4273759.75290765,0.052977129947590434,2.640384054986651,2.1602148384416577
A_01206,Asset,Retail Loan,4380092.009642268,0.08879987210509785,1.5156103402939958,1.2431538040687704
A_01207,Asset,Corporate Loan,1812533.1306397668,0.05701071346476091,2.4722849074146676,2.2938857330502627
A_01208,Asset,Retail Loan,3582618.4014051612,0.0650720719650704,4.4947121382429955,4.3747893426902476
A_01209,Asset,Corporate Loan,679196.9297917687,0.05482580880455294,1.56885463839928,1.4748325175077164
A_01210,Asset,Mortgage,573692.7753503548,0.06443875168077752,10.061398526946444,9.932940711005736
A_01211,Asset,Corporate Loan,4753882.156876465,0.061825714837997245,1.8392224261400745,1.7833847841033912
A_01212,Asset,Corporate Loan,2385917.427294389,0.07540355005609237,1.7257812235245709,1.6677747971627217
A_01213,Asset,Corporate Loan,1699834.3063590988,0.06718317529211328,1.7298200600978233,1.4663121456806725
A_01214,Asset,Mortgage,2458089.6903754934,0.04320462978891972,8.340455484199596,7.070779872952237
A_01215,Asset,Government Bond (HQLA),1560243.4497566565,0.029213455833099866,0.4208326497973671,0.36251262958961117
A_01216,Asset,Retail Loan,1649568.8255331153,0.08206849488079868,3.1764344957578743,2.767664808005596
A_01217,Asset,Corporate Loan,4829313.695262094,0.057746804397799494,1.443371193075779,1.2249796180344779
A_01218,Asset,Corporate Loan,3809624.7361488733,0.07127888381422304,1.014970460471183,0.8162696575657146
A_01219,Asset,Corporate Loan,3890532.072753795,0.06691211304336199,1.3468323894360785,1.132680445535202
A_01220,Asset,Mortgage,308781.56118036015,0.04594589159265004,13.525426448755004,13.185662411965438
A_01221,Asset,Corporate Loan,3627283.6936487085,0.07717735013703943,1.2980632444654712,1.0713271951764094
A_01222,Asset,Retail Loan,2490499.1195360716,0.06783920738807048,1.3277537561525845,1.312820876704575
A_01223,Asset,Government Bond (HQLA),1912483.6801855885,0.030896493513468633,1.8542434399264778,1.5834283915043872
A_01224,Asset,Mortgage,3311563.942545543,0.0479514186222785,14.891253191087333,13.914564195592295
A_01225,Asset,Retail Loan,612547.891548761,0.09997842724238692,1.015673499804373,0.9755084266000529
A_01226,Asset,Mortgage,2573144.0726764896,0.04453792853388028,8.0006708290544,6.856054439015036
A_01227,Asset,Corporate Loan,3793734.980052456,0.05232450879666448,1.849154472257881,1.485991262315655
A_01228,Asset,Retail Loan,2081968.6328020277,0.08549609924836887,4.732771668196073,4.54518911490819
A_01229,Asset,Corporate Loan,1840247.111815462,0.07627799066558615,0.7710009317915568,0.7375641678577286
A_01230,Asset,Retail Loan,2585689.7911874894,0.08500366210746114,2.9494992316849795,2.917754888719508
A_01231,Asset,Corporate Loan,2724075.470554162,0.05188722428054072,0.6258073323366599,0.5240944650097381
A_01232,Asset,Retail Loan,3729596.8330715615,0.06544224937726571,3.8933212159758526,3.7656817173198895
A_01233,Asset,Retail Loan,1540819.1556369262,0.07489228394292191,1.99590759664546,1.6983831463023913
A_01234,Asset,Corporate Loan,2066669.0127056928,0.05167779050384677,2.9664237269483165,2.4574930232477747
A_01235,Asset,Retail Loan,3147913.9151627603,0.09345758949504493,1.2180371096548783,1.099141737731201
A_01236,Asset,Corporate Loan,2829892.813175361,0.05593070909343463,0.9270342657655268,0.8007383291770028
A_01237,Asset,Corporate Loan,1090082.990904062,0.07910350659255297,0.7908293178331531,0.6361402269886482
A_01238,Asset,Mortgage,3950773.9903963595,0.044068798480219405,7.97214113845096,6.609907335828217
A_01239,Asset,Mortgage,3231892.6258765594,0.06812443517197314,12.827456742513867,12.037099058263871
A_01240,Asset,Retail Loan,1255040.952988783,0.06837224303336834,4.368774923492458,3.5583866747348285
A_01241,Asset,Mortgage,2042505.459676203,0.059507652132809855,14.200400525459036,11.617117560316064
A_01242,Asset,Government Bond (HQLA),1329858.4550192172,0.02804520827367084,0.7407037317719429,0.6001513909183678
A_01243,Asset,Corporate Loan,660426.5308226966,0.06052129363976253,1.5024258167208795,1.434167632084043
A_01244,Asset,Mortgage,809393.7678259857,0.05120059483095495,8.665511873792262,7.194819298982671
A_01245,Asset,Mortgage,3550780.2252603453,0.05100165725781397,6.903817862970348,5.669146014495563
A_01246,Asset,Corporate Loan,650791.0265156673,0.07342046224063586,2.9648354215622943,2.60326695218298
A_01247,Asset,Corporate Loan,4561141.990271224,0.05523495459193866,1.8852482009895652,1.6509885247552707
A_01248,Asset,Mortgage,3238854.4291486084,0.06600464457065468,11.507243843338003,11.263228266989493
A_01249,Asset,Government Bond (HQLA),519503.50660312275,0.03481019042436637,1.1338394037298918,1.0787182195331058
A_01250,Asset,Corporate Loan,875597.3091591871,0.07160334000544838,2.493551384854161,2.037797902369645
A_01251,Asset,Corporate Loan,911188.1276329277,0.05054243276617056,1.3436926142824297,1.1825381489179823
A_01252,Asset,Corporate Loan,3116933.83449408,0.0750887393930738,2.1587258628217754,1.8200057603403978
A_01253,Asset,Retail Loan,4265109.000894732,0.09899040325344782,1.6264512595705996,1.5752304805448387
A_01254,Asset,Corporate Loan,4908036.0533640245,0.059091972835253054,0.7434418227700106,0.6896500027068316
A_01255,Asset,Corporate Loan,4645444.13230492,0.06648235496182894,0.6640652204445439,0.6097269239778313
A_01256,Asset,Mortgage,1315547.8054924814,0.06531041588994933,8.645664275198644,7.253613366837639
A_01257,Asset,Mortgage,2835144.343368575,0.06140822098790415,12.62187511194082,10.621336925360662
A_01258,Asset,Corporate Loan,4345229.606385208,0.0789977231066995,1.5802905920048234,1.4071587272545116
A_01259,Asset,Retail Loan,1977701.6663844825,0.07278883397359417,4.806809625562149,4.680004218606077
A_01260,Asset,Mortgage,1783423.2954432073,0.06173673727476455,5.832576580506322,5.02944513235879
A_01261,Asset,Mortgage,2241141.498889144,0.0633372822024561,9.852667423426215,8.6355936859137
A_01262,Asset,Corporate Loan,1912142.8204096297,0.06577839730704378,1.4183512881931999,1.3641133773541902
A_01263,Asset,Corporate Loan,2645060.866661797,0.05808318338910965,2.176818313606502,1.8622779957161961
A_01264,Asset,Government Bond (HQLA),3631496.1379888887,0.032954401088412244,1.196654684824287,0.9643360110299192
A_01265,Asset,Corporate Loan,2572068.9224597993,0.06078271480492452,1.8643741994485892,1.521878926123776
A_01266,Asset,Retail Loan,4756186.330402725,0.07866732623323457,2.634798249083736,2.1356145316700714
A_01267,Asset,Retail Loan,3600048.1628814507,0.08034823936865067,3.152378656484445,2.675187041302001
A_01268,Asset,Mortgage,882771.0665870348,0.05382136514044827,6.8993474366102,5.914506795851189
A_01269,Asset,Retail Loan,3243926.3405389916,0.09298068279199717,3.603886980874178,3.184184477962046
A_01270,Asset,Retail Loan,1404648.6053612155,0.08385034300930809,4.920021852787268,4.634401875620724
A_01271,Asset,Retail Loan,2615118.3743034783,0.08276920848365792,1.1501146301272125,1.1318901091339928
A_01272,Asset,Government Bond (HQLA),2725735.7431751746,0.03890034188496988,0.9705891299792103,0.9072309801399911
A_01273,Asset,Retail Loan,2355341.609454113,0.07879217285794726,1.9609800738572156,1.7474158412922633
A_01274,Asset,Corporate Loan,1816013.9272287935,0.06511158303769869,0.9106761236398202,0.8797500878219755
A_01275,Asset,Mortgage,1724920.9363298183,0.06736622713747548,14.355230227588573,12.085233076258039
A_01276,Asset,Retail Loan,3719478.1063362733,0.09871458263805422,4.3104410453966135,4.215470299670485
A_01277,Asset,Corporate Loan,2673759.079101285,0.05739969340534334,0.5696026281564657,0.5080416566304838
A_01278,Asset,Corporate Loan,2808396.574926133,0.05839300792661123,2.3565899742042262,2.1515443095822513
A_01279,Asset,Retail Loan,2097644.3417368745,0.08773603413716176,4.000643331818404,3.9931563175911653
A_01280,Asset,Retail Loan,2516037.030911197,0.07762412456236699,2.318121655095987,2.2518002547542992
A_01281,Asset,Mortgage,4418083.89717053,0.06620083353524314,7.035111083318864,5.71217571414243
A_01282,Asset,Mortgage,1678915.208330603,0.05536265730095992,8.145876334140665,8.049250254899134
A_01283,Asset,Retail Loan,1793543.3266001893,0.07584217909741867,4.426287954733343,3.717335519173867
A_01284,Asset,Corporate Loan,1958484.882383763,0.07285803127229291,2.7885405036667588,2.5125394401782684
A_01285,Asset,Government Bond (HQLA),2353123.7798158205,0.0252454864362997,0.21065187855852294,0.18689331601524145
A_01286,Asset,Retail Loan,4740447.375304013,0.0707314880171109,4.067395591271092,3.734523624003623
A_01287,Asset,Mortgage,4709330.69808865,0.05545576678414642,13.816353491754107,13.193657679078031
A_01288,Asset,Corporate Loan,2785884.2557254233,0.05378412974048456,0.7868548958454797,0.712817140175419
A_01289,Asset,Retail Loan,154132.66717931972,0.061299463867606596,3.891356815600849,3.5763723710406006
A_01290,Asset,Corporate Loan,4845632.718360132,0.05190804309133392,1.710532848369104,1.5571623568918733
A_01291,Asset,Mortgage,4984403.957193128,0.049608962274902274,9.303431736890726,9.129742800956548
A_01292,Asset,Retail Loan,3096373.129412987,0.06164329459822221,2.622857696723791,2.280463806942265
A_01293,Asset,Retail Loan,3446151.21202026,0.0707218874951455,4.795161990767673,4.6143517182586855
A_01294,Asset,Retail Loan,2713698.999697075,0.09736131964522557,1.2822002548395783,1.2222833653171272
A_01295,Asset,Mortgage,4128287.089042088,0.06906833191522874,11.475197955701631,10.818720121320256
A_01296,Asset,Government Bond (HQLA),2609802.8654526584,0.030563554428460343,0.3224223846655391,0.26611923568710394
A_01297,Asset,Corporate Loan,2438340.6496119318,0.05030140943164495,2.056438494581954,1.7252862931342363
A_01298,Asset,Corporate Loan,4754992.629866217,0.06273116078160904,1.459022600887896,1.3757696300356868
A_01299,Asset,Corporate Loan,1529684.4429867496,0.05653099396571697,1.5270409889185694,1.5166636639882063
A_01300,Asset,Retail Loan,1890592.0836037763,0.06887117967734185,1.1033558888800448,1.0549121964305672
A_01301,Asset,Retail Loan,446313.84251837974,0.06039876938938074,2.897812719378093,2.367377463596354
A_01302,Asset,Mortgage,3868793.0570550514,0.06563546307732249,14.15138820404896,13.25468708462446
A_01303,Asset,Retail Loan,3925100.6590339546,0.09196328583087818,4.382043243362242,3.951270018902371
A_01304,Asset,Retail Loan,4234383.379659197,0.09923044697555407,3.908651238960554,3.2486306041915864
A_01305,Asset,Retail Loan,1098400.8419134384,0.06747629185800473,4.170159070485347,3.391723675183212
A_01306,Asset,Government Bond (HQLA),172845.19665348827,0.02730733683101306,1.6869637143018448,1.6335259198428556
A_01307,Asset,Corporate Loan,4513074.585957482,0.05027294543842328,2.8154824660365665,2.294850304675925
A_01308,Asset,Retail Loan,3363111.3109993334,0.07839767805175851,4.553088786046024,4.195191526664773
A_01309,Asset,Retail Loan,4034585.827714342,0.0707439573165839,4.869312445413879,4.377342389219565
A_01310,Asset,Retail Loan,2817726.4494916936,0.0657774593662031,3.0111337673867222,2.6751311142575
A_01311,Asset,Corporate Loan,2633062.8327606875,0.050254867358216285,1.964135838571998,1.870252495753385
A_01312,Asset,Mortgage,1863117.611722285,0.06264797619355152,5.529359355688182,5.47978882653269
A_01313,Asset,Retail Loan,1651446.8379983376,0.08307744493379358,1.7352515579272598,1.441939000600533
A_01314,Asset,Corporate Loan,3500214.4189746017,0.06159387692983806,1.900289957523371,1.6799511856123104
A_01315,Asset,Corporate Loan,79030.40304144844,0.07643774203289035,0.6962746711340246,0.5678647704107774
A_01316,Asset,Mortgage,4604188.91233981,0.05111474311178543,7.7068360430173115,7.042385633655477
A_01317,Asset,Mortgage,4712432.65693908,0.042598592825640824,12.395632481112681,11.57542378193401
A_01318,Asset,Corporate Loan,2379969.947480755,0.05573186418039075,0.6228709758629426,0.5967743771218378
A_01319,Asset,Corporate Loan,1543228.0960741867,0.07563198539977041,1.4600476849123953,1.3867530042026694
A_01320,Asset,Retail Loan,631634.1090512478,0.09683025804218935,2.007992886576287,1.839959559123925
A_01321,Asset,Corporate Loan,3002148.3184776846,0.07421321060958538,1.4150706643662883,1.2801539355832403
A_01322,Asset,Retail Loan,688872.3679038617,0.09746280872283357,3.1474365860104734,2.712053018635903
A_01323,Asset,Mortgage,3832273.1535654524,0.041090222449487276,7.4781244290690685,6.134824847554281
A_01324,Asset,Mortgage,1038365.2033012011,0.05505097498019275,8.712709205053937,8.23432600188902
A_01325,Asset,Retail Loan,2061513.7061234342,0.08163308255886159,2.9402916365707816,2.8334770991752367
A_01326,Asset,Retail Loan,4048765.6865417804,0.08223483256795838,3.771513710786609,3.5448667594894188
A_01327,Asset,Corporate Loan,735068.0505422166,0.06574016920056867,2.164413100663418,2.008304719436503
A_01328,Asset,Corporate Loan,4538989.557832188,0.052562074528726216,1.9684246714389424,1.751820791674012
A_01329,Asset,Mortgage,3980966.080574748,0.06684242712493904,9.945970527637588,8.489220899612729
A_01330,Asset,Corporate Loan,4498054.707316401,0.07057138306474042,2.7406417911789474,2.6633450299937405
A_01331,Asset,Retail Loan,4331725.132228493,0.06713326049712866,2.282479626200907,1.9352550558762789
A_01332,Asset,Corporate Loan,1293400.4227921127,0.05404935458214927,1.3014189650412475,1.1182251839736093
A_01333,Asset,Corporate Loan,2237175.8550507664,0.07239356386571343,1.366796903089778,1.3376868548278669
A_01334,Asset,Mortgage,1693403.475482512,0.04455940547422154,12.444421678375537,10.279883741917539
A_01335,Asset,Corporate Loan,4048126.726768082,0.05189760226696039,1.1158706181057547,0.9220906545768313
A_01336,Asset,Mortgage,3187227.259499074,0.05665887475984545,7.532011633699767,6.820356477721948
A_01337,Asset,Mortgage,1204278.3943870007,0.04928105686240039,13.644029871943976,12.809374501937912
A_01338,Asset,Retail Loan,1894652.7929760288,0.08173937714332058,2.406839271835233,1.9604843157345555
A_01339,Asset,Mortgage,1128014.9687494643,0.0640963636973228,11.770378148820102,10.739003368670213
A_01340,Asset,Mortgage,3326208.5454642773,0.06426575617100697,8.555297971520076,7.34848998361323
A_01341,Asset,Corporate Loan,3739718.8087506206,0.05908302822852275,1.447389774531269,1.290882363244191
A_01342,Asset,Mortgage,4653112.72757104,0.05984398615970956,10.450834128598903,10.24865986263064
A_01343,Asset,Retail Loan,1198788.960437517,0.092949778476492,3.83560002500633,3.7259241325042467
A_01344,Asset,Corporate Loan,492232.5163447408,0.05692203770621162,1.5944536932490498,1.3684228072253195
A_01345,Asset,Mortgage,423859.07582814,0.05283007257472508,13.27581217480702,12.203296298539339
A_01346,Asset,Retail Loan,1719927.4378685341,0.0984617489152444,1.3588036760593831,1.3064249601767604
A_01347,Asset,Corporate Loan,1156832.614202172,0.060337897871809154,2.8336377631246306,2.3581445234806053
A_01348,Asset,Corporate Loan,4721681.89570684,0.057143745297619966,0.5095757262508065,0.503302608582743
A_01349,Asset,Retail Loan,610555.0856171083,0.09447375293179319,3.280748863199218,2.9376545889634813
A_01350,Asset,Government Bond (HQLA),3411899.9127130643,0.03985664263363951,0.2407423236998507,0.21223334023712861
A_01351,Asset,Retail Loan,2811501.9587105336,0.06345830028480609,2.2172303672834572,1.7744176869567758
A_01352,Asset,Corporate Loan,4192473.940021632,0.07997621896830323,1.9307879640751913,1.655398381450344
A_01353,Asset,Retail Loan,840759.8281580238,0.07140746384040192,1.6562543530613407,1.5876324377021984
A_01354,Asset,Government Bond (HQLA),4876681.490053022,0.03762595091228184,0.54135034278326,0.4686204752467352
A_01355,Asset,Retail Loan,4356623.38132482,0.06658923584324247,3.5444225385744743,3.1402387502421587
A_01356,Asset,Retail Loan,3697133.115115475,0.09957119780425541,2.8136649224970722,2.2817387452509674
A_01357,Asset,Corporate Loan,2435405.827194388,0.059478074671569105,1.7578338868707994,1.6626437538034011
A_01358,Asset,Mortgage,4696660.544790422,0.065517405919198,13.050933767995263,11.877773065330732
A_01359,Asset,Mortgage,1552344.3502823636,0.04950739041455633,8.984787621092144,8.027705286031267
A_01360,Asset,Retail Loan,4809976.639159512,0.06392178152443759,2.2513785120226726,2.0383157791002544
A_01361,Asset,Retail Loan,597188.6732274736,0.07857400999528567,1.8775575567849851,1.6647367578161791
A_01362,Asset,Mortgage,3710399.536726361,0.0500111262272689,9.263182939907013,7.996848000231929
A_01363,Asset,Mortgage,307758.41079528525,0.06386633175779945,5.1282164951060585,4.591955179270271
A_01364,Asset,Retail Loan,1216051.3762427813,0.09438011902499592,4.73001581238953,4.455471552103041
A_01365,Asset,Corporate Loan,2625601.9496473595,0.07897311331652862,2.9381113382098967,2.4769859554057145
A_01366,Asset,Mortgage,1026351.1975267332,0.060282791024937304,7.135374778839514,6.286266747924389
A_01367,Asset,Government Bond (HQLA),490598.1877352437,0.03837043060886243,1.0718987175380368,1.05134262866575
A_01368,Asset,Retail Loan,1864856.6154774595,0.06637579539085608,3.476485600186785,3.454251508505137
A_01369,Asset,Government Bond (HQLA),876403.3862206225,0.021708169656165305,0.33019537639587226,0.3242151197081811
A_01370,Asset,Retail Loan,2110610.3962945556,0.0839604417685427,2.795405462608012,2.2764302444411326
A_01371,Asset,Retail Loan,4660877.415248684,0.09125162589622769,4.633640429074278,3.724892022473615
A_01372,Asset,Corporate Loan,3158395.7399473935,0.07728760085161332,1.1879755294336891,1.1009894573515178
A_01373,Asset,Retail Loan,4549577.66473673,0.06310849673566901,4.83106663270489,4.3792268596073995
A_01374,Asset,Corporate Loan,1994553.4285829416,0.06734216306037238,0.9491280448883548,0.9411514500291898
A_01375,Asset,Corporate Loan,460427.17790268175,0.06020668983353771,2.050003333693521,1.9909325653657008
A_01376,Asset,Corporate Loan,1004556.0642641158,0.07306292542163481,0.9777640567278624,0.8341476468898127
A_01377,Asset,Mortgage,1069142.1882946668,0.053964609173190986,8.216863687013094,8.12351329502799
A_01378,Asset,Government Bond (HQLA),1074015.7833403246,0.022987987769075447,0.7806161783618383,0.7041134634165228
A_01379,Asset,Corporate Loan,4508762.804131125,0.06150702173021877,2.8250134444776815,2.5378440156198345
A_01380,Asset,Mortgage,4043203.6483380543,0.04960178692550748,5.036563113446492,4.4541090085846635
A_01381,Asset,Retail Loan,1037879.4986848969,0.08573478900279043,1.1511380263827187,0.9813475366445641
A_01382,Asset,Retail Loan,1193347.587113915,0.09405956726586187,4.207655811344506,3.7726399478459993
A_01383,Asset,Corporate Loan,4890375.782833819,0.056460778485638255,1.0014116489701748,0.859585157383398
A_01384,Asset,Retail Loan,1927859.7111107237,0.08461391362514298,4.643336907959015,4.097230849022743
A_01385,Asset,Government Bond (HQLA),289897.9507553205,0.03131777210203518,0.4995247380135366,0.46111654297765287
A_01386,Asset,Retail Loan,2045041.8516403043,0.08792282185613606,3.596615859323491,3.336321506230225
A_01387,Asset,Corporate Loan,512924.61180965207,0.05386263312104167,1.5677811160483353,1.5513581882285357
A_01388,Asset,Corporate Loan,1620432.9130664945,0.06493845777746791,2.4157601777972504,2.082401712032103
A_01389,Asset,Mortgage,4342403.1474555535,0.04140893267223002,11.73008166288677,10.712668056692348
A_01390,Asset,Mortgage,725689.9098137318,0.0664748531520441,7.286707513846034,5.858690231440491
A_01391,Asset,Mortgage,2395177.7979463935,0.04021289597484662,9.467721588396069,9.125744134879858
A_01392,Asset,Corporate Loan,2726789.8749376875,0.07107888729313748,2.1932517158391485,2.1739423535369773
A_01393,Asset,Corporate Loan,2028611.7773234164,0.06926330705076564,2.8842590662292698,2.4793958266214444
A_01394,Asset,Retail Loan,4220644.782252647,0.08641878885457725,2.4487264111766063,2.1895612491246603
A_01395,Asset,Retail Loan,3028348.7126713023,0.0765336983948477,1.2427322758027293,1.1300450262333845
A_01396,Asset,Corporate Loan,3755927.2674924047,0.07313729222099534,2.569812386363281,2.075798307898233
A_01397,Asset,Retail Loan,2706207.170855683,0.09339827100208467,4.739288161775205,4.590033293683922
A_01398,Asset,Corporate Loan,2175767.090539578,0.054721147500497315,1.6767648682898435,1.3518306844953465
A_01399,Asset,Government Bond (HQLA),1241527.2990343582,0.02166758107537519,0.5559029170748995,0.5479543672263604
A_01400,Asset,Corporate Loan,3351832.4427705016,0.060368605067023684,2.7789422181576313,2.5685803556891558
A_01401,Asset,Retail Loan,974524.0147440901,0.09067073425353343,4.32498322035977,3.763291327666606
A_01402,Asset,Corporate Loan,2691094.446090218,0.05723733008114084,0.5006025117128363,0.4213302826518249
A_01403,Asset,Retail Loan,4039233.9205405344,0.06766085288200592,2.1186954261857727,1.908632478543579
A_01404,Asset,Mortgage,1244681.0339956244,0.05069214207548994,5.785362427927987,5.493377297344396
A_01405,Asset,Corporate Loan,4093127.17939302,0.07377987430254851,2.898980369023085,2.6692669496832155
A_01406,Asset,Corporate Loan,248341.97742392,0.06150443367725128,2.960804947035103,2.458787567396758
A_01407,Asset,Mortgage,1457227.0310225238,0.057603037235337745,10.857782709310477,9.654153675933028
A_01408,Asset,Mortgage,1361586.954699443,0.05613076385772915,9.486325916177343,8.848132810388032
A_01409,Asset,Mortgage,2004296.0502473675,0.044518328592055574,11.46046944096596,11.306092563861174
A_01410,Asset,Corporate Loan,3661131.03878337,0.05615561428714421,0.5508527047054441,0.49434431115544575
A_01411,Asset,Mortgage,2659912.9922558516,0.054513906897483894,14.29870482293879,12.841521231331892
A_01412,Asset,Retail Loan,4023148.408553488,0.0959844995748926,1.98786164986825,1.952407827367789
A_01413,Asset,Government Bond (HQLA),2625140.9210602953,0.03557031760123327,1.3864781910889243,1.1455123351656802
A_01414,Asset,Corporate Loan,219774.6114513928,0.05464528044860682,1.7439152084718148,1.4589325812901406
A_01415,Asset,Corporate Loan,2190563.9752466897,0.052232852553155476,2.057931061330468,1.8536574332217322
A_01416,Asset,Retail Loan,2891177.1164071225,0.08226837026211416,3.549618449044734,3.3638282322039275
A_01417,Asset,Corporate Loan,3837277.628583998,0.0645255349496779,1.5819177042704842,1.4705830092743175
A_01418,Asset,Retail Loan,3287271.396030229,0.07239388467013119,3.4743405962884615,2.8390881904219363
A_01419,Asset,Retail Loan,4619957.547576881,0.06508410455082961,3.7571172849033485,3.273743984989878
A_01420,Asset,Corporate Loan,4186079.940198711,0.05709899394410027,0.6091523217825213,0.595720390074434
A_01421,Asset,Retail Loan,1046925.5588297426,0.08453607386088685,4.836096703891863,4.121970969853196
A_01422,Asset,Retail Loan,189547.1352137497,0.09525943278355642,1.978980318547709,1.7478012420521727
A_01423,Asset,Mortgage,4595510.925130791,0.04573832113112192,9.080404616028165,8.203451702099354
A_01424,Asset,Government Bond (HQLA),4031653.349981618,0.033851456001551636,0.2250767023899922,0.2058055236040073
A_01425,Asset,Government Bond (HQLA),656283.0134089713,0.03758925387023784,1.1146686150888476,0.9831430213752589
A_01426,Asset,Corporate Loan,398780.35445144353,0.059735199475068425,1.195359101122277,1.1822394250542563
A_01427,Asset,Retail Loan,2331300.2395847775,0.0664873348963151,3.685217694257119,3.306703373872077
A_01428,Asset,Mortgage,4340933.304483977,0.060071605459508445,11.262592746624268,9.294530061769313
A_01429,Asset,Government Bond (HQLA),706241.6835481876,0.025296326435566376,1.5718785806454167,1.5510018776406165
A_01430,Asset,Mortgage,3781377.8792429264,0.05329119929905483,7.190591730598833,6.640961874092781
A_01431,Asset,Mortgage,564598.9107663285,0.0667066201166367,14.623653164545283,12.489619335822448
A_01432,Asset,Mortgage,2615703.419047126,0.049433023174342165,9.618064815620187,8.81201055690853
A_01433,Asset,Mortgage,2084117.8795656534,0.06097938763465911,11.292191930082922,10.63977835274752
A_01434,Asset,Retail Loan,4305751.638141082,0.07049664326784857,2.8330132590601917,2.403395018300172
A_01435,Asset,Corporate Loan,4439816.120371348,0.0724917724035063,1.4458689542066172,1.184692602829314
A_01436,Asset,Corporate Loan,4958846.394944041,0.056315854653218395,2.426094506980842,2.1841844865668496
A_01437,Asset,Retail Loan,2077326.589949421,0.09084899261161615,4.120336094939859,3.484238920020011
A_01438,Asset,Government Bond (HQLA),2983212.5046858927,0.030038711615617213,0.8218561528278275,0.7569412287696731
A_01439,Asset,Corporate Loan,2457704.925904082,0.05529235731283659,1.7623320102235003,1.6963266507824102
A_01440,Asset,Corporate Loan,698845.3154382803,0.07797331935132053,2.4153927539569446,2.3899378472036314
A_01441,Asset,Corporate Loan,720808.5241257325,0.053378276880476624,1.7959990665826628,1.7722873596358526
A_01442,Asset,Retail Loan,1301191.0067582622,0.07532657874236504,2.6265461075398817,2.518680631398717
A_01443,Asset,Corporate Loan,895302.8870165176,0.06527340155562567,1.1680247387151852,0.9688657556469865
A_01444,Asset,Corporate Loan,2850449.167428172,0.07813113846138103,2.2867557909556444,2.246625312849269
A_01445,Asset,Government Bond (HQLA),1261342.2052673197,0.02604553400992897,0.3499740826147738,0.3426305885320145
A_01446,Asset,Government Bond (HQLA),4303658.507798856,0.03894855996119587,0.30903367014233285,0.2733933131091526
A_01447,Asset,Retail Loan,2239849.016703558,0.08175511684644471,1.1842766787018704,1.027609670796355
A_01448,Asset,Corporate Loan,3085193.2856784295,0.06985704729415786,2.672002739544551,2.369558144769623
A_01449,Asset,Mortgage,4532631.580987005,0.055957989326583746,6.197599664321972,5.310737976696649
A_01450,Asset,Retail Loan,3359306.1408142275,0.06651610617909576,4.451083109836903,4.2840906297996355
A_01451,Asset,Mortgage,4575985.191199093,0.06711859195569668,7.652850890860524,6.6130775623385185
A_01452,Asset,Corporate Loan,300011.98061979655,0.07161119638196609,0.6097027209218591,0.5419623071311567
A_01453,Asset,Retail Loan,992546.8053233055,0.060016061761013595,3.6798139634368723,3.536957086233708
A_01454,Asset,Retail Loan,997873.5937951913,0.07939434958864415,2.5449455811963584,2.216645115224483
A_01455,Asset,Corporate Loan,4821384.2597622825,0.05070298866102165,2.1039492031084857,1.8641730144403648
A_01456,Asset,Mortgage,1542208.1227328065,0.06275154314769754,5.945563447743883,5.47706949579238
A_01457,Asset,Corporate Loan,315203.9700566692,0.06867648188639341,0.8512475244887934,0.7163799257053518
A_01458,Asset,Corporate Loan,2747164.3458454977,0.0784527546662448,1.2087679756773486,1.1706831071419717
A_01459,Asset,Mortgage,436069.63872657495,0.05478344037594868,6.061300193090195,5.043866525368855
A_01460,Asset,Government Bond (HQLA),834675.1584356767,0.02728242113683011,1.0261888873815506,0.9521773579930108
A_01461,Asset,Retail Loan,2180066.318809835,0.09551006098686753,2.0988201312285746,1.696092526916569
A_01462,Asset,Government Bond (HQLA),4173320.985837352,0.03578581309354209,0.6653843612375493,0.536461291971629
A_01463,Asset,Government Bond (HQLA),2656644.965819457,0.027251664251893543,0.676233949524346,0.5499682705075073
A_01464,Asset,Government Bond (HQLA),244495.12849592764,0.028854718554129168,1.3443235339809323,1.3305889079622006
A_01465,Asset,Retail Loan,2683829.778493156,0.08811465776200406,2.929424834331012,2.3833860399588165
A_01466,Asset,Retail Loan,1112095.8594596067,0.0675655478530696,3.9526030193667587,3.6154394710008955
A_01467,Asset,Retail Loan,4315043.502915693,0.08073971899768961,4.768741817958555,4.151007476160169
A_01468,Asset,Retail Loan,296415.9575390667,0.08616943119781272,2.0740003047899815,1.880544579467265
A_01469,Asset,Government Bond (HQLA),2011572.4493339178,0.02978645494950243,1.4183403504239496,1.2800737862817453
A_01470,Asset,Retail Loan,2302006.3453678987,0.08826570086995736,2.883139988050829,2.84891134964338
A_01471,Asset,Corporate Loan,258892.3194774273,0.06633383996447506,1.7407378137515992,1.4512324183461764
A_01472,Asset,Mortgage,4925399.0867853835,0.04591318116470957,14.457747170084609,14.09735381696195
A_01473,Asset,Mortgage,2296540.4908442125,0.06548800524947375,10.40610994324729,9.324155348492095
A_01474,Asset,Corporate Loan,2491575.09047863,0.05567232961335047,1.9478245100876228,1.909221639738389
A_01475,Asset,Mortgage,3184681.1408205703,0.05812521814517776,5.994962261806381,4.941000730501679
A_01476,Asset,Retail Loan,2660188.933429847,0.08355241080624894,2.61114213618598,2.1355080614480086
A_01477,Asset,Corporate Loan,915194.239473532,0.06683450637305524,2.9677502148102914,2.7822283501933875
A_01478,Asset,Corporate Loan,518957.62815775356,0.0585877710614955,2.9396771569588416,2.600913573744461
A_01479,Asset,Corporate Loan,172251.62354625086,0.06609734570085861,2.525647826293217,2.1610539877861306
A_01480,Asset,Retail Loan,854367.1565984851,0.08744096895743564,4.580135435413748,3.893025094459003
A_01481,Asset,Retail Loan,3468545.7963138497,0.07618078097832941,3.2896309038710605,2.8709342151482438
A_01482,Asset,Retail Loan,3364575.719860712,0.06702860983347303,4.8826721111754825,4.489242622474199
A_01483,Asset,Corporate Loan,2261109.1726360912,0.07475404626984257,1.135368200319536,1.0184833166507534
A_01484,Asset,Corporate Loan,1558566.5183467625,0.05257731164608462,0.9545211641673743,0.8999452980838707
A_01485,Asset,Retail Loan,3465873.003234549,0.07663099203958607,2.5615057841878155,2.2895648013607306
A_01486,Asset,Corporate Loan,548068.8872518209,0.06991203082081815,1.2740795250071144,1.1889160748018126
A_01487,Asset,Retail Loan,2327508.0014605555,0.06841488326119344,1.77378891204775,1.427207263612325
A_01488,Asset,Mortgage,1092997.9921207856,0.04838804297935396,7.275338769364633,6.005658392198855
A_01489,Asset,Corporate Loan,421957.6182290535,0.06934270179770279,0.8355060658158757,0.7251625543989065
A_01490,Asset,Mortgage,2809252.4861172033,0.05952483851467985,7.560211730615131,6.223980112834511
A_01491,Asset,Corporate Loan,2213883.1199729214,0.068120149932185,1.169683957043602,1.1395841504736013
A_01492,Asset,Government Bond (HQLA),3058425.7052799514,0.024504142004324034,0.8689411612254232,0.7398332038734393
A_01493,Asset,Corporate Loan,1868024.6213395107,0.06104886402967129,2.7845363065623605,2.435603049756649
A_01494,Asset,Corporate Loan,4191270.0413199076,0.06842506550956678,2.1269708021172544,1.843719132162141
A_01495,Asset,Mortgage,239901.11371072062,0.05538249699381789,13.707971723381132,12.058217970372416
A_01496,Asset,Corporate Loan,3353706.8761424636,0.07614655569374743,0.5319135662947434,0.4730562158584355
A_01497,Asset,Corporate Loan,734315.5498885827,0.06488968313853137,1.5986634358961054,1.4079897910182941
A_01498,Asset,Mortgage,2133437.817358169,0.05797832553470776,14.614175778465734,14.051465520542516
A_01499,Asset,Retail Loan,2016591.9000822331,0.08277929552546368,2.347390805788611,2.28218663657738
A_01500,Asset,Retail Loan,409245.2503213184,0.0685140034415343,4.401270832630395,4.10968950471164
A_01501,Asset,Corporate Loan,4172823.2946917857,0.05389348897167834,0.8127222745910088,0.7406855565326914
A_01502,Asset,Government Bond (HQLA),2104238.9039352336,0.03213378646395772,0.7211899904839203,0.7111580358617058
A_01503,Asset,Mortgage,4977643.873129439,0.04338574434138287,5.225685832023771,4.8175260768390515
A_01504,Asset,Mortgage,1461959.4944184944,0.06360927398143604,7.392110880342187,5.997044887338218
A_01505,Asset,Corporate Loan,2553755.651832032,0.07185845470378331,1.9008716858758086,1.655600586405338
A_01506,Asset,Corporate Loan,2947608.342815234,0.06921449879426636,1.8690402516343678,1.5922163901033755
A_01507,Asset,Retail Loan,640394.77659673,0.08000791742091141,1.8983295306156043,1.8377510829231463
A_01508,Asset,Mortgage,3955750.9908001334,0.052139612249456506,8.509756239260913,7.477832368527254
A_01509,Asset,Retail Loan,353022.4578106815,0.09956866733682346,3.363664371308907,2.803163323970561
A_01510,Asset,Retail Loan,3908681.825028468,0.09318575221411714,2.010344026738897,1.8913061961461826
A_01511,Asset,Government Bond (HQLA),2074189.8169955264,0.029297095616265416,1.3577426949562048,1.2574295954234886
A_01512,Asset,Corporate Loan,983729.6197991704,0.06585752604312327,1.7697435400084522,1.702707016799644
A_01513,Asset,Mortgage,3335768.5385101484,0.061618488719911456,6.133870955525725,5.520858217913124
A_01514,Asset,Mortgage,4603361.123946187,0.06461924681063437,5.551565906017855,4.483108634297553
A_01515,Asset,Corporate Loan,2734384.8793243417,0.0723894143770723,0.8702519965678186,0.6976557368515623
A_01516,Asset,Retail Loan,2924944.307774705,0.09666572410775665,3.8575502481491695,3.630337955467099
A_01517,Asset,Mortgage,2001988.6744357883,0.04360477776206866,5.012844255268014,4.5462031399759555
A_01518,Asset,Mortgage,2116369.0052874894,0.05565586885996537,12.306790115283903,10.028006266373012
A_01519,Asset,Retail Loan,4207991.205057518,0.0957904794804998,3.899650986497758,3.211407237699091
A_01520,Asset,Government Bond (HQLA),1086563.2340521715,0.03994845878107109,0.12238176494461983,0.10478507559181885
A_01521,Asset,Mortgage,924577.4551727107,0.06712104959363678,10.802285321991416,9.333565922651193
A_01522,Asset,Mortgage,980122.7645521617,0.05009351055452531,11.247953987187252,9.473495344612047
A_01523,Asset,Corporate Loan,935263.2891136068,0.061915606589513866,2.754790269594707,2.3389708242110334
A_01524,Asset,Corporate Loan,1636654.025692153,0.07913659735656484,2.361048134533315,2.095682217228409
A_01525,Asset,Mortgage,2851022.2141201166,0.06071868226244025,6.572356650942335,5.932780247155491
A_01526,Asset,Mortgage,4453952.692229741,0.06703532869652068,9.404345706560461,8.935386749549899
A_01527,Asset,Corporate Loan,3035949.5715069203,0.07950791899216322,1.3139528312975286,1.2265358550699763
A_01528,Asset,Retail Loan,1666778.4334526435,0.06225333111196959,3.49325773503623,2.8112929152431203
A_01529,Asset,Corporate Loan,1696816.3894787165,0.05788079929640016,1.5957465200829146,1.3291667703623637
A_01530,Asset,Mortgage,2597127.0255256123,0.04958768278779995,7.001542112493668,6.429947287597243
A_01531,Asset,Retail Loan,779892.3958675888,0.09249269330856476,1.2929824164295605,1.2289563148441236
A_01532,Asset,Mortgage,3595810.450206339,0.054309757461345254,11.69385423669869,10.8572248340523
A_01533,Asset,Retail Loan,3126248.892151084,0.08001433441537562,4.111510822147508,3.583192641496119
A_01534,Asset,Retail Loan,3231870.1483023083,0.0948387039945017,3.771204794519635,3.2751662222365816
A_01535,Asset,Mortgage,2828711.3297372228,0.055834363248868625,13.828364906780791,12.494286756168915
A_01536,Asset,Corporate Loan,3759111.0079550506,0.05220690062647297,2.911726197071152,2.360498343979323
A_01537,Asset,Government Bond (HQLA),2672884.3463151203,0.02964847203189458,1.2683157276771786,1.038410026172991
A_01538,Asset,Mortgage,3748761.993188505,0.04918717735685202,8.11703321492812,7.853783835472765
A_01539,Asset,Retail Loan,4411470.484365001,0.08371938991021977,2.0266467595836577,2.0007033216395502
A_01540,Asset,Mortgage,2101427.571711831,0.05031938908949111,11.895342089054152,10.175890413151917
A_01541,Asset,Government Bond (HQLA),3766411.6443399494,0.027105792864386375,1.3249679570254536,1.0730016702946112
A_01542,Asset,Retail Loan,2793197.214471554,0.0814951676177542,4.048130884156205,3.9192263106558087
A_01543,Asset,Retail Loan,1865422.7783084034,0.07789091872628488,1.9482815646967122,1.5868271702732397
A_01544,Asset,Government Bond (HQLA),1155114.2352933367,0.028517863100733634,1.852384773418811,1.8470217983907962
A_01545,Asset,Corporate Loan,4657622.677670247,0.072447164185427,0.5133724717355571,0.5034182465655752
A_01546,Asset,Retail Loan,525822.9660741498,0.09734715624531741,2.6982904287438223,2.451335635803287
A_01547,Asset,Corporate Loan,748574.2855816432,0.07430420272236384,0.501973777733047,0.41037104902954213
A_01548,Asset,Corporate Loan,4577351.449850198,0.06995818508710733,1.0216297828960776,0.8333839882840468
A_01549,Asset,Corporate Loan,861462.0187183536,0.05903693884381725,2.339883901287945,2.0887633533310708
A_01550,Asset,Corporate Loan,897803.3827978859,0.059079210219104436,2.354094546544052,2.1951328338762126
A_01551,Asset,Retail Loan,3456182.413071434,0.07701425985079935,1.512752291241847,1.284994143884955
A_01552,Asset,Mortgage,1347073.272309029,0.06675460634219839,13.817173063953962,11.596591181031963
A_01553,Asset,Corporate Loan,484202.3265138234,0.07139965188503816,1.478842749004073,1.3781108566290028
A_01554,Asset,Corporate Loan,1448577.2751290957,0.053088384341008585,1.445062373586005,1.3638564635804606
A_01555,Asset,Corporate Loan,3558389.8801109903,0.05973314685905199,1.122358811992182,0.9729089553691114
A_01556,Asset,Retail Loan,1738186.9705115866,0.09589193982998954,4.213218294072134,3.8072480128098145
A_01557,Asset,Corporate Loan,202581.86256188276,0.05039030640277618,2.6980108439634565,2.6681978674192646
A_01558,Asset,Corporate Loan,1742575.7431948967,0.050731729793302906,2.8105460871066503,2.575261162329462
A_01559,Asset,Corporate Loan,1135635.9859963413,0.0695679201783131,1.5722185783755265,1.486416698031261
A_01560,Asset,Retail Loan,4687424.478950526,0.06934321736889437,1.6581014895712496,1.4138543342104877
A_01561,Asset,Retail Loan,659108.0117721083,0.07260866949509144,4.9453996917766485,4.070361748746168
A_01562,Asset,Retail Loan,3611326.839966361,0.0702780919803388,4.4182746561305635,3.5530965185890144
A_01563,Asset,Retail Loan,329752.6694439488,0.0772603247939057,1.413579746520166,1.195865387696716
A_01564,Asset,Corporate Loan,1304794.0786230923,0.07717831903778793,2.851343252757369,2.604306354834551
A_01565,Asset,Corporate Loan,1936677.066071941,0.07182737966404833,1.5296307078612423,1.361872741571638
A_01566,Asset,Mortgage,4723269.190355305,0.05682083444127041,8.35946153378934,6.846493519668883
A_01567,Asset,Retail Loan,2096655.5452152926,0.09506241963154871,1.8248108636071154,1.5176171868089603
A_01568,Asset,Corporate Loan,3048211.2402763846,0.0614920810917952,2.229659770402111,2.171286862327582
A_01569,Asset,Corporate Loan,2225563.513215381,0.06394068405335496,0.6681015851300915,0.6441482513484869
A_01570,Asset,Corporate Loan,4169204.1459591356,0.05355385115283446,1.735029176498264,1.3927564472962497
A_01571,Asset,Corporate Loan,3505052.8339140727,0.058872585038609884,2.4756497598542344,2.2259329099244716
A_01572,Asset,Corporate Loan,2082087.782539568,0.054091133150883756,1.0783717830003763,0.9051181046474144
A_01573,Asset,Retail Loan,1030747.1720267064,0.08509033602543914,1.0368035905015178,0.8950467040664003
A_01574,Asset,Government Bond (HQLA),1008899.4013426744,0.027156823172830663,0.7570742835882284,0.60693910893593
A_01575,Asset,Mortgage,208372.57771440738,0.06676223053280862,14.401798347292413,13.06393440703907
A_01576,Asset,Corporate Loan,3286200.7186329737,0.06941666850193567,1.4676250298372175,1.1872406654267151
A_01577,Asset,Retail Loan,2313290.5771167446,0.09551270561343277,3.1984892044241398,2.625742545075831
A_01578,Asset,Mortgage,1089734.3195957444,0.04949807304482239,8.940836485100318,7.868213760748302
A_01579,Asset,Retail Loan,2542671.868297597,0.07766136041515588,4.206570359325469,3.7780163927115833
A_01580,Asset,Mortgage,3544987.6674582525,0.047730869445675395,9.904544085197848,9.676594463417615
A_01581,Asset,Corporate Loan,1144680.6700479323,0.07409399266808737,1.172799381595026,0.9485942828592873
A_01582,Asset,Government Bond (HQLA),695240.8145882193,0.02789550633543366,1.612530198254181,1.448766850527436
A_01583,Asset,Mortgage,2093910.3884666055,0.0414789898722751,10.374937536732345,8.304821008334665
A_01584,Asset,Retail Loan,3418886.309947898,0.06455047835218197,1.4850595734365468,1.310107855803042
A_01585,Asset,Corporate Loan,3574756.361627256,0.05238764442116128,0.9461266852459369,0.9348482939051511
A_01586,Asset,Retail Loan,4274065.163163183,0.09090090367050178,4.4539658018512736,3.713568463527771
A_01587,Asset,Mortgage,3857790.268245854,0.050116061055068585,10.967229901062172,9.349582363649366
A_01588,Asset,Retail Loan,2573297.4811593136,0.0743735596206315,3.341043502039386,2.9904738664736423
A_01589,Asset,Corporate Loan,3222979.983737471,0.05491760786140835,2.7531480194914084,2.4125333975133985
A_01590,Asset,Retail Loan,3143471.6635187683,0.09727650930389824,3.915482037954383,3.350769233996416
A_01591,Asset,Government Bond (HQLA),363150.22551234026,0.021142654386866598,1.2457263403927177,1.2192606819258065
A_01592,Asset,Corporate Loan,3363274.3362758406,0.05450931867451907,2.5789348147761313,2.0830528763486735
A_01593,Asset,Mortgage,1608919.4759217158,0.0540538371126126,6.289789079271653,5.784475067612262
A_01594,Asset,Retail Loan,1410733.5083725844,0.07681341556781995,1.131199497107584,1.107466938234211
A_01595,Asset,Government Bond (HQLA),3203385.3898429563,0.03811698779998612,0.4071116181907244,0.36772339189066267
A_01596,Asset,Retail Loan,4612547.013785724,0.08926821090892606,4.029876202892412,3.795483050668242
A_01597,Asset,Retail Loan,1094483.123952254,0.06878891000441588,3.75317199370902,3.3318196603420196
A_01598,Asset,Mortgage,3930564.964584313,0.06376569814825736,9.532617725258596,9.224946380052037
A_01599,Asset,Mortgage,1180707.9689266798,0.04944523466226206,7.740117803855475,6.372909753851384
A_01600,Asset,Retail Loan,1087120.160347034,0.0963375019148906,2.8213149992344086,2.3160063763440677
A_01601,Asset,Mortgage,3452050.8718449823,0.067677172147174,5.957541986633577,5.443372991823522
A_01602,Asset,Corporate Loan,3794865.988301768,0.07080529511138961,1.1434136460040851,0.9238121841307498
A_01603,Asset,Mortgage,2268445.6927555264,0.04663713459420051,11.366929143579418,10.6327930982173
A_01604,Asset,Mortgage,2392405.2750777737,0.05368977771467196,11.177269240617942,10.940515384475894
A_01605,Asset,Corporate Loan,4216953.109692654,0.062315144640450695,2.5033801456756213,2.1179019062892706
A_01606,Asset,Corporate Loan,4139776.0100873397,0.06573309037573248,1.0690813395484808,1.0276216698618947
A_01607,Asset,Corporate Loan,3228937.7031633523,0.053278383361044804,1.1140789351220364,1.0682644944114679
A_01608,Asset,Retail Loan,1393337.9056439437,0.07385877148314669,4.420437687989761,4.396607417414923
A_01609,Asset,Government Bond (HQLA),1377966.3012451057,0.03410126568410758,0.17785862227479188,0.15832926542494574
A_01610,Asset,Retail Loan,3552237.9539413117,0.09480786761968969,1.124699636447685,0.9309481989754049
A_01611,Asset,Retail Loan,919577.8749444934,0.08772677441015385,4.841065433968266,4.64875075519443
A_01612,Asset,Corporate Loan,1714748.00114953,0.06441944084937228,1.0862100169579247,0.9888483931683436
A_01613,Asset,Corporate Loan,1322736.5947935379,0.05509275494621408,2.8716352022574765,2.8519088917721653
A_01614,Asset,Retail Loan,2431572.174493386,0.07796493655721004,2.333471352466251,2.133102971356778
A_01615,Asset,Corporate Loan,2103491.908992895,0.07057628825259395,2.3318085385332665,2.254052648899764
A_01616,Asset,Retail Loan,3067166.1232826146,0.07478951243490756,3.3407791415714154,2.9973854927755226
A_01617,Asset,Corporate Loan,752129.7682040767,0.05316540939203603,1.034503026656832,0.9689299299157416
A_01618,Asset,Mortgage,4755501.53932037,0.04156137516268395,12.296784136472413,12.012101714682302
A_01619,Asset,Mortgage,2244435.5878248583,0.06928234997417557,10.858630505279216,9.842923684898361
A_01620,Asset,Government Bond (HQLA),461041.85116042284,0.028815098868826355,0.4629985505464974,0.42454715137367155
A_01621,Asset,Mortgage,4941897.469958775,0.04142246908420255,8.888514964741164,8.535056951065865
A_01622,Asset,Corporate Loan,1032787.1513975982,0.07226930736601173,1.7370711415535505,1.6573089297287682
A_01623,Asset,Corporate Loan,1560811.9241378526,0.0699008783286948,2.9343564550962338,2.587068044098244
A_01624,Asset,Retail Loan,3668959.7658676323,0.06686839955894752,1.9687337823750708,1.7836074011494147
A_01625,Asset,Retail Loan,3163080.4673718945,0.08619764418269286,1.471754699496934,1.2607923588839038
A_01626,Asset,Retail Loan,678333.4854871731,0.09469418556461431,4.734461511340376,4.0087718032477095
A_01627,Asset,Mortgage,3062429.3862111727,0.05120816978602177,14.709047114498695,13.771964942836998
A_01628,Asset,Retail Loan,2011424.3667412095,0.08155923497800482,4.855270644752721,4.16376309615571
A_01629,Asset,Retail Loan,3532465.2838985757,0.07495754854415099,3.579424173718907,3.5443038315066264
A_01630,Asset,Retail Loan,1553433.0655775378,0.07283741753277762,4.684277945198326,3.9837468334069714
A_01631,Asset,Corporate Loan,4127818.6621066625,0.07829062128937209,0.7578669021959026,0.72680540605287
A_01632,Asset,Retail Loan,3574439.4079309055,0.07609178712305276,2.5398348905502286,2.4297534136798924
A_01633,Asset,Government Bond (HQLA),676946.5705936099,0.029618832161686072,0.8991974500697568,0.7870336853032156
A_01634,Asset,Corporate Loan,308729.9044299029,0.06308643251360137,2.213846551406558,1.8573259587689719
A_01635,Asset,Mortgage,4022675.7033505584,0.048953519834432815,9.863916280888938,9.149951670051236
A_01636,Asset,Retail Loan,1218239.2551023746,0.06161300958883802,3.9220586161053066,3.2119843925555167
A_01637,Asset,Retail Loan,807068.7730533595,0.09983209471119675,1.2759600348418378,1.0944700237385283
A_01638,Asset,Retail Loan,1242931.4770797938,0.08080640892097583,4.744502286160539,4.141777887321504
A_01639,Asset,Mortgage,2005201.8392177108,0.046218475676492066,8.350085699576958,7.310995730995881
A_01640,Asset,Corporate Loan,3402654.598525798,0.06731599239267684,1.2239567616768179,0.9952952415279359
A_01641,Asset,Retail Loan,2066656.0944761764,0.07509007942862782,4.747797015634782,4.4288154386663985
A_01642,Asset,Retail Loan,678816.201067497,0.07221653994171005,1.2341464003202005,1.0262324779945986
A_01643,Asset,Retail Loan,3815758.5765154026,0.08231240502941738,1.0633522837794969,0.9313820521556339
A_01644,Asset,Corporate Loan,2836009.6742122844,0.05885326580552856,1.2834192361431955,1.2149877971664387
A_01645,Asset,Mortgage,1003279.080669713,0.06693387419176078,5.976187605351489,5.19915827088485
A_01646,Asset,Corporate Loan,1829738.5653740172,0.06767994934843184,0.8145058408651282,0.7371507309007529
A_01647,Asset,Retail Loan,2286751.7710287753,0.08361704412431566,4.187790016062584,3.431405895784994
A_01648,Asset,Corporate Loan,3528554.581483455,0.068873527359028,2.4817585144518786,2.0611789514914403
A_01649,Asset,Mortgage,3402842.138103506,0.0523524300277073,5.244268829406332,4.5446311839026485
A_01650,Asset,Mortgage,1119872.2709390575,0.06739617885442517,10.908719229742585,10.467575799643326
A_01651,Asset,Government Bond (HQLA),4893604.536316816,0.03245482552754955,0.12027324131170926,0.10614929955129494
A_01652,Asset,Mortgage,1296482.7749452018,0.05841123908631242,14.810294891150761,14.198740499753951
A_01653,Asset,Retail Loan,958116.529556382,0.06087946088157294,4.033614692136813,3.885885962826308
A_01654,Asset,Retail Loan,3302738.253353303,0.08445979410876797,2.4603756809272235,2.310800294125294
A_01655,Asset,Corporate Loan,584414.118148636,0.06766808067687644,0.6741146693706641,0.6094880178242387
A_01656,Asset,Mortgage,2573190.7745194887,0.051942615347086926,9.224457900308792,7.428357988168185
A_01657,Asset,Corporate Loan,4881299.7797462465,0.05988134201102653,2.683888940567722,2.46262666984901
A_01658,Asset,Mortgage,2234307.96691284,0.042235313854559205,5.17957863750151,4.672386757248012
A_01659,Asset,Government Bond (HQLA),3481387.2339833956,0.023787217515837254,0.23474076373328212,0.22400480773140152
A_01660,Asset,Mortgage,3107588.2016335246,0.04085012351150154,11.444231696298166,11.051763808647502
A_01661,Asset,Mortgage,1332223.9633115684,0.046445638192749945,12.08676719965507,9.766906013274902
A_01662,Asset,Retail Loan,934212.9399337826,0.07673797988701833,2.350991986939389,2.1199077613431414
A_01663,Asset,Corporate Loan,1389839.2995281823,0.06815304866711452,0.5729266714351862,0.5036878907685747
A_01664,Asset,Retail Loan,4341358.162011036,0.0943106219348977,3.986973231192639,3.5842752154380118
A_01665,Asset,Retail Loan,3496296.1088002985,0.07764918676366867,1.824295119748701,1.4831522202108154
A_01666,Asset,Mortgage,673406.1731851279,0.06592691806784672,14.030975070493097,12.528489893600044
A_01667,Asset,Mortgage,3116253.115399859,0.052954153023577366,13.030756423377449,12.472540929424271
A_01668,Asset,Corporate Loan,4707780.649821829,0.06387857815801189,1.715930252062869,1.642169913110324
A_01669,Asset,Mortgage,2794721.115889795,0.05403274692872739,6.797978134950754,6.754569649526013
A_01670,Asset,Mortgage,4065254.8892017044,0.0540357838790248,5.328254988192401,4.95167644673022
A_01671,Asset,Mortgage,293904.58523471875,0.05645202810225736,13.524388856418732,11.353221258109905
A_01672,Asset,Corporate Loan,1445551.2811702257,0.051550570397333954,1.8271475857211894,1.519651860427481
A_01673,Asset,Mortgage,706389.7541967147,0.053601118168124726,7.3339626945812695,6.625679216067396
A_01674,Asset,Mortgage,2264295.5119976294,0.058550389211363726,12.898646210355388,10.610683673346564
A_01675,Asset,Retail Loan,2213316.9409763655,0.08974177078549178,2.5875575723561584,2.3705842146111458
A_01676,Asset,Corporate Loan,895263.4030794089,0.06726503055407176,1.067092755813738,0.9440439008987894
A_01677,Asset,Corporate Loan,894853.3047460567,0.075576162225679,2.1572656308614144,1.8371013112556767
A_01678,Asset,Corporate Loan,4878860.278653463,0.06785139034771284,1.333104351376819,1.0905315371839404
A_01679,Asset,Corporate Loan,493677.2778578587,0.07146987956216934,2.8980885883095553,2.7753022481997576
A_01680,Asset,Mortgage,2969158.7285785056,0.06575120139283189,9.499127810855054,9.417123108679316
A_01681,Asset,Corporate Loan,4661098.493318547,0.066151525606893,1.9583322749712937,1.7446714608497618
A_01682,Asset,Retail Loan,68412.32104939298,0.0803889268641426,1.966024907424245,1.7222220719326762
A_01683,Asset,Corporate Loan,4904208.686842046,0.06356548818080324,1.375680926673319,1.1372797008207245
A_01684,Asset,Retail Loan,3888277.0972328484,0.0904281922417558,3.2827327002879145,2.7245780623226423
A_01685,Asset,Corporate Loan,1305530.247989809,0.05034578042158956,1.0701545422500498,0.88402057727356
A_01686,Asset,Corporate Loan,628549.8649251483,0.05925897945571852,2.964646101027344,2.4489897569141856
A_01687,Asset,Retail Loan,2959130.9802903086,0.09449736520564628,1.256174095459154,1.2465014743373213
A_01688,Asset,Retail Loan,2277971.5795247536,0.08562840898908886,1.0885378041179883,0.9609450757543467
A_01689,Asset,Retail Loan,1073843.697552212,0.07664868124129258,3.6160923106350418,3.022806763227078
A_01690,Asset,Mortgage,2847107.8010316337,0.04352427696629479,13.586720549294961,13.004302952542666
A_01691,Asset,Mortgage,619304.1372990842,0.053246418666394915,11.948207298717207,11.816740661364774
A_01692,Asset,Retail Loan,3232025.284537903,0.09827258682363511,2.527920181851784,2.189166184943171
A_01693,Asset,Government Bond (HQLA),4512354.962948708,0.03607083553652855,0.613728147090247,0.6131885820738237
A_01694,Asset,Retail Loan,2212046.9881504322,0.07179724543215457,3.0807229462670387,2.473983705367353
A_01695,Asset,Retail Loan,1445587.5774917044,0.06684409913653608,2.7743988052727486,2.7040702129991185
A_01696,Asset,Mortgage,471742.3639203268,0.059609694292168613,11.500924511399315,11.400225115974857
A_01697,Asset,Retail Loan,1277265.6265387456,0.09728535661593132,4.711165917501262,4.447893169911653
A_01698,Asset,Mortgage,502840.6417517532,0.04694748973866998,10.138758347782336,8.478471868717138
A_01699,Asset,Mortgage,718438.7765687098,0.068157347187581,9.686516369963853,8.109226145630627
A_01700,Asset,Government Bond (HQLA),4971725.529517243,0.02340285480354316,1.1556725938965655,0.99760082627526
A_01701,Asset,Corporate Loan,1581154.9105732036,0.07916689127649074,1.2015889496912895,0.998127456131846
A_01702,Asset,Mortgage,52030.93272391561,0.06747829011862158,10.961826694023769,9.400718082969135
A_01703,Asset,Retail Loan,3275814.9846482137,0.08752122075807925,3.8504056291935727,3.3262244058210237
A_01704,Asset,Retail Loan,4781798.059812119,0.07829266439571281,4.693198033079717,4.5488295041117395
A_01705,Asset,Corporate Loan,2150725.6394589264,0.06279218169475918,0.8919073689982366,0.8093911207509175
A_01706,Asset,Retail Loan,2248359.3756182618,0.0872018422549708,4.125424873580801,3.8243983869622333
A_01707,Asset,Government Bond (HQLA),139258.44863488857,0.03574697696819414,1.158390413765245,1.0521278746028138
A_01708,Asset,Corporate Loan,724440.2972052904,0.06412287177162809,2.7189076795404783,2.6526289741535076
A_01709,Asset,Corporate Loan,3387250.9772442537,0.06977466633800403,2.5106528859461252,2.20839781565998
A_01710,Asset,Corporate Loan,4025075.3471456054,0.06164364370305492,1.4341257409324606,1.1747469244642872
A_01711,Asset,Government Bond (HQLA),500629.7589799366,0.028263889576055953,1.3315974371522563,1.1733022978264867
A_01712,Asset,Mortgage,382113.97651789966,0.06316095357917065,10.937057829514346,10.561288429240927
A_01713,Asset,Retail Loan,4492224.29788696,0.09527419203282732,3.624584367389769,3.2514556741184792
A_01714,Asset,Corporate Loan,4599239.471291922,0.06344482620107006,2.7497738583866793,2.3507336228859215
A_01715,Asset,Corporate Loan,1969433.4262222613,0.058057388129989,1.217167187456985,1.1833452604892825
A_01716,Asset,Retail Loan,3404175.351392991,0.07378023573576253,1.6912802058258092,1.3738414677483897
A_01717,Asset,Retail Loan,3853684.3020303487,0.06886108607609467,4.540061298189034,4.052956159526944
A_01718,Asset,Corporate Loan,4374197.7635106845,0.0653923165510415,2.4069976321895137,2.2484954904182715
A_01719,Asset,Mortgage,97217.82242644747,0.06721729501831236,9.028900310500486,8.55996275921129
A_01720,Asset,Corporate Loan,2671740.4088239106,0.06561561600924544,1.3694252440110946,1.275039854778078
A_01721,Asset,Corporate Loan,3585058.0746412612,0.054640545445545835,2.6530805681509646,2.3620625808894378
A_01722,Asset,Corporate Loan,3452950.7800461543,0.06920752744856828,1.1246686631448233,1.0971118610002821
A_01723,Asset,Corporate Loan,4559527.714897139,0.05318276149843856,2.9829093473336963,2.5253627844401474
A_01724,Asset,Government Bond (HQLA),4793722.048082865,0.020299970007542734,0.28564382323484117,0.2377185039011102
A_01725,Asset,Government Bond (HQLA),940998.1022229,0.03696835452861022,1.054840452771844,0.8481764510685998
A_01726,Asset,Corporate Loan,1421275.9719046403,0.05850383447792238,2.655837291099329,2.489452123239558
A_01727,Asset,Mortgage,1146393.066855218,0.05227748721356192,5.347991998683501,4.587714131504307
A_01728,Asset,Mortgage,4011802.7328539593,0.05819536675969657,9.570239521926254,8.812773277820623
A_01729,Asset,Mortgage,2153761.9499098277,0.047951047544216426,7.75446679790509,7.035150483721453
A_01730,Asset,Corporate Loan,2228597.816375434,0.07155811222070588,0.7278433477242681,0.6133880434818647
A_01731,Asset,Retail Loan,2093153.6853730977,0.08335433069232062,1.9111133664712057,1.6708724037681921
A_01732,Asset,Corporate Loan,2708988.1419399427,0.0546725486859659,1.0088388062045122,0.9847118012538723
A_01733,Asset,Corporate Loan,2089863.3676810688,0.0649392890776218,0.5890303756821037,0.5365088604081177
A_01734,Asset,Corporate Loan,3549804.2881482774,0.057566694026918566,0.9437045874775294,0.90798168183117
A_01735,Asset,Government Bond (HQLA),722867.0994682371,0.024283525054791737,1.0455341535599145,0.8489890326934695
A_01736,Asset,Corporate Loan,761253.7446618531,0.06601176241014334,2.2748326835856156,1.885306017995494
A_01737,Asset,Retail Loan,4050377.392669853,0.08424866568883065,1.7047776246569901,1.4786974874595646
A_01738,Asset,Corporate Loan,1612485.453562504,0.05668850025673261,0.7173489017306354,0.6008598426094689
A_01739,Asset,Corporate Loan,3308504.7279594787,0.05036209805901854,1.1595151873658938,1.0479553009240374
A_01740,Asset,Corporate Loan,4816208.945308958,0.06413517678134426,1.9736770077331172,1.8052835272327106
A_01741,Asset,Government Bond (HQLA),4150471.820728149,0.024745087273142747,0.7136595933912352,0.6084138741153968
A_01742,Asset,Corporate Loan,3733044.78358146,0.05203389187484338,1.7580480179574052,1.6608563376140721
A_01743,Asset,Mortgage,1483014.4323426122,0.0527977570316318,11.641257392833504,11.383099368861494
A_01744,Asset,Mortgage,2650888.391632729,0.06650049103066313,11.915055458135946,10.713343499833554
A_01745,Asset,Corporate Loan,3780647.382652427,0.06165593444018126,1.0501656369617294,1.0219639086476584
A_01746,Asset,Mortgage,2048864.4759751214,0.0506790517249671,7.147445024083574,6.124079776810282
A_01747,Asset,Retail Loan,3729497.9221500005,0.07816669880671055,2.008279547400686,1.7616063649710088
A_01748,Asset,Government Bond (HQLA),1985906.6085336916,0.02179651505144168,0.25196671731383413,0.23134342903311994
A_01749,Asset,Corporate Loan,2122857.0028891424,0.05161797748522614,1.5796092307800742,1.4268757118116822
A_01750,Asset,Corporate Loan,790269.1268568755,0.05370717471798472,0.7595984652773189,0.623026952418739
A_01751,Asset,Corporate Loan,1022589.1293944472,0.055207164324543194,1.1285753804686587,1.1190581730037834
A_01752,Asset,Mortgage,1190949.4448900283,0.04629678526914992,8.27566293922126,7.434650281057775
A_01753,Asset,Retail Loan,3373271.6440391387,0.09594555713204414,3.0926325992705666,2.575787314343583
A_01754,Asset,Mortgage,3970207.021610243,0.05195677672432383,6.271811892168869,5.230882585377921
A_01755,Asset,Retail Loan,1353068.5654111945,0.07645643727041862,3.224945576103091,3.191233803604055
A_01756,Asset,Retail Loan,4869776.067508484,0.09091495745527413,1.9225545608570558,1.668381284197032
A_01757,Asset,Retail Loan,4296551.4669688875,0.08635421616907368,2.235443596945853,2.041605459328145
A_01758,Asset,Corporate Loan,2504306.3896102686,0.05263318742370322,2.330594785230719,2.175927501454796
A_01759,Asset,Mortgage,336051.5752483276,0.061498958101060944,6.406533392336668,5.685518610136366
A_01760,Asset,Corporate Loan,727984.8409939675,0.05379635933589132,1.7669251017944703,1.581970611092342
A_01761,Asset,Mortgage,1328408.5715414593,0.06976047908190508,9.807861681797274,9.193203820638606
A_01762,Asset,Mortgage,2103495.6524747014,0.041215275188239656,12.678609231258553,10.454555955727846
A_01763,Asset,Retail Loan,2039662.026845337,0.07385064203151723,4.382979513303052,4.080221866672895
A_01764,Asset,Mortgage,2951602.65273729,0.05731160025140633,8.572419681701362,7.44474460616109
A_01765,Asset,Retail Loan,4964379.692020771,0.06289393535344229,1.5087298145300436,1.4720769584860856
A_01766,Asset,Corporate Loan,3268970.0216638627,0.06174362812383414,1.3225143241555821,1.1273410913323068
A_01767,Asset,Corporate Loan,2082966.9829033883,0.06534608582704375,2.301040172730857,2.2750684322386294
A_01768,Asset,Retail Loan,2540188.1970285396,0.09680787944297096,3.3368991553268725,2.70232673145139
A_01769,Asset,Corporate Loan,4275468.146213387,0.07628877045571812,1.1048193202980914,0.8880633615365895
A_01770,Asset,Mortgage,4668910.444784832,0.053170877319413445,11.571976616400622,9.361453707749016
A_01771,Asset,Government Bond (HQLA),2377966.3023232953,0.03379642142657524,0.1550938142383012,0.13902104689049086
A_01772,Asset,Retail Loan,1110645.4560857848,0.08297174158834295,1.257962721823385,1.1628681568135562
A_01773,Asset,Corporate Loan,4094655.558362944,0.0684687319004938,2.652522053270034,2.1287850113652373
A_01774,Asset,Mortgage,2119096.12375574,0.05947241806056654,10.65557483226387,9.270854356403278
A_01775,Asset,Government Bond (HQLA),713175.590411417,0.02008719159913161,1.3758724338339712,1.3551383404353967
A_01776,Asset,Retail Loan,519676.93923049443,0.07494265144156323,2.332030532208977,1.9655752881094906
A_01777,Asset,Corporate Loan,2242424.78530772,0.05958956186765902,0.5854389726027185,0.5632429805393158
A_01778,Asset,Mortgage,3638110.7252204083,0.049329190641491,11.981169240835236,9.823753456189642
A_01779,Asset,Retail Loan,4167337.2359165386,0.07975388058966246,4.9218831911322845,3.9470553556745758
A_01780,Asset,Retail Loan,1644298.8478155155,0.06300374583221256,3.314341394371799,3.276794744456824
A_01781,Asset,Corporate Loan,4567291.878727874,0.07266311817546743,2.4513045068925545,2.258494493582072
A_01782,Asset,Corporate Loan,3208116.0143204285,0.06661184694195084,2.071803467563955,2.066173970840473
A_01783,Asset,Mortgage,3895884.6225429797,0.04646919288177548,13.724628150836741,11.209738704884048
A_01784,Asset,Corporate Loan,2594699.443315402,0.06331350737847008,2.5729544498747945,2.3521193263595817
A_01785,Asset,Corporate Loan,239103.77959908574,0.07484129857322758,2.038037241492285,1.694628189700615
A_01786,Asset,Corporate Loan,2988372.1950097512,0.053703907211922086,0.9104624101408969,0.9068300189258452
A_01787,Asset,Corporate Loan,1175737.5571814699,0.07002805140749706,0.9283113611359374,0.8558000876087063
A_01788,Asset,Corporate Loan,485629.83618168865,0.06167799190427145,2.7338364587460924,2.358409308667861
A_01789,Asset,Corporate Loan,1980827.0254507598,0.07787782925593677,2.658942507847865,2.2885269375504955
A_01790,Asset,Mortgage,3918539.491188682,0.04737250936557664,14.308076723447618,13.097496536003316
A_01791,Asset,Retail Loan,4129267.7278976524,0.08259276651545584,1.021296762284257,0.8863228830501497
A_01792,Asset,Corporate Loan,3242286.303131339,0.06827586174179978,2.628711123284985,2.5515179584389522
A_01793,Asset,Retail Loan,2621534.1810866566,0.060465795980123846,2.802146156268304,2.553770726347712
A_01794,Asset,Mortgage,2979976.301874397,0.05714018585359232,12.362798987834214,10.055283186888694
A_01795,Asset,Retail Loan,3002549.158842564,0.06318580516139063,2.0999167678945607,1.8603594152158702
A_01796,Asset,Corporate Loan,1677292.6423305525,0.06931311824303735,2.3010842555644446,1.9940360225857174
A_01797,Asset,Mortgage,3261040.4605385256,0.05660283102361205,11.374453787179021,9.125473280408128
A_01798,Asset,Mortgage,1911406.8659903246,0.06453954313231616,14.426097101586556,13.236505177974067
A_01799,Asset,Retail Loan,1058401.0967244497,0.07906271774320074,2.3615393507101965,2.029065551037169
A_01800,Asset,Corporate Loan,868583.6062902703,0.05323773664894982,2.9442820320637497,2.9042069027052952
A_01801,Asset,Government Bond (HQLA),2650534.3850065153,0.028720965959451755,1.4773295164885603,1.3680173487532172
A_01802,Asset,Corporate Loan,1540737.1479379544,0.06494389022551941,1.9455744654237843,1.7819658046595506
A_01803,Asset,Retail Loan,1866441.2674941265,0.062091054890888224,1.3355918425156372,1.1361765289762515
A_01804,Asset,Retail Loan,563684.8077419664,0.06155494788066757,4.251713621575748,3.9616981078229037
A_01805,Asset,Retail Loan,4364151.119505226,0.07222305837311303,2.939969138309998,2.656343809790913
A_01806,Asset,Corporate Loan,2843290.2701156596,0.07990971508437653,0.7863321708158706,0.6959913920752391
A_01807,Asset,Corporate Loan,3565538.749165511,0.07499822915086274,1.4097485162383312,1.2558803089181891
A_01808,Asset,Mortgage,581893.4213873384,0.0620715396033433,13.461191855551117,11.33894551922404
A_01809,Asset,Retail Loan,1615647.1261918407,0.07027326298268234,4.904282344127617,4.37082119880473
A_01810,Asset,Retail Loan,2016276.271352851,0.09812498450031862,3.285280061732411,2.9677485745099403
A_01811,Asset,Mortgage,2758281.8307160577,0.049450248255693226,5.407850134355181,4.948777204134642
A_01812,Asset,Government Bond (HQLA),4302695.280768605,0.024402196600383272,0.5338756669398105,0.44858080394948724
A_01813,Asset,Government Bond (HQLA),4270697.4578535175,0.027854702284484553,1.5722785212806027,1.4164282066079492
A_01814,Asset,Corporate Loan,1304320.6324188947,0.050914896435582634,1.7625701153719173,1.4565210973420604
A_01815,Asset,Mortgage,3770814.846805545,0.05551451086851632,9.228684090590871,8.065867838951736
A_01816,Asset,Mortgage,3931726.537198794,0.06167835174503349,12.632851902031591,10.622976126431073
A_01817,Asset,Corporate Loan,2375734.903169191,0.07264820600474987,1.326982478569139,1.1489952540422486
A_01818,Asset,Retail Loan,2025250.2376391052,0.06903525651734303,4.919657731129521,4.538048400733205
A_01819,Asset,Corporate Loan,401571.6098641668,0.07106492985944937,1.7196915149951488,1.5522692195475423
A_01820,Asset,Mortgage,1480238.232455034,0.06809696834974019,5.862491713039649,5.133427963433926
A_01821,Asset,Corporate Loan,3970415.47434447,0.07148493614532833,1.3107841596889513,1.0841283044040624
A_01822,Asset,Retail Loan,766317.6488757735,0.06890596940907141,4.244922233605431,4.005002247445777
A_01823,Asset,Government Bond (HQLA),2662472.4348909413,0.02922067136195624,1.1260554652953065,0.9742384476471018
A_01824,Asset,Corporate Loan,3033897.284720459,0.07813293677954673,2.9649789304266485,2.883236215570141
A_01825,Asset,Mortgage,2365853.4572956124,0.06685200168808643,11.574443271774648,10.169191885018293
A_01826,Asset,Government Bond (HQLA),2108141.007242456,0.03419609426544744,1.2420570642471098,1.2297835564092578
A_01827,Asset,Retail Loan,3743348.342281279,0.07074228562482564,3.0832623445763288,2.9455064007979894
A_01828,Asset,Corporate Loan,3321820.412215895,0.06443821855482815,1.3072526714447525,1.207209735922187
A_01829,Asset,Corporate Loan,1031944.0722461215,0.06534402620127852,2.90410123078826,2.7495567947612254
A_01830,Asset,Corporate Loan,1807902.231927296,0.0622758993135695,1.5179107461678125,1.3795319661020775
A_01831,Asset,Corporate Loan,2510911.3886202145,0.06488226435501593,0.8369644622935952,0.6978783608523402
A_01832,Asset,Retail Loan,4666596.300838781,0.08637960232498337,3.419800052590817,3.0106508450599927
A_01833,Asset,Government Bond (HQLA),3207755.9234193442,0.027371249380554276,1.5614227520948163,1.548935080274317
A_01834,Asset,Mortgage,4277044.891921991,0.04812889623613659,6.7219426742575425,5.761547265269257
A_01835,Asset,Retail Loan,4284270.4024162255,0.06304399955923097,1.1275391808343684,0.9638012944371736
A_01836,Asset,Retail Loan,1197705.0887200995,0.08252506375568187,4.1917727570132,3.358256065770123
A_01837,Asset,Corporate Loan,2069030.3879092766,0.07028425365804372,0.7848631736113588,0.7381005843801149
A_01838,Asset,Mortgage,3655931.1805150304,0.06861762411540168,5.0005282693229685,4.814717406815863
A_01839,Asset,Government Bond (HQLA),127434.31177179897,0.036195770573762096,1.8743317119929048,1.8133106475013259
A_01840,Asset,Retail Loan,3706951.2431470584,0.08714189365672642,4.839666758568364,4.423998819591448
A_01841,Asset,Government Bond (HQLA),2242538.752585458,0.029526765869887325,1.2386577759899096,1.2220216659700756
A_01842,Asset,Retail Loan,2530542.5190854734,0.09167626153688949,3.7478097655417533,3.4352564085102184
A_01843,Asset,Government Bond (HQLA),4712857.662075165,0.02804741079082749,0.2222065240678087,0.17880776878918475
A_01844,Asset,Corporate Loan,2707497.6789544807,0.07539662967396209,2.776987326274872,2.2924028860342207
A_01845,Asset,Retail Loan,2966873.326845502,0.07065510565720096,3.1284718898351307,3.0655602501185397
A_01846,Asset,Government Bond (HQLA),2042926.6197838052,0.027678977885259453,1.7915748585156885,1.6972723890600054
A_01847,Asset,Corporate Loan,656786.6247105558,0.0636228978013261,2.8198355030925537,2.6700949290465403
A_01848,Asset,Corporate Loan,143460.34895236156,0.06488658438469773,0.7513258967295897,0.7047383352495556
A_01849,Asset,Corporate Loan,3492667.872929369,0.07111807721983493,2.24658897357989,2.018570012161832
A_01850,Asset,Government Bond (HQLA),2471522.764004047,0.02398761638021254,0.9555038676436125,0.8231962192887327
A_01851,Asset,Retail Loan,3185999.703400043,0.0721662101794186,1.9941429757083715,1.90273725335688
A_01852,Asset,Corporate Loan,1248869.6654650539,0.07324575206545868,0.9226443728342644,0.7620500480785891
A_01853,Asset,Corporate Loan,2559304.0745821125,0.06899850446998987,2.2184747817142867,2.1344924989600904
A_01854,Asset,Retail Loan,1517381.5876580162,0.06584067622368432,2.120536475101519,1.819071787102966
A_01855,Asset,Corporate Loan,2633328.0865410175,0.06143301540835443,2.15926119731564,2.0381137884722507
A_01856,Asset,Corporate Loan,1486904.2027080636,0.05071149080917372,1.8529701396425609,1.511945484426459
A_01857,Asset,Corporate Loan,4717417.921389194,0.052643797085016736,2.303779449608559,2.2329695688224733
A_01858,Asset,Mortgage,3074185.302228133,0.05212329543228872,13.202929606091773,11.147236241293173
A_01859,Asset,Corporate Loan,2766766.6901876954,0.06695221374440316,1.8458159300247803,1.8268796742155715
A_01860,Asset,Government Bond (HQLA),4384799.33096675,0.03886856214530571,1.6226919407263916,1.3301188448326935
A_01861,Asset,Retail Loan,2500526.9309901954,0.0802066284609093,4.386137972493621,4.1651070929889995
A_01862,Asset,Retail Loan,1299448.374233973,0.06658936035550896,3.9271043801506895,3.4176457901156123
A_01863,Asset,Retail Loan,1781815.3864012684,0.07471388724571204,3.8332961963118812,3.4923347135504077
A_01864,Asset,Retail Loan,4034837.5815114076,0.0859413663613337,2.4795545025924994,2.3433722126608747
A_01865,Asset,Retail Loan,4429141.175519083,0.07714900567005926,3.4648970064278117,2.898272131491577
A_01866,Asset,Government Bond (HQLA),3787587.610451544,0.02675421549448449,0.49524666919317284,0.47639503124445265
A_01867,Asset,Mortgage,3840632.2489428357,0.06149428787926502,9.412011022129324,8.25714545361925
A_01868,Asset,Retail Loan,3181751.322464732,0.07242403885581318,4.904055702395176,4.375368673380278
A_01869,Asset,Mortgage,2730456.096506315,0.06285228119408548,13.434277957090492,10.904058533834009
A_01870,Asset,Government Bond (HQLA),3774392.145911363,0.033023954241906926,1.741416300958815,1.6913628168168997
A_01871,Asset,Retail Loan,1771302.286018612,0.0680662084506757,4.505683774417971,3.6750538503440606
A_01872,Asset,Mortgage,4185656.470434316,0.06563037948348147,6.626522181899006,6.2113941517869105
A_01873,Asset,Corporate Loan,4159738.4542678557,0.05581981868670192,1.5481231232974144,1.326695901716742
A_01874,Asset,Corporate Loan,2680087.4237322197,0.07374058170957004,2.513952066103084,2.303467184412003
A_01875,Asset,Mortgage,999278.6185536714,0.06620901467904101,5.500645270932943,4.483635910509137
A_01876,Asset,Retail Loan,3491828.8006407036,0.09505255879662036,2.6377917505092365,2.2674351292431036
A_01877,Asset,Retail Loan,1538245.4207756834,0.07503753501613174,3.3123001967393266,3.0041719842175074
A_01878,Asset,Mortgage,4566801.018440324,0.053864214198097025,7.659740646541121,6.969052664102845
A_01879,Asset,Government Bond (HQLA),4993155.729863704,0.03453959742691631,0.5472737727989005,0.4791963153718278
A_01880,Asset,Retail Loan,95799.98605771665,0.07953339652017338,2.842264030249023,2.286641031548085
A_01881,Asset,Mortgage,1505316.773545018,0.049027572194962565,10.598931015359494,8.833433827007427
A_01882,Asset,Corporate Loan,1199753.1557129787,0.0559648559085944,1.83700244229792,1.656390557993344
A_01883,Asset,Retail Loan,3371324.8119546357,0.06441576936999735,4.015750737765696,3.5883161664660608
A_01884,Asset,Retail Loan,3011003.105432912,0.08110497827354832,2.0576171917185815,1.859041087165499
A_01885,Asset,Government Bond (HQLA),2767961.9517151783,0.02803306251528761,1.2076971114647999,1.1953978282346491
A_01886,Asset,Mortgage,1462756.1869990658,0.0529718908055527,13.44209585776232,12.981481321721187
A_01887,Asset,Mortgage,984907.4244761292,0.048719289079195933,12.011411313835769,10.323790415495244
A_01888,Asset,Retail Loan,3641562.8254217436,0.060036233409843605,1.9193041671701443,1.8099947484166914
A_01889,Asset,Retail Loan,567187.8567737816,0.07519602089290817,1.9500644823762405,1.7456611911297135
A_01890,Asset,Retail Loan,4854337.996505435,0.07292776261297344,3.8642522136782325,3.3377070873342416
A_01891,Asset,Corporate Loan,3149911.8726770133,0.055667894412948574,0.8659326664724194,0.8415886291722692
A_01892,Asset,Retail Loan,1931965.2399771288,0.0865259131759929,4.485087403800469,3.8945914521932536
A_01893,Asset,Mortgage,147431.91613799788,0.054610481215487186,12.356426600113652,11.894746383179573
A_01894,Asset,Government Bond (HQLA),4632653.319998113,0.030243399118677745,1.8276035825651475,1.5937222696587001
A_01895,Asset,Corporate Loan,3464985.2164011355,0.05620958909000359,2.7099944421779667,2.665655224997783
A_01896,Asset,Mortgage,4895337.275132261,0.0483981198907572,13.802517732816872,11.334505855298097
A_01897,Asset,Retail Loan,1491555.4269624667,0.09217281304388691,3.456734895938157,3.3870819000157804
A_01898,Asset,Corporate Loan,77874.99810286597,0.05299178611560104,0.9657919412963338,0.8428127231531205
A_01899,Asset,Corporate Loan,264816.0339638762,0.05537539023875968,1.3711949394891383,1.2744078190850234
A_01900,Asset,Corporate Loan,2501822.3523228485,0.07868059131459701,1.5692294700836527,1.3227773133874938
A_01901,Asset,Corporate Loan,3693285.9734084127,0.07787062657150404,1.8921110328364064,1.6567204454235067
A_01902,Asset,Corporate Loan,488185.46031290566,0.05864635905344318,2.0224977776298214,1.682843157334699
A_01903,Asset,Corporate Loan,2684935.8037305577,0.07094646360483418,0.6896791030601188,0.6377838114404801
A_01904,Asset,Retail Loan,2373702.567662517,0.08117742962165106,3.88129166591424,3.4120350238016743
A_01905,Asset,Corporate Loan,3071449.6398880654,0.07015234521432451,2.8477717457756015,2.3207892511180743
A_01906,Asset,Corporate Loan,4459579.450977607,0.0796662713641263,0.7361560645027172,0.7286574895553725
A_01907,Asset,Retail Loan,4670395.936225297,0.0937883666830345,2.452530361037849,2.167243856489109
A_01908,Asset,Corporate Loan,3189503.300338836,0.05101367452844746,2.4361935481899586,2.237963400426646
A_01909,Asset,Retail Loan,1762450.1134228546,0.07876241360884614,2.391874664620866,2.0733422153154812
A_01910,Asset,Retail Loan,770862.2557009846,0.07880996341315018,1.1337519422443907,1.123422939357564
A_01911,Asset,Retail Loan,4734009.240365256,0.08549995211736652,3.933446058928374,3.654389895861023
A_01912,Asset,Mortgage,579253.3286801158,0.060912734147822764,10.047543235655418,9.217255347212973
A_01913,Asset,Mortgage,407744.95960618986,0.05602083191154154,11.907010394991659,10.428542785749968
A_01914,Asset,Corporate Loan,3123121.5322322547,0.06488527778303346,2.727488436610662,2.631875327973481
A_01915,Asset,Corporate Loan,556852.5908262238,0.05154003113971033,0.6537643411465963,0.5727171943360253
A_01916,Asset,Corporate Loan,3603788.266931719,0.0515256190650122,2.3570537539621643,1.9898828865459146
A_01917,Asset,Retail Loan,2760679.3215069068,0.06535764877600002,1.578060895627801,1.5603199844596563
A_01918,Asset,Mortgage,944241.765351293,0.050668659977726974,9.065678079054909,8.686740122183505
A_01919,Asset,Corporate Loan,682856.1981176618,0.061906639346747575,2.34748015789061,2.0014260171814446
A_01920,Asset,Corporate Loan,2513894.989854137,0.05725717317775274,1.3577887910425237,1.194447350417569
A_01921,Asset,Retail Loan,3873864.338176754,0.06175618454522549,1.6837795742703432,1.5671605607844334
A_01922,Asset,Mortgage,4078454.2013845737,0.04616104554069956,9.935091826606,9.412958395403296
A_01923,Asset,Mortgage,1269040.1338107076,0.04313114374248487,14.03407755862793,13.985486640977586
A_01924,Asset,Mortgage,3455098.295121422,0.06166933504971124,14.38749888279833,12.058039072636845
A_01925,Asset,Corporate Loan,403939.970441595,0.07224809059211626,1.4741435557202884,1.2932494396613545
A_01926,Asset,Corporate Loan,2997010.8264260436,0.05142749577638338,2.6805113224972374,2.3510606309379045
A_01927,Asset,Retail Loan,3492003.5411227546,0.08659231034320979,1.4228982417245395,1.2197598449543396
A_01928,Asset,Retail Loan,4684945.1612336775,0.07751109087558276,1.0740983069838235,0.8639245487847318
A_01929,Asset,Corporate Loan,2530184.5200823704,0.05396485332575071,1.3041561784868676,1.141498569357869
A_01930,Asset,Mortgage,3922859.2527900725,0.057695031833192675,10.307506023881423,8.659575709876457
A_01931,Asset,Retail Loan,851383.2697591742,0.06899547120902128,1.9971814000184454,1.805231810903303
A_01932,Asset,Corporate Loan,4727489.733066447,0.06925027130484487,0.9889266177538076,0.9527831831446021
A_01933,Asset,Corporate Loan,1312268.0798803247,0.05117759159213,1.1563755750500007,0.9957421086641411
A_01934,Asset,Mortgage,285212.8981751964,0.06118697495595346,7.192952825048307,6.880277414005702
A_01935,Asset,Corporate Loan,3505467.9754693117,0.05479739735072383,1.46988042163723,1.2929507663926039
A_01936,Asset,Corporate Loan,4742863.745171807,0.06522182281534881,0.6718773802216933,0.581700655954819
A_01937,Asset,Corporate Loan,168678.4645138318,0.07459604442581015,1.2825633867539534,1.168143786650555
A_01938,Asset,Corporate Loan,1463349.104990931,0.06149304300771753,1.2451063069783896,1.2041599177633688
A_01939,Asset,Government Bond (HQLA),2221344.137684354,0.036931015516397256,0.8473703936207474,0.7502457008138731
A_01940,Asset,Corporate Loan,1193161.239763785,0.06595964954812346,2.3587563394476883,2.268668146400474
A_01941,Asset,Mortgage,1114273.6029366413,0.06400163223854115,12.156355505577624,10.56656493686317
A_01942,Asset,Retail Loan,63029.17011896149,0.07409730926155367,2.8036146123725927,2.554042353630507
A_01943,Asset,Retail Loan,4305344.460949052,0.069057184203506,2.0310208625124386,1.8200847455344928
A_01944,Asset,Corporate Loan,1114671.8824862095,0.05509115717465735,1.1796518168147894,1.1132280243854318
A_01945,Asset,Mortgage,2338526.062423449,0.06207806175812337,12.140870226850176,10.048453228897241
A_01946,Asset,Government Bond (HQLA),4114108.1381273335,0.023723300714921406,0.48851857627206463,0.4030924218039026
A_01947,Asset,Retail Loan,3753400.905192046,0.09131736690959469,2.878617027806494,2.7325300314372827
A_01948,Asset,Corporate Loan,3447514.7025644635,0.05935332940415066,0.5458893109478544,0.5063475107469192
A_01949,Asset,Retail Loan,213235.87122883738,0.08736099446768288,4.407551929881533,3.759967719774571
A_01950,Asset,Mortgage,3972660.5122393533,0.04108112132497563,8.067942831101012,7.9594759952858265
A_01951,Asset,Corporate Loan,577084.7282592966,0.07305403386992401,1.7296421784828684,1.4603878516082933
A_01952,Asset,Retail Loan,1251439.1846529867,0.0678961493492217,4.966692211326713,4.545040124874712
A_01953,Asset,Government Bond (HQLA),777138.0159450072,0.03894954468791249,1.9446229759486304,1.8997301827417108
A_01954,Asset,Retail Loan,3188572.5272543677,0.09944111712785719,4.043565891844961,3.380763836084875
A_01955,Asset,Mortgage,1727065.7911392092,0.05264130823641565,6.756264655680023,6.47768482767586
A_01956,Asset,Corporate Loan,2710739.34600509,0.06197327898672278,2.987898525500303,2.758069821917745
A_01957,Asset,Corporate Loan,1994288.9493270894,0.0781366092828465,2.2391018836135204,2.0341608964192184
A_01958,Asset,Mortgage,491572.4661439709,0.05506394922758598,7.11158037431927,5.717727295658356
A_01959,Asset,Retail Loan,2611136.3846335826,0.07058185144904167,1.0598447930252028,0.9568344119153579
A_01960,Asset,Corporate Loan,4632470.8806237625,0.062442074075899814,2.1133640581265194,2.0839253943389604
A_01961,Asset,Mortgage,1040044.1595081006,0.06027434907228199,6.3084236134881975,5.7531349272946315
A_01962,Asset,Mortgage,3707084.997889498,0.06959146514886677,11.25211533857515,10.202494908196421
A_01963,Asset,Retail Loan,4149954.145839142,0.09109208592575674,2.007413449382836,1.9901926909083192
A_01964,Asset,Mortgage,3000349.2967015156,0.0509322959798621,9.603861756750405,8.361131170962247
A_01965,Asset,Corporate Loan,3768801.9288418423,0.05595230303580689,2.196292673711036,1.9740222239000935
A_01966,Asset,Mortgage,2404735.1870358284,0.06313408144512467,10.36623279735494,9.663952258995582
A_01967,Asset,Corporate Loan,4482292.920411384,0.07986549345770974,0.9064176716586965,0.7466801528175699
A_01968,Asset,Retail Loan,4455593.560686385,0.08918798509786884,1.9798140334638243,1.9049831509001467
A_01969,Asset,Mortgage,4958391.4665376255,0.061307300257817776,7.9403971003999905,6.535581820335924
A_01970,Asset,Corporate Loan,4247459.881897322,0.06773286141606842,1.4191451151477708,1.2783016164788135
A_01971,Asset,Corporate Loan,4865827.227469089,0.06721884552504889,0.6393388162535053,0.6218246126265212
A_01972,Asset,Corporate Loan,438709.57041078544,0.05996221672471461,1.9013483810419272,1.5799983673751479
A_01973,Asset,Mortgage,2631917.589306052,0.06418049513809207,14.332764123790668,13.452651551952151
A_01974,Asset,Retail Loan,2167726.110359337,0.09643191644195472,1.7899451266081292,1.4944552517975593
A_01975,Asset,Retail Loan,2608342.0002857707,0.06839458709116485,2.053454475992317,1.8888082189330981
A_01976,Asset,Retail Loan,337930.40566857735,0.0888265781803145,2.4889811807442856,2.2673656606541486
A_01977,Asset,Corporate Loan,2850470.242911683,0.07808439006296339,1.413628711633184,1.146425995346659
A_01978,Asset,Mortgage,4461849.190897365,0.0455212310446434,13.038847087352535,11.202785352576528
A_01979,Asset,Mortgage,467139.26794478943,0.06156720833814372,13.118616998325841,12.409179636810737
A_01980,Asset,Retail Loan,3602914.6968403426,0.09323689963287403,3.71927250087988,3.0063593399544017
A_01981,Asset,Retail Loan,1896385.1443988755,0.08233537910280889,1.5951531353966115,1.5687849036155148
A_01982,Asset,Corporate Loan,4232504.367499391,0.05505543930377553,0.5006021862946661,0.4035277671288645
A_01983,Asset,Corporate Loan,4545538.498697689,0.06819229330231401,0.7423803089974694,0.6609405861568947
A_01984,Asset,Government Bond (HQLA),656469.7555586145,0.020590839372229865,0.502852915954235,0.445923453885881
A_01985,Asset,Retail Loan,4356034.372757088,0.08456362951902807,3.4197632527910202,3.0996123332250445
A_01986,Asset,Retail Loan,2252842.4844405083,0.0934091716338406,4.998020758834066,4.891521987046352
A_01987,Asset,Mortgage,560056.3824833643,0.04009364954069229,7.2744825406479965,6.26116185338554
A_01988,Asset,Retail Loan,2390327.0592428357,0.09498021180152308,3.7085099542956077,3.5225038263702326
A_01989,Asset,Government Bond (HQLA),316796.53744925454,0.033226762276724255,0.12314168729142874,0.1056396186364648
A_01990,Asset,Retail Loan,1687891.0840842817,0.08045745625206349,2.0791842315694566,1.8463773274592048
A_01991,Asset,Corporate Loan,3379932.3769271593,0.057539230614264705,1.4678262724278708,1.223051720826195
A_01992,Asset,Corporate Loan,3721942.052468552,0.07000716160052631,2.391762275278674,2.0253577724331966
A_01993,Asset,Corporate Loan,2874913.8248053975,0.06649936959151592,1.7106654952743137,1.536790249445138
A_01994,Asset,Corporate Loan,3591754.4753745873,0.07248877256447071,0.7740704860085994,0.6402934804611005
A_01995,Asset,Retail Loan,4881594.4467962645,0.06241746179762256,4.827967075481766,4.2903762646924335
A_01996,Asset,Retail Loan,2452457.2408153694,0.09802447098971562,4.32070897199835,4.004651403655044
A_01997,Asset,Corporate Loan,3036461.549940762,0.07729470922496182,1.2800032652711257,1.246825699190695
A_01998,Asset,Corporate Loan,1657754.6311327848,0.05100253984115179,1.2334741889574459,1.1880381436765566
A_01999,Asset,Corporate Loan,1659407.9955813088,0.07456213971363956,1.6777758874943847,1.384035652581687
A_02000,Asset,Mortgage,4492668.733786352,0.05192463977267883,14.467079150338883,12.201940802661019
A_02001,Asset,Corporate Loan,1697914.876345446,0.06821800010304464,0.9403847812571502,0.8419498463900761
A_02002,Asset,Mortgage,208942.42338618834,0.06288846635534684,11.438679275551262,10.888448076247773
A_02003,Asset,Mortgage,3658717.0270059956,0.049979697994626746,14.278100616476962,12.859455429889014
A_02004,Asset,Retail Loan,84440.0571512915,0.06403228788556341,1.9605064818060796,1.6704344001403981
A_02005,Asset,Retail Loan,191174.1229513088,0.06032892525555566,4.637216585624198,4.39244773411971
A_02006,Asset,Retail Loan,4565536.62889802,0.0861560458547703,4.571183758359544,4.271528172164268
A_02007,Asset,Retail Loan,4925114.25226233,0.09580424902920368,4.5113304143032575,4.203878317534779
A_02008,Asset,Corporate Loan,4473560.81299788,0.06688134630026608,1.228792320377981,1.0075435868863831
A_02009,Asset,Government Bond (HQLA),746813.765967506,0.0311626831625643,0.5273039308877738,0.5024249932254466
A_02010,Asset,Corporate Loan,1199062.868360773,0.07271451740922318,0.5023576063187258,0.5008713638494546
A_02011,Asset,Mortgage,2328022.759875246,0.052295430193550506,14.037672613991067,12.703908654899854
A_02012,Asset,Corporate Loan,2265738.1696943487,0.06580306721808477,2.437976923234764,2.1048113455259725
A_02013,Asset,Retail Loan,236849.21898879527,0.06919845661604136,3.332780647532184,2.764964091733596
A_02014,Asset,Mortgage,3421985.826216667,0.05510730689015775,12.52154892257666,12.256228833764414
A_02015,Asset,Government Bond (HQLA),4046486.151972823,0.026074419071823774,1.3076276158155558,1.3031672775196963
A_02016,Asset,Retail Loan,1053151.7638526338,0.06227362282849554,2.768616455146331,2.756708339349049
A_02017,Asset,Corporate Loan,2806912.8537376677,0.0649107094333162,2.1394906997492997,1.7253124791244447
A_02018,Asset,Corporate Loan,3595060.6909343316,0.0727188671621358,1.5418726515601329,1.3034995403118117
A_02019,Asset,Retail Loan,849014.089053491,0.09388048141556335,2.4879790391566474,2.4023488027036835
A_02020,Asset,Corporate Loan,2966137.743102171,0.05723620323884069,2.302040791187289,1.919046160630678
A_02021,Asset,Government Bond (HQLA),3106908.7003876115,0.026755119742644582,1.9646898714839613,1.8479997492414346
A_02022,Asset,Retail Loan,1342940.847805869,0.07278472502032285,3.047608485078496,2.540255768111335
A_02023,Asset,Retail Loan,226954.55260603,0.07968466628343446,3.8176944859099464,3.126113835717518
A_02024,Asset,Retail Loan,557545.9636575879,0.06376841454449975,3.450371233103506,3.2808077991913867
A_02025,Asset,Retail Loan,1284410.150579666,0.08874125272488985,4.562666703567629,3.716719399465078
A_02026,Asset,Mortgage,2490523.851624014,0.05802219323351181,13.467830271688292,12.610826527160464
A_02027,Asset,Government Bond (HQLA),1200060.95232389,0.029206427801147967,1.285496592046638,1.0385403438436513
A_02028,Asset,Retail Loan,640181.4601984004,0.08268652351653569,3.5963669621541925,3.2751607276530987
A_02029,Asset,Retail Loan,2373049.8319820347,0.07590367477242586,4.698491271370115,4.346031571012914
A_02030,Asset,Mortgage,3930430.1317523434,0.0657385583620701,10.192800823952712,8.952088449665178
A_02031,Asset,Mortgage,1239124.4736579494,0.04159361872597003,7.802164069905711,7.483183259872528
A_02032,Asset,Corporate Loan,1184127.2388614253,0.07704199823687699,1.0794756940414492,1.0436190954442321
A_02033,Asset,Corporate Loan,3099748.4620578196,0.06174999628636427,1.6858139263757275,1.657315876227158
A_02034,Asset,Retail Loan,2121311.6090953285,0.07992602881004593,2.3782476319515014,2.120270489949719
A_02035,Asset,Corporate Loan,742598.9372736207,0.05727256441661633,1.7828537537831928,1.4920101705232576
A_02036,Asset,Retail Loan,3825130.1658428977,0.08506574733247034,2.70976768342624,2.5621359324136415
A_02037,Asset,Mortgage,2378978.5594939273,0.05127879728921991,8.8789852895173,8.239785002116882
A_02038,Asset,Corporate Loan,4253204.627543127,0.055116811340195554,2.6867549608167804,2.2226092564775572
A_02039,Asset,Corporate Loan,1541067.452908283,0.07665928008088865,0.5464267969127472,0.46193836942261357
A_02040,Asset,Government Bond (HQLA),3601300.5318473554,0.02402922991586321,1.5490416308318202,1.311788687663294
A_02041,Asset,Corporate Loan,901894.2706168178,0.059643874338434134,1.2635792317075807,1.0512043990494766
A_02042,Asset,Retail Loan,3953331.61794087,0.0611382956737569,1.6687834181890735,1.5450781530341604
A_02043,Asset,Government Bond (HQLA),1689508.3823844509,0.03140774650735062,0.32544583607287936,0.319350509659943
A_02044,Asset,Mortgage,3131453.548642944,0.056256405198286605,8.150564966075994,6.669191374234721
A_02045,Asset,Mortgage,3639225.293543372,0.047811920762352154,14.650316229099188,11.77433145836676
A_02046,Asset,Corporate Loan,3548612.9967642315,0.05581216799074432,2.47601868970747,2.110435950930021
A_02047,Asset,Corporate Loan,1686474.0093515092,0.06421280461216161,2.6512787164686125,2.545004141424984
A_02048,Asset,Corporate Loan,3876796.2010047045,0.07494249865790933,1.3316824663258096,1.1384746007322022
A_02049,Asset,Corporate Loan,1109335.2102106775,0.0595452562852611,1.6888163040654833,1.4411356636544517
A_02050,Asset,Government Bond (HQLA),842366.8221593166,0.0396832991896643,1.595919091169051,1.2830875045039172
A_02051,Asset,Mortgage,1301913.4375036212,0.052086687368698925,5.4048782432830444,5.33485027361111
A_02052,Asset,Retail Loan,2960034.1750524193,0.0949353665748419,3.0055859143812973,2.454963605494452
A_02053,Asset,Mortgage,3416543.0072447225,0.06827003484805111,11.690800168622832,11.277150499479264
A_02054,Asset,Retail Loan,2381860.11098734,0.07240588884363208,2.591812224805334,2.307405788195866
A_02055,Asset,Corporate Loan,2190052.8043993935,0.05265898924248742,2.9481546640216063,2.9022995792612356
A_02056,Asset,Corporate Loan,3137524.115222729,0.060813890874477666,2.5754574165442348,2.2820725923210428
A_02057,Asset,Corporate Loan,1904918.5615520112,0.07486789673579036,2.8138233041172374,2.312399985618787
A_02058,Asset,Retail Loan,2167954.0985223064,0.0847637238108448,1.3946295069312362,1.1557829166221067
A_02059,Asset,Corporate Loan,85738.73766840287,0.07031572171017966,1.2914908710316169,1.1582190713309104
A_02060,Asset,Government Bond (HQLA),4376813.790527743,0.020909730829445493,0.7822344801819873,0.7580831940053276
A_02061,Asset,Government Bond (HQLA),4112105.597424232,0.03995830268824575,0.3431048877475532,0.29222821225987317
A_02062,Asset,Mortgage,4544772.637861822,0.06724775664031199,7.356871143307094,6.340860134518441
A_02063,Asset,Government Bond (HQLA),1442237.1008833493,0.021070893017853497,1.9115280670398869,1.8003811251264474
A_02064,Asset,Corporate Loan,2415491.531757517,0.07116787369329476,1.0587357856396,0.8873919958784597
A_02065,Asset,Corporate Loan,1303564.5470492414,0.05085893581506959,2.88905344945339,2.4266478948844643
A_02066,Asset,Retail Loan,2099635.7375506912,0.07965396361075142,1.9309209674802141,1.8816691684368732
A_02067,Asset,Mortgage,2920811.8036487997,0.060819763251678274,5.8900317798267965,4.908062508503151
A_02068,Asset,Mortgage,1287780.9546252582,0.05051410606953784,9.17048728320901,8.911538243200951
A_02069,Asset,Retail Loan,2849942.1678047036,0.08819183344528747,1.568246437772249,1.5384742601816535
A_02070,Asset,Corporate Loan,2466056.6883116304,0.06562974165948071,2.818557091206906,2.529710480010725
A_02071,Asset,Corporate Loan,3461687.194996612,0.07463331583224549,0.7672084377175785,0.6805913765201761
A_02072,Asset,Retail Loan,3941604.212531155,0.06401469980380216,2.5077998867450884,2.3241181101136656
A_02073,Asset,Mortgage,4444379.871599233,0.06603116379300064,14.576634748089731,11.667549278336608
A_02074,Asset,Corporate Loan,4101785.77053224,0.06804645519139119,1.4156325149961855,1.304170409016272
A_02075,Asset,Corporate Loan,4527145.940042374,0.06394352617812503,1.758070863465294,1.757196661203097
A_02076,Asset,Corporate Loan,933071.3470464762,0.0744205020655979,1.7826735571585952,1.7031165182003059
A_02077,Asset,Mortgage,3554717.7307896633,0.06586252257520694,7.542178290666882,7.381444614233317
A_02078,Asset,Retail Loan,695755.4009293999,0.09473295854601471,4.902419874356449,4.797739627600284
A_02079,Asset,Mortgage,2731349.7789669554,0.056360885564009255,11.464017366657997,9.288619988606616
A_02080,Asset,Mortgage,2551393.5650126073,0.05507919414926606,11.477090747902299,10.31058523374997
A_02081,Asset,Retail Loan,1429632.8899486873,0.0678266518250137,1.6354107677758232,1.6265721511689946
A_02082,Asset,Retail Loan,1382888.6003107778,0.08440714304946567,3.36235863095434,2.7934301535810415
A_02083,Asset,Mortgage,3936754.1961684837,0.04865998908026382,7.373177042038911,7.2817317526945375
A_02084,Asset,Mortgage,3504095.313659493,0.05254792242707727,5.822332215106005,5.309154033637205
A_02085,Asset,Retail Loan,2268721.5814357116,0.07309506720461598,3.40410350995476,3.2549662078178754
A_02086,Asset,Mortgage,1651866.8736986502,0.04310729698309045,13.386571544924571,12.952121338735129
A_02087,Asset,Retail Loan,460489.4049231439,0.07887749463021178,3.567101617764045,3.501388900108313
A_02088,Asset,Corporate Loan,1471403.704016262,0.06367838557305984,1.7518372653604959,1.5221461896081123
A_02089,Asset,Mortgage,3809831.077873846,0.06918569814131029,13.529839690301365,11.54543485863689
A_02090,Asset,Mortgage,2001578.265703939,0.054279450710476615,11.770819719511081,11.756160582564961
A_02091,Asset,Mortgage,4764831.9371499065,0.06708703033490114,13.349695494811858,12.854206053438494
A_02092,Asset,Corporate Loan,1296352.8440670776,0.050607086979198516,1.4258004386263055,1.2900622885027062
A_02093,Asset,Corporate Loan,2649989.8009109166,0.07734362010364518,2.9350780624301596,2.442990375562394
A_02094,Asset,Corporate Loan,2148583.0883431467,0.07395487890811739,1.4013322946291193,1.267936017780824
A_02095,Asset,Corporate Loan,4272417.116990231,0.05396634568460899,2.5148203835383964,2.3709296964624893
A_02096,Asset,Corporate Loan,1508512.0701593773,0.06461748681036353,0.6250470522554659,0.5444705717144398
A_02097,Asset,Retail Loan,3488625.06150494,0.06979158076117699,4.0779415492623485,3.302681990717725
A_02098,Asset,Mortgage,99300.71896130143,0.05882859621948118,14.37112493921472,12.421959592520585
A_02099,Asset,Retail Loan,94578.03810915246,0.06550913206068565,1.9418856680435086,1.791259896531334
A_02100,Asset,Retail Loan,2666717.6958062653,0.07192166793387658,3.3604656893778833,2.7119394631177447
A_02101,Asset,Retail Loan,180419.29435989214,0.07272038819257193,3.956498668546185,3.7953110599457758
A_02102,Asset,Corporate Loan,2292340.599108321,0.07139094369125312,1.7822065062739343,1.5232529224124016
A_02103,Asset,Retail Loan,2802483.8091977346,0.0776996525467215,2.307910492970957,2.1449474136897035
A_02104,Asset,Corporate Loan,3120380.144649172,0.07219389115808297,1.8605000052840697,1.7510790204237932
A_02105,Asset,Corporate Loan,3410569.953255549,0.06296813863364506,2.683899005681532,2.368682084651734
A_02106,Asset,Mortgage,2933641.4933578703,0.06676336047073245,5.710067802225885,4.603208961968664
A_02107,Asset,Mortgage,3806031.006386349,0.04162403225206962,14.531110852819305,13.35948732372048
A_02108,Asset,Corporate Loan,1686633.1265547331,0.06687962359013927,0.7257964007476826,0.6501743274993846
A_02109,Asset,Retail Loan,3081823.0601305626,0.09069113204214593,3.951812481011754,3.877022997879176
A_02110,Asset,Corporate Loan,4767710.204679578,0.05889504713071817,2.6635735127067153,2.2157112260268708
A_02111,Asset,Corporate Loan,2039398.6043820346,0.06750158696983244,1.9392982633280107,1.842328301927748
A_02112,Asset,Corporate Loan,568872.0726567894,0.059292937495555614,2.6457283388827655,2.630540514349814
A_02113,Asset,Retail Loan,4793343.302550891,0.06924144551788237,1.364047227530068,1.103945230196386
A_02114,Asset,Mortgage,4258978.74603037,0.0678556622512729,9.340710818159804,8.575331239627287
A_02115,Asset,Corporate Loan,4234825.048418811,0.060627971639828776,1.2420005126295972,1.218638959715181
A_02116,Asset,Government Bond (HQLA),4883589.742194311,0.02254744072066722,1.8134928012391751,1.749557853614401
A_02117,Asset,Corporate Loan,4954466.711932393,0.06661508247506662,1.6807024108220028,1.5226407241106268
A_02118,Asset,Corporate Loan,421359.34001994494,0.07408027437578861,2.7391280760047962,2.2677388052009473
A_02119,Asset,Mortgage,3147940.9969505197,0.047620634472866886,9.091437879176222,8.836384468971035
A_02120,Asset,Mortgage,2761312.5518722273,0.04273198546246543,11.09568533898464,9.928241179787197
A_02121,Asset,Retail Loan,1081499.2110936856,0.09645024607337152,3.645215849147467,3.210528678460719
A_02122,Asset,Retail Loan,3261297.339321438,0.08993275204489964,4.484748185401271,4.367030030961655
A_02123,Asset,Corporate Loan,3771787.409627495,0.06044823846089575,0.8501613983973412,0.7463650512018983
A_02124,Asset,Corporate Loan,4648927.9832712775,0.05403576476867554,2.6857414005554356,2.241406784774007
A_02125,Asset,Corporate Loan,1489182.1361588358,0.07708328143293636,2.0369273828906556,2.021565504623916
A_02126,Asset,Mortgage,4198888.0469353795,0.046249808405801195,10.252022002307971,9.27744103087405
A_02127,Asset,Corporate Loan,3725164.942857105,0.06104931146260195,1.0497074742683727,0.9161904504694043
A_02128,Asset,Government Bond (HQLA),2247527.5536172586,0.03501622762748878,1.5346785378664782,1.3092478225477395
A_02129,Asset,Corporate Loan,4476799.321927308,0.07835352522027639,1.6879942986423737,1.4227962925931237
A_02130,Asset,Retail Loan,4462696.672066509,0.09970359503735379,4.390724791848866,4.1091857998142745
A_02131,Asset,Government Bond (HQLA),4143397.6741663488,0.03138283140908536,1.704410032928165,1.4938692377276892
A_02132,Asset,Government Bond (HQLA),2188980.019298678,0.028922286142503757,1.1237567977743712,1.025949122183543
A_02133,Asset,Corporate Loan,287439.4149684056,0.0633318145674731,2.7051204650192466,2.4827290752794635
A_02134,Asset,Retail Loan,66769.84751406373,0.08818344128533401,1.9811603745745718,1.6242323541464936
A_02135,Asset,Government Bond (HQLA),1114361.7183131136,0.02363015923242991,0.488727867154374,0.39234894427543116
A_02136,Asset,Mortgage,4381420.92966403,0.04564599945039587,11.141627026161988,9.548993829066763
A_02137,Asset,Corporate Loan,4774012.460535339,0.07194937711759664,1.118378429544357,0.9929966264019645
A_02138,Asset,Retail Loan,2306783.888259463,0.09194749483721451,1.2848268701649301,1.090381667059034
A_02139,Asset,Mortgage,388324.4386685639,0.04579044956217096,14.55098556165686,14.209741890436733
A_02140,Asset,Mortgage,4840906.624203009,0.061821918815378546,9.778906609457497,8.548154266426621
A_02141,Asset,Retail Loan,2243225.868020572,0.09928178491145537,1.6629960615538195,1.362408356384133
A_02142,Asset,Corporate Loan,3150996.0835075765,0.069865576571355,1.8451988571851357,1.5190344124038735
A_02143,Asset,Corporate Loan,1471702.2270804397,0.07286214960319178,2.8504401582526415,2.8347709934881937
A_02144,Asset,Retail Loan,1461409.217144508,0.060446183492473216,1.781690346553396,1.5117021601029914
A_02145,Asset,Mortgage,1193890.1645661143,0.06663454344894996,10.090034454826181,9.47203582778709
A_02146,Asset,Corporate Loan,1893721.2476149362,0.055311243231797196,1.6393395350212119,1.519340132668733
A_02147,Asset,Corporate Loan,4269208.478847116,0.06831539492276481,2.391381650144541,2.0872946225528146
A_02148,Asset,Retail Loan,3891951.727322833,0.0689900015270943,2.945636395964346,2.471491806697512
A_02149,Asset,Retail Loan,3896947.9212176953,0.0810656905410079,1.9159487412012468,1.7057869293410637
A_02150,Asset,Corporate Loan,4391916.756837412,0.0635322821547458,2.6693684752043265,2.1436984172221325
A_02151,Asset,Corporate Loan,3050658.010249495,0.06954008317400617,1.8944118977451545,1.5739060983462854
A_02152,Asset,Corporate Loan,954125.5127816725,0.0601726283978804,2.3763099517418724,2.2384342780015896
A_02153,Asset,Retail Loan,2068907.1266750214,0.06907482065325976,3.820138089053331,3.6637317375547718
A_02154,Asset,Corporate Loan,2958430.772141502,0.06447354411143352,1.3838721355108428,1.2724287189667003
A_02155,Asset,Corporate Loan,3506650.9535057726,0.05606819545226091,1.584242332767399,1.3351784572384162
A_02156,Asset,Retail Loan,1539740.6920154286,0.09176650835350439,3.9956705619140784,3.3583351690702803
A_02157,Asset,Government Bond (HQLA),2536893.8277266272,0.034135305637232626,1.842259623135155,1.7399896836356261
A_02158,Asset,Retail Loan,1138956.0781398069,0.0886451056190695,1.0352593331778905,0.8995240571021992
A_02159,Asset,Mortgage,1727734.2886882802,0.04392094761244939,13.19333752298861,11.012144133296452
A_02160,Asset,Corporate Loan,2072012.574967253,0.0729094109756966,1.371757027107446,1.1240043725106665
A_02161,Asset,Corporate Loan,4194337.997601524,0.07827030523014072,0.66699269315543,0.6651673799106578
A_02162,Asset,Retail Loan,1491798.985165898,0.09105565474610905,2.4896026641414246,2.288406327128965
A_02163,Asset,Corporate Loan,3799673.6229516044,0.07499628370730788,0.7949474985925643,0.7481441385321276
A_02164,Asset,Corporate Loan,4454189.90717613,0.056050998878930766,2.2507658847095176,1.9940639563349345
A_02165,Asset,Corporate Loan,323327.25241450797,0.053857317823906355,2.8865937834001394,2.711932498347922
A_02166,Asset,Corporate Loan,176879.6369278918,0.07555510426456799,2.811868689660904,2.5443238422845833
A_02167,Asset,Retail Loan,652033.3088664665,0.07021713124184362,2.4535699177285064,2.2114963918561616
A_02168,Asset,Government Bond (HQLA),2896019.7914867247,0.033017576749915546,1.790869006191186,1.6029160599059553
A_02169,Asset,Mortgage,2383272.1453563375,0.04874730308727296,13.68628170510361,11.301619767046999
A_02170,Asset,Mortgage,2957705.0607737005,0.0681348162097715,13.890923982489602,11.261728764782298
A_02171,Asset,Corporate Loan,1906074.51791892,0.0738077359160697,2.0646459926752927,1.7675806871393094
A_02172,Asset,Corporate Loan,3558206.4705292527,0.074422007178538,0.836077707089335,0.7702131105694497
A_02173,Asset,Government Bond (HQLA),1730668.1496969317,0.030130024020738506,0.3054772904406774,0.2496244807590265
A_02174,Asset,Government Bond (HQLA),241490.5433730981,0.03050204796284488,1.5316574121038853,1.3382460406138232
A_02175,Asset,Retail Loan,3129726.2746593584,0.07123533092270398,3.340881317563821,3.28089358946763
A_02176,Asset,Corporate Loan,2276140.7824309254,0.05300695634528858,1.8594061397966393,1.8341783566351553
A_02177,Asset,Corporate Loan,449857.10867800086,0.06800607641277742,1.4682279341883249,1.325414187598369
A_02178,Asset,Mortgage,324645.5132361576,0.06457691730520307,7.8454061027205615,6.401684567329888
A_02179,Asset,Mortgage,504885.65578167595,0.050823652032361805,13.344542148916963,12.309563648850549
A_02180,Asset,Retail Loan,377535.17253964517,0.06511415271634782,1.8637528160805403,1.607451727176549
A_02181,Asset,Corporate Loan,2964359.344646797,0.06968719679745077,2.474670268449357,2.281031440333312
A_02182,Asset,Corporate Loan,2395351.7530526863,0.0752649809018415,1.5363020734754527,1.299711693210442
A_02183,Asset,Retail Loan,3274033.4912698846,0.09560460545239238,1.8098487345553256,1.7588277701930581
A_02184,Asset,Retail Loan,576622.6067996828,0.0843689065107742,2.980686368986665,2.5484322020401526
A_02185,Asset,Mortgage,2994834.3035484143,0.04076114464126947,8.248241097485547,7.836076953887793
A_02186,Asset,Retail Loan,4180645.0301400106,0.08308309770527061,2.6811610402170207,2.613032057389522
A_02187,Asset,Mortgage,1889021.8974556876,0.06325438233185784,7.088888927148432,6.285122633695212
A_02188,Asset,Retail Loan,4526905.444469893,0.06103228672764924,1.7924167769643495,1.4412034546149037
A_02189,Asset,Corporate Loan,3325291.5505517754,0.059600329677411905,1.2776042626424597,1.1088311847183199
A_02190,Asset,Mortgage,337762.2655828015,0.046675631325323395,14.291163526913257,14.290229471448258
A_02191,Asset,Retail Loan,3869154.9636962684,0.06323387206573015,1.8936501797185001,1.8462836731544623
A_02192,Asset,Mortgage,2047673.4426255268,0.05671197798051752,12.023961425404268,11.670351421998593
A_02193,Asset,Corporate Loan,2642178.379994977,0.060617174787705765,1.7134309280113762,1.6762340781177543
A_02194,Asset,Retail Loan,790067.765627446,0.08629976919939769,3.3076381412910054,2.7748565267595136
A_02195,Asset,Corporate Loan,4735491.022744781,0.07005082106352183,1.116543556726685,1.0585166526909895
A_02196,Asset,Corporate Loan,4690753.634459936,0.06373773739582694,2.3416418380469763,2.139949296107945
A_02197,Asset,Mortgage,2981341.39312463,0.05070665986841204,13.786975838260759,11.856484161086273
A_02198,Asset,Retail Loan,237025.6919197459,0.09480220772437131,1.1720558575202213,1.0966676182055004
A_02199,Asset,Mortgage,3092481.953727686,0.054408007769968826,13.49219144694105,13.142503064832674
A_02200,Asset,Corporate Loan,4637202.146478498,0.05771531408073282,2.2466424502031,2.0507733862795114
A_02201,Asset,Corporate Loan,732599.1675651531,0.05944356871150874,1.9781072643765354,1.6031961066826739
A_02202,Asset,Government Bond (HQLA),3225377.3268682244,0.03352112010026506,1.7661459705546094,1.539013838329081
A_02203,Asset,Corporate Loan,3394946.4637185265,0.0576100837736509,2.900630813003594,2.8281017337861485
A_02204,Asset,Government Bond (HQLA),3368556.797561835,0.02795757174954737,1.8694065920625418,1.8518402180164815
A_02205,Asset,Mortgage,257928.5487231189,0.05453418427099578,14.068728318190528,12.550225711826656
A_02206,Asset,Corporate Loan,789453.5065175783,0.07493381650153237,1.6729151214184965,1.343512265136376
A_02207,Asset,Retail Loan,62150.20289702889,0.0891326204197494,2.6628452365993933,2.5556773413370495
A_02208,Asset,Government Bond (HQLA),3062097.834205393,0.038482958982733975,0.5837910466405014,0.5575573163993399
A_02209,Asset,Corporate Loan,3493419.067808733,0.07137182085418765,2.8107908875185728,2.4557174518375207
A_02210,Asset,Mortgage,249376.90554016994,0.05218969095536738,8.864155618305812,7.3871005092425825
A_02211,Asset,Retail Loan,710237.121356827,0.0920915526545475,3.6184859831882203,3.609948883944616
A_02212,Asset,Corporate Loan,3016927.1501924535,0.055011253440144584,2.842862417037805,2.6823234668636124
A_02213,Asset,Mortgage,490428.90255322494,0.06439315141332533,13.612493851830651,10.980934725798118
A_02214,Asset,Retail Loan,293178.124764669,0.08037155962719705,2.338974127197449,2.1202088142296036
A_02215,Asset,Retail Loan,4562404.588473357,0.0618220062386141,2.4730511594876528,2.1269363288515333
A_02216,Asset,Corporate Loan,2070698.0218117486,0.053939697492929525,1.184606297748148,1.1417625233396598
A_02217,Asset,Government Bond (HQLA),1681233.5609432163,0.03236075049353914,0.8250799839355474,0.7786183232351241
A_02218,Asset,Corporate Loan,4529401.109059986,0.06351170229217794,1.900009973072296,1.7657449145214243
A_02219,Asset,Government Bond (HQLA),3983033.857387442,0.026646198214799195,0.17602494801673624,0.15738547915500709
A_02220,Asset,Corporate Loan,3515928.42611076,0.07194035285555815,2.5656728746564528,2.560199415327166
A_02221,Asset,Retail Loan,4381198.000370886,0.07448715030232585,4.066490660697944,3.8502546486723963
A_02222,Asset,Retail Loan,3957200.737585734,0.07169160690837012,3.1293224103484105,2.913885649612938
A_02223,Asset,Corporate Loan,1086956.8024620186,0.06300867760705021,0.5759935370288154,0.5264018608237695
A_02224,Asset,Mortgage,4644673.138455592,0.06261410451305635,10.288052181567664,9.134356743102904
A_02225,Asset,Mortgage,1063767.5484488762,0.059026839964408453,8.710647348035314,7.000151405420455
A_02226,Asset,Mortgage,4185900.731277426,0.05343827251531493,8.991416610939513,8.723979893455821
A_02227,Asset,Mortgage,1476339.9707152063,0.0603663469717179,8.23976106561539,7.519932395368955
A_02228,Asset,Retail Loan,1584153.0506843738,0.08752697746889054,4.599933107514616,4.587029667427844
A_02229,Asset,Mortgage,4712773.439110772,0.06314454624450777,7.161885738704754,5.758467704807501
A_02230,Asset,Mortgage,2372947.2766951947,0.06587213056879268,8.467600719200686,8.220800121107912
A_02231,Asset,Retail Loan,3067050.3561246833,0.07662644006001797,2.4713288972838257,2.388312382336812
A_02232,Asset,Corporate Loan,4718091.61265622,0.06988167270104534,0.949084565930352,0.8868445619015514
A_02233,Asset,Retail Loan,1657515.5143876497,0.0904722101981981,4.339193970319762,3.7569573481595855
A_02234,Asset,Corporate Loan,355317.4664528225,0.06457461676581197,1.021864705996573,0.8350624699421623
A_02235,Asset,Mortgage,3604130.740032857,0.060804007178920816,14.436336706484948,14.264259535031439
A_02236,Asset,Corporate Loan,3021082.1247567483,0.06926387440592781,2.942427636565652,2.3720595594627003
A_02237,Asset,Mortgage,4532070.026080208,0.05751499817876268,12.955802497943267,12.104097144717628
A_02238,Asset,Government Bond (HQLA),498777.3381212247,0.025667953891411875,1.3677651744031551,1.2693108101066177
A_02239,Asset,Corporate Loan,809611.3189354023,0.0686488873412964,1.0168666143505978,0.8395718419551071
A_02240,Asset,Retail Loan,4184465.461303112,0.07952240625078652,2.3083660240065544,2.2811920938998034
A_02241,Asset,Retail Loan,1978648.7859221515,0.09021355718015889,3.4258311021741825,3.3584473248555606
A_02242,Asset,Government Bond (HQLA),3894368.368144484,0.020496186600851316,0.5338285895272898,0.4680367708096493
A_02243,Asset,Retail Loan,3566418.8548195753,0.06175886566485819,3.644522347302867,3.525414822573756
A_02244,Asset,Retail Loan,2189524.023680659,0.07717675147409013,3.6717349418229697,3.261446322446543
A_02245,Asset,Retail Loan,2037145.568837019,0.09660705348746391,4.0593915728799335,3.583222617024953
A_02246,Asset,Corporate Loan,3528004.1763020777,0.05801182820718081,2.8569300027631916,2.5370362400506794
A_02247,Asset,Mortgage,3067983.1684014904,0.058831982066867974,6.105863439639547,5.112740214033906
A_02248,Asset,Corporate Loan,2669061.1749191703,0.06387482822037314,2.690508405562462,2.3027751616292513
A_02249,Asset,Retail Loan,4377546.789587464,0.07703474243532575,1.6840434176729135,1.410276264569943
A_02250,Asset,Mortgage,2398144.567874364,0.050832989218794006,8.511436905568122,8.259863014564782
L_02251,Liability,Term Deposit,4944224.145017767,0.04803483352081284,2.7425962906267114,2.374270575274232
L_02252,Liability,Wholesale Funding,179636.30085009107,0.05791597715017683,2.5073422440646627,2.1435955253603765
L_02253,Liability,Retail CASA Deposit,2089250.2571308766,0.008766655512287076,0.3061566924234611,0.2894243006921378
L_02254,Liability,Wholesale Funding,4643986.479802393,0.05865363804721004,1.817866880790302,1.5504560715649307
L_02255,Liability,Retail CASA Deposit,627164.8321970849,0.002275249249613036,0.2816918703330828,0.23317190393702908
L_02256,Liability,Retail CASA Deposit,1945078.3776400827,0.01633490558945363,0.30211975516607115,0.287699558478415
L_02257,Liability,Retail CASA Deposit,1695209.5520520494,0.00016472483183920252,0.4828957650534838,0.4712792760118613
L_02258,Liability,Retail CASA Deposit,6521551.130406419,0.008807035477865046,0.17115364241375985,0.16112816767149488
L_02259,Liability,Term Deposit,2194560.863719233,0.04461413768725773,1.8845772896695587,1.5236185272570921
L_02260,Liability,Retail CASA Deposit,3157992.3809255376,0.013286885829294288,0.0659183089017571,0.055556642307561646
L_02261,Liability,Term Deposit,1367669.1419320425,0.03232106918769138,1.8712089643728111,1.5056147215131241
L_02262,Liability,Retail CASA Deposit,6569500.892243456,0.014169565062736705,0.07114310930546791,0.057880983718720344
L_02263,Liability,Retail CASA Deposit,3507326.056808273,0.019031606188797394,0.23243546507717183,0.22987102565059256
L_02264,Liability,Term Deposit,4148287.971116659,0.03712357068656842,1.6374007934825277,1.6200730149690612
L_02265,Liability,Term Deposit,3989952.6088589886,0.030933956357702262,1.079752804422287,1.067916247478487
L_02266,Liability,Retail CASA Deposit,3051575.723136508,0.01673848659818584,0.05731997179285342,0.04617274861026009
L_02267,Liability,Wholesale Funding,973118.7163673032,0.054595452746723144,4.546256450524608,3.78673180904637
L_02268,Liability,Term Deposit,2158238.089651756,0.04718364398822217,0.9455827472789586,0.8327790310518693
L_02269,Liability,Retail CASA Deposit,1176641.5929758376,0.017432336926577002,0.19153283804288934,0.1671364849332984
L_02270,Liability,Wholesale Funding,6514844.71391784,0.0435462250704529,1.579594637229384,1.5362107768181266
L_02271,Liability,Retail CASA Deposit,38677.80984763126,0.0119525798639112,0.1369359098526855,0.13143837033475114
L_02272,Liability,Retail CASA Deposit,768619.6286629974,0.015022967356451653,0.4610463267861658,0.4232202051393615
L_02273,Liability,Term Deposit,2957144.6090540853,0.03743605982549072,2.3961393682728165,2.0338884175645027
L_02274,Liability,Term Deposit,2894014.331932459,0.03698970364616202,2.953442760815487,2.907208044174911
L_02275,Liability,Wholesale Funding,1671437.5520519628,0.0486614901028913,4.1928847263520534,4.123722864052535
L_02276,Liability,Term Deposit,5125980.950852317,0.03455601511425713,1.6674185229094947,1.400414837836949
L_02277,Liability,Term Deposit,5202922.989902342,0.04377258579801087,2.0126787129519172,1.7237894176062494
L_02278,Liability,Term Deposit,313839.6089638452,0.049797843244797496,2.5438310398953017,2.24207114971387
L_02279,Liability,Retail CASA Deposit,1175995.0642192748,0.012241586364077184,0.3262634388752094,0.31242104165625395
L_02280,Liability,Retail CASA Deposit,5258869.78989227,0.006456289954276866,0.3439920107618349,0.31272232158884067
L_02281,Liability,Retail CASA Deposit,3120161.0075197914,0.008423827596507815,0.4405986697778205,0.4264613306348198
L_02282,Liability,Term Deposit,1327831.6122342162,0.04011966658314127,1.952765611744741,1.7179031075540943
L_02283,Liability,Retail CASA Deposit,2873638.2409387357,0.001975381027975025,0.03638118811981356,0.032131258021204
L_02284,Liability,Retail CASA Deposit,6372080.240210345,0.015157162441442003,0.18785290269013527,0.17020402954654076
L_02285,Liability,Term Deposit,1797002.988544677,0.04060176993828848,2.8547624320958227,2.7584564911970744
L_02286,Liability,Retail CASA Deposit,697596.7772630731,0.0001551929667484897,0.3368558238604244,0.3015057005275491
L_02287,Liability,Retail CASA Deposit,4322054.258103943,0.00928805812641292,0.4897099365689261,0.4718353531248193
L_02288,Liability,Term Deposit,3417696.999663862,0.047799317374933634,2.8260587329469447,2.704990639757205
L_02289,Liability,Retail CASA Deposit,3755748.662767592,0.008878333960930795,0.1119486166528425,0.10040028989768209
L_02290,Liability,Wholesale Funding,6169146.594436815,0.040354088901464746,2.6584802495859114,2.5849859462066918
L_02291,Liability,Retail CASA Deposit,4284284.041898749,0.007990129505211285,0.012485450217065597,0.012450391827265308
L_02292,Liability,Retail CASA Deposit,2921659.2986591253,0.018101762467765285,0.15357497509497609,0.14956175716016804
L_02293,Liability,Retail CASA Deposit,566802.4300010824,0.006727374237674195,0.31356919703055874,0.2930043501642701
L_02294,Liability,Retail CASA Deposit,925776.3318049798,0.0042474131060499555,0.3431861163863217,0.33341132989019145
L_02295,Liability,Retail CASA Deposit,1490126.9720698025,0.008661522051735853,0.4992801242425343,0.46961945616058853
L_02296,Liability,Retail CASA Deposit,4201688.446336163,0.0062895327173302104,0.36305303418470924,0.35062914965372444
L_02297,Liability,Term Deposit,2683976.1976748183,0.041535216948718486,1.8941059833578964,1.5779930643559876
L_02298,Liability,Term Deposit,2369823.1249022936,0.04522221176970516,1.5022568064478152,1.346784766556112
L_02299,Liability,Wholesale Funding,2027743.9286760518,0.05573913620958083,2.662814313139716,2.42104387099593
L_02300,Liability,Term Deposit,375339.24293981533,0.035414674648434646,1.4964991567961397,1.4963001591716178
L_02301,Liability,Retail CASA Deposit,6089860.798903487,0.006818328183841808,0.33811686752023873,0.3072491222972748
L_02302,Liability,Wholesale Funding,6082103.734744498,0.04679146282416339,1.6415755000245809,1.4233192319554497
L_02303,Liability,Retail CASA Deposit,4121720.9933104054,0.007631487756510355,0.427410026496094,0.40518777776762505
L_02304,Liability,Term Deposit,2591335.3510967,0.04418647705551935,0.8526494987307427,0.8278485115706944
L_02305,Liability,Term Deposit,131526.4830728435,0.03138959969767064,1.0405822359774781,0.951172517355483
L_02306,Liability,Term Deposit,768879.67402517,0.04111017956790967,2.595844551483463,2.434886101358875
L_02307,Liability,Wholesale Funding,583944.152628403,0.042522053919748184,4.604896091911157,4.045823768121592
L_02308,Liability,Wholesale Funding,6239453.415873594,0.0518820927655085,3.0254866941805814,2.8488874230139407
L_02309,Liability,Wholesale Funding,844041.2821039433,0.049625523010232334,4.2402772329169105,3.77437543635457
L_02310,Liability,Term Deposit,3509631.60664625,0.04096407545584303,2.862626383486509,2.835819340624964
L_02311,Liability,Retail CASA Deposit,4987319.947541574,0.013582576626697238,0.4061197693043736,0.37419244272975627
L_02312,Liability,Term Deposit,5927835.0743304705,0.03244577442361199,2.55411649291125,2.4767715404296964
L_02313,Liability,Term Deposit,1752868.8285399533,0.038640495992674835,2.6744214200348146,2.5719187045495886
L_02314,Liability,Retail CASA Deposit,35620.59443025053,0.002004565132857685,0.2477295964514722,0.23555992736815368
L_02315,Liability,Retail CASA Deposit,3058840.416892628,0.005733184968945053,0.04351678254577712,0.04161501423212765
L_02316,Liability,Retail CASA Deposit,4458077.300537255,0.013596735195154405,0.4587129264022506,0.44137556761598734
L_02317,Liability,Retail CASA Deposit,1732483.279188541,0.014302112272361785,0.4472694261202955,0.41502611547560025
L_02318,Liability,Term Deposit,2856394.017670635,0.045688830841414584,0.6113915790441331,0.5721051746768783
L_02319,Liability,Term Deposit,6194800.381770525,0.035886434884624716,1.3403991624627472,1.3062984225976073
L_02320,Liability,Term Deposit,3549290.3874965683,0.03430142942930105,0.8268368486446249,0.7699881756321025
L_02321,Liability,Retail CASA Deposit,5759681.738971365,0.016112738505498367,0.47497750466610206,0.41584712031538923
L_02322,Liability,Term Deposit,2424902.436150278,0.030667864097317147,0.9177502194140847,0.804998495084889
L_02323,Liability,Wholesale Funding,1651730.22306456,0.05939641570482081,1.826052659719136,1.4699738931302573
L_02324,Liability,Term Deposit,2218147.744705088,0.048356050804191676,0.5937198921741483,0.49155759958631484
L_02325,Liability,Term Deposit,1892833.6728419058,0.03099844971326758,0.6629820054617276,0.5457080067571927
L_02326,Liability,Retail CASA Deposit,5237736.22572742,0.006857841826979594,0.24278310114171459,0.21454106119799726
L_02327,Liability,Wholesale Funding,6270375.9905846175,0.05769364754843376,3.8627059204903076,3.3371060021193997
L_02328,Liability,Retail CASA Deposit,4228113.630243573,0.00963399676024682,0.3118129736486321,0.2744364419463259
L_02329,Liability,Wholesale Funding,5654147.538455802,0.05454584954479137,2.739920791552181,2.3396521708314295
L_02330,Liability,Retail CASA Deposit,2431704.6144060814,0.00033074249121341605,0.2014864000616971,0.1940230214910939
L_02331,Liability,Retail CASA Deposit,3999204.3912630775,0.0034999365750116797,0.03698159363547798,0.03616573327040207
L_02332,Liability,Term Deposit,6542175.414411942,0.037437202306661886,2.996875085978292,2.576595160455662
L_02333,Liability,Wholesale Funding,6874444.823903622,0.055902814450230445,3.5185649369298293,3.3649766632273677
L_02334,Liability,Retail CASA Deposit,3956935.9877647534,0.01376227752522111,0.4165284706321068,0.33498584271982157
L_02335,Liability,Retail CASA Deposit,1001931.2885379615,0.018109789549826515,0.11648610603901954,0.09404839594405323
L_02336,Liability,Retail CASA Deposit,2137014.031028457,0.01068203380171731,0.3084420359831974,0.26021832552341756
L_02337,Liability,Retail CASA Deposit,1636683.0735375097,0.005423555714224069,0.2512648133508278,0.24863168382011058
L_02338,Liability,Term Deposit,412850.3464043687,0.036576905764179796,2.3231660145915836,2.1621654672471604
L_02339,Liability,Retail CASA Deposit,3932688.983773446,0.018560174835491078,0.38607625240373233,0.32902399978770797
L_02340,Liability,Retail CASA Deposit,3200616.2122889627,0.018027737136213143,0.4635874188679944,0.37920322307122545
L_02341,Liability,Retail CASA Deposit,3415422.2519941586,0.006911617466973949,0.053309636402711746,0.044229783234219916
L_02342,Liability,Term Deposit,6536753.35765079,0.0375048226499383,2.991834425735954,2.7518968664228383
L_02343,Liability,Wholesale Funding,816202.1757749573,0.048176873234501365,3.75825764420786,3.161556191905693
L_02344,Liability,Term Deposit,530861.3448618486,0.03505485337496906,2.238517871473264,1.930231717520735
L_02345,Liability,Retail CASA Deposit,5953470.856868256,0.011442937555728006,0.2467221396413693,0.2254760417040731
L_02346,Liability,Term Deposit,1332322.6309581695,0.03254112530715349,2.3628318712459997,1.939352757448379
L_02347,Liability,Term Deposit,1444440.2856859246,0.039504549340034806,1.2669318783820809,1.1274050042571897
L_02348,Liability,Term Deposit,4294939.719565568,0.044281086613109144,2.1109904057046642,1.8123328565993333
L_02349,Liability,Retail CASA Deposit,3020008.9286097707,0.01969875737941727,0.15373108651676304,0.14801388663937654
L_02350,Liability,Retail CASA Deposit,47066.97531561498,0.004881269020858506,0.02139163412363393,0.017602282772935483
L_02351,Liability,Term Deposit,5907654.027463532,0.03431218126164381,2.3418755522830685,2.060522274972776
L_02352,Liability,Term Deposit,5579083.6011224985,0.048194366238155525,2.597804007765412,2.3428270767507033
L_02353,Liability,Term Deposit,777275.787528172,0.0349738361894227,1.9132223998849551,1.6957720028762582
L_02354,Liability,Term Deposit,1775482.7173245773,0.03020467712817515,0.6304626444919027,0.5071642674695445
L_02355,Liability,Retail CASA Deposit,767338.6900675211,0.0044244302836459835,0.11974435728506494,0.1194281506162845
L_02356,Liability,Retail CASA Deposit,884672.1630283571,0.017159149107950168,0.272781272083879,0.25521745209306645
L_02357,Liability,Retail CASA Deposit,3869933.3272796366,0.014562089847354846,0.35742798710020457,0.3335902893605502
L_02358,Liability,Wholesale Funding,5990916.581693565,0.04859712738222424,3.315746237628013,3.078053848841185
L_02359,Liability,Wholesale Funding,47465.39682616636,0.043657875446583984,4.967988036059404,4.44162869579309
L_02360,Liability,Wholesale Funding,1555844.7811425242,0.042651643603623585,2.907180895601533,2.555456385575828
L_02361,Liability,Retail CASA Deposit,2508686.417541517,0.019863415791966654,0.186732108396361,0.18653839360150165
L_02362,Liability,Retail CASA Deposit,4999921.1598958755,0.0006038403067437725,0.025872739834550573,0.021243247155952466
L_02363,Liability,Wholesale Funding,6477405.817317781,0.04323344671107423,1.7757112811227218,1.505993198224617
L_02364,Liability,Term Deposit,3925544.7026618924,0.045132455761798904,1.0539835760986183,0.9084396521748281
L_02365,Liability,Wholesale Funding,4523827.623803375,0.05579824003405691,2.7454047772144468,2.645425166111974
L_02366,Liability,Retail CASA Deposit,2344273.883736876,0.0032948207672654386,0.4679775768643017,0.3783271514902682
L_02367,Liability,Term Deposit,5517232.970235416,0.04839061257825665,2.4291702657768646,2.2023832525370404
L_02368,Liability,Retail CASA Deposit,4056069.399319322,0.001866562405396528,0.3891978071766058,0.3247978221212834
L_02369,Liability,Retail CASA Deposit,4090196.1044300385,0.01341326632004199,0.4433671959729522,0.441774628772011
L_02370,Liability,Retail CASA Deposit,6217086.740364468,0.006284830409990099,0.40703414369334034,0.4048790242326335
L_02371,Liability,Retail CASA Deposit,6122918.958372131,0.01515315233205945,0.4403742885370947,0.4019270126330746
L_02372,Liability,Retail CASA Deposit,3666116.436605236,0.015844340663107036,0.17839812782746728,0.16976826848004592
L_02373,Liability,Wholesale Funding,110568.09292900679,0.05876924106249337,4.236412867292184,4.057890809586001
L_02374,Liability,Retail CASA Deposit,567430.275133141,0.01257490451656142,0.010422619903850405,0.00965066366591735
L_02375,Liability,Wholesale Funding,2745305.7789494074,0.052488498543687846,2.327625139589987,2.246441611990428
L_02376,Liability,Wholesale Funding,5530394.288999301,0.052698284706241286,2.706695922463219,2.6289051171766777
L_02377,Liability,Term Deposit,1498409.4818689064,0.030003154891561135,0.9243085993696825,0.8722215905267939
L_02378,Liability,Retail CASA Deposit,1685093.1196558883,0.011207597202735366,0.14893816576139668,0.13100473799548362
L_02379,Liability,Term Deposit,391142.2942462585,0.03998423007066534,0.8098479856610986,0.7024564394641738
L_02380,Liability,Retail CASA Deposit,469448.9602902231,0.013836371722501016,0.4478595873740007,0.3691812414052875
L_02381,Liability,Retail CASA Deposit,6711230.747910335,0.00834912142187483,0.34058627521975243,0.3202690124512206
L_02382,Liability,Term Deposit,5371146.828653129,0.03859765516249696,1.6946932641326442,1.359492455331474
L_02383,Liability,Wholesale Funding,4156580.019427106,0.05839206838842873,1.8126157487598724,1.78177659384623
L_02384,Liability,Wholesale Funding,6018081.955486695,0.04489372376246545,4.991137551280259,4.833666747471831
L_02385,Liability,Wholesale Funding,1596409.289522068,0.059588410273551995,1.393750196003963,1.1975170121439378
L_02386,Liability,Wholesale Funding,36980.774564361505,0.04931742617392737,1.0840992288784088,0.9190374640579182
L_02387,Liability,Term Deposit,3897078.494184595,0.03325256592631434,0.6937144936262286,0.608810675477103
L_02388,Liability,Retail CASA Deposit,5455440.066883637,0.0018686373368499854,0.20803511777664002,0.18658016076500425
L_02389,Liability,Retail CASA Deposit,895098.8388002141,0.017190554104949796,0.11980491601410265,0.11799855816762982
L_02390,Liability,Wholesale Funding,2305515.084035091,0.05098311381580478,2.0897857644353266,1.9735323033272107
L_02391,Liability,Wholesale Funding,913204.526835556,0.053887117779905416,1.1971679960952177,1.1569972115834029
L_02392,Liability,Wholesale Funding,4673304.326402546,0.05022009527089174,4.816063216476748,4.733048540569229
L_02393,Liability,Wholesale Funding,5833140.1959489705,0.04392431302340591,2.2390342530344824,2.036679322481542
L_02394,Liability,Term Deposit,6043533.118367838,0.035154801226230374,0.7500791776678843,0.7128450889495428
L_02395,Liability,Retail CASA Deposit,2213984.411155968,0.0124518759312538,0.19357769702699157,0.1609843482982212
L_02396,Liability,Wholesale Funding,3085630.9725653874,0.04935739827267863,4.6680868475222255,3.9912518410778492
L_02397,Liability,Retail CASA Deposit,34353.96453178117,0.0021431339385384685,0.2660787424924178,0.23370908014320446
L_02398,Liability,Term Deposit,1904052.1691242633,0.04549443245218683,0.9380607309152882,0.9280781085511585
L_02399,Liability,Retail CASA Deposit,1078348.6538504378,0.0007556844362449256,0.48000632862635934,0.47785900462388775
L_02400,Liability,Retail CASA Deposit,6015414.941462474,0.01877177716354593,0.15366259049387476,0.1326705992144144
L_02401,Liability,Term Deposit,558859.8643201394,0.045473586929585016,1.1058245286343475,1.0015863798954838
L_02402,Liability,Wholesale Funding,2956436.7675944804,0.04897910874956475,4.479249463255693,4.46065903595854
L_02403,Liability,Wholesale Funding,2271547.153944146,0.05695222748431299,4.543694681667213,3.826409225507527
L_02404,Liability,Term Deposit,508324.02370465145,0.03349091767006993,2.591776801458654,2.110128621217693
L_02405,Liability,Term Deposit,3975167.852097494,0.04948485051043473,2.6372923963994275,2.341647969454538
L_02406,Liability,Retail CASA Deposit,5159064.3612388605,0.008957826896889263,0.2825866281119687,0.24354835241714579
L_02407,Liability,Term Deposit,2337158.2751805834,0.04087787392985282,2.392529669368401,2.333600598531392
L_02408,Liability,Term Deposit,1646751.2438381182,0.04114438089860088,2.6277297055803612,2.2108882325168726
L_02409,Liability,Term Deposit,2468046.117289069,0.03906599477293086,2.6110140307301646,2.4681609402883598
L_02410,Liability,Retail CASA Deposit,2731425.5569088194,0.016169205789542968,0.49162071823619935,0.40902261701594017
L_02411,Liability,Retail CASA Deposit,2276216.2518177857,0.015139895189793112,0.32518278024772285,0.308892853502539
L_02412,Liability,Term Deposit,5583309.821192188,0.03247761130591124,1.5926952068936877,1.453952928669405
L_02413,Liability,Wholesale Funding,5460743.0812535975,0.05293611320698194,3.3148025907689695,3.2687679562329235
L_02414,Liability,Term Deposit,2287067.881675404,0.04726886267020667,2.9431039125011225,2.5446332975607775
L_02415,Liability,Term Deposit,2862427.6832098397,0.04915638647626518,0.8727391966785848,0.7687632186288474
L_02416,Liability,Wholesale Funding,1310502.3000101482,0.040479227702485396,3.191483242548879,3.040985967598168
L_02417,Liability,Term Deposit,4309775.360652601,0.03422076660417231,0.6293022063866336,0.5127970815042572
L_02418,Liability,Retail CASA Deposit,4322490.867489332,0.012242996432267806,0.2830929921586876,0.2575722308992164
L_02419,Liability,Retail CASA Deposit,1689688.6120323732,0.01698141749806984,0.06852984176829063,0.06327331999348226
L_02420,Liability,Retail CASA Deposit,1226988.0224496957,0.014854617275266387,0.43651780076306834,0.40678212784755136
L_02421,Liability,Term Deposit,1809788.3290339608,0.04594479150045601,2.9486269077820593,2.5368683937354857
L_02422,Liability,Wholesale Funding,5226555.699235639,0.048531057084832796,2.1883221995119935,1.8320429701345797
L_02423,Liability,Retail CASA Deposit,4977873.537383558,0.016401187314925073,0.1337559286769333,0.13363845650303804
L_02424,Liability,Retail CASA Deposit,3260904.449599649,0.01577901793082467,0.40103127965540153,0.38178155031230865
L_02425,Liability,Retail CASA Deposit,3129021.6777376495,0.019478811671465143,0.2974841786707351,0.2574753691107838
L_02426,Liability,Wholesale Funding,1860537.9922943972,0.053405273736551837,4.956297861894818,4.424498481328812
L_02427,Liability,Term Deposit,1882362.1947881205,0.03227109087686988,1.1854346437786665,0.9753875498295832
L_02428,Liability,Retail CASA Deposit,5253531.480709132,0.002051691206620416,0.30398558379908125,0.2950019905552055
L_02429,Liability,Term Deposit,6614858.749061497,0.03350349727408362,2.175463668528019,1.9465106331131579
L_02430,Liability,Term Deposit,202935.74254867237,0.032588060011971356,0.5372756603870197,0.45686316341661204
L_02431,Liability,Term Deposit,3359946.793886228,0.04346783158231662,0.8450690223447419,0.7768107796718695
L_02432,Liability,Retail CASA Deposit,102521.9721525781,0.00783389551021679,0.03882395767664537,0.032254744879905387
L_02433,Liability,Retail CASA Deposit,4327603.383314212,0.004623517662747885,0.27361871393964177,0.23771022472806214
L_02434,Liability,Term Deposit,5927316.295214049,0.0410680005366683,2.383033596847193,2.0790981548558927
L_02435,Liability,Retail CASA Deposit,6054939.165566601,0.01975965288840522,0.0196217880202732,0.018304677111740816
L_02436,Liability,Term Deposit,269854.8191783639,0.03969556120180894,2.0138231872281804,1.653662552867129
L_02437,Liability,Retail CASA Deposit,6129861.259096954,0.008268331503478174,0.27499420793297646,0.22399280072164218
L_02438,Liability,Term Deposit,4840976.270595768,0.04020525292441299,2.0351090174314086,1.8046469236557905
L_02439,Liability,Term Deposit,1613289.0001675985,0.04177589058360459,2.8531476604441193,2.460093727266811
L_02440,Liability,Term Deposit,5547999.560522499,0.03585671244920521,0.9040401518257436,0.8460926286689081
L_02441,Liability,Retail CASA Deposit,5457360.600428737,0.01525372340909217,0.06522674358868041,0.05307306682662523
L_02442,Liability,Retail CASA Deposit,6184239.123906776,0.00703653794173623,0.2906696084661493,0.24605732518444118
L_02443,Liability,Term Deposit,3508191.888896026,0.04966431973307492,2.978994438824963,2.7615424812705887
L_02444,Liability,Term Deposit,3385389.1309785265,0.03203149088470763,2.206197665592155,1.909840048220434
L_02445,Liability,Retail CASA Deposit,512988.58813265327,0.009705065091864537,0.09791962094711687,0.09370465756915175
L_02446,Liability,Term Deposit,2315136.453193172,0.041005910463662594,0.7058824758418953,0.6030027289624915
L_02447,Liability,Term Deposit,6727148.682651524,0.0342425079744388,0.7782858036938753,0.6962691955166712
L_02448,Liability,Wholesale Funding,5315095.7456434015,0.04667429696951586,4.5929167726513205,4.585603447187681
L_02449,Liability,Retail CASA Deposit,372814.20928731596,0.018545297404139724,0.42780131352701406,0.3499915578105186
L_02450,Liability,Retail CASA Deposit,236690.15642986115,0.004188396336005618,0.05225378132136205,0.05194105935898753
L_02451,Liability,Term Deposit,5361458.192586,0.0407014749955843,2.440348509228805,2.341509014960717
L_02452,Liability,Term Deposit,2171231.080470492,0.040670171722690274,1.9027752719210018,1.8355894391930156
L_02453,Liability,Wholesale Funding,2834681.622552212,0.041995260080762674,4.053562713765439,3.872637105828137
L_02454,Liability,Retail CASA Deposit,279427.5961408535,0.012212855018432896,0.1816230892810886,0.14963018819519006
L_02455,Liability,Wholesale Funding,542632.8754970476,0.05414275035871373,4.720026879332664,4.087271569545789
L_02456,Liability,Retail CASA Deposit,5101955.925043664,0.013432858429098905,0.3007355504406037,0.2639955673843205
L_02457,Liability,Term Deposit,6814326.833533679,0.03835712373044263,1.0348071762492943,0.8882418867389326
L_02458,Liability,Term Deposit,5261487.319220182,0.03162780633265966,1.2311136524934896,0.9877059068619305
L_02459,Liability,Term Deposit,2829834.673651602,0.039396041513953595,2.9709746965996575,2.5291422548301092
L_02460,Liability,Wholesale Funding,3384887.0938013834,0.04191337420856425,3.3967025408423113,2.9774926594153
L_02461,Liability,Wholesale Funding,4061682.532761066,0.05251334361263186,2.3780074205698467,2.3353988018130454
L_02462,Liability,Retail CASA Deposit,3481477.813628598,0.003447922865969053,0.47934532695587767,0.45246976950740336
L_02463,Liability,Term Deposit,4681634.421741456,0.0362775874696753,1.3780490766689242,1.29101416229559
L_02464,Liability,Retail CASA Deposit,2893893.6874694224,0.00016609682246659485,0.094087323026459,0.09352387845878637
L_02465,Liability,Term Deposit,6673258.543384407,0.041747335589149726,0.8508087994195652,0.7148451346463768
L_02466,Liability,Term Deposit,5396866.181936994,0.04824128905752778,0.7815178725982794,0.6556356076439871
L_02467,Liability,Term Deposit,6785217.381173581,0.04913127857122338,2.7059913369159094,2.350206930923581
L_02468,Liability,Retail CASA Deposit,1303562.5981417845,0.015864593565466444,0.2502474475383069,0.20771307126976352
L_02469,Liability,Term Deposit,2233326.180699538,0.04323835460315853,1.3530051809803838,1.2087746716129628
L_02470,Liability,Wholesale Funding,1080605.0545809185,0.041284704961148416,4.159793079068153,3.4892792608569203
L_02471,Liability,Term Deposit,5886549.572386465,0.03654383211657826,1.1316990693483726,1.026931065671459
L_02472,Liability,Retail CASA Deposit,5585618.051830433,0.0029058342393156323,0.3868183225028804,0.34533822575995843
L_02473,Liability,Term Deposit,2327875.9986520777,0.031004262429151455,2.0827670567943293,1.9197650250897507
L_02474,Liability,Retail CASA Deposit,5719186.628168114,0.005631077254563914,0.17772473179023923,0.17206913900247486
L_02475,Liability,Retail CASA Deposit,2735443.8975763125,0.005696007484991017,0.1850017702875157,0.18173664932752948
L_02476,Liability,Term Deposit,448101.46971352544,0.04054598266257588,2.2867186235873853,2.2413811771739174
L_02477,Liability,Retail CASA Deposit,3956190.8288904014,0.009791218124552114,0.250377637370493,0.22314182836100332
L_02478,Liability,Retail CASA Deposit,5204403.023331738,0.019170325500052116,0.22566801636964434,0.1923056371791316
L_02479,Liability,Term Deposit,6476398.791405165,0.047425458152347895,2.158645807540231,2.0841643069519504
L_02480,Liability,Retail CASA Deposit,4134689.2110067024,0.010710517653911992,0.0781306699056778,0.06610514052831051
L_02481,Liability,Term Deposit,3639210.8987402106,0.03537594192333955,1.5280684065791512,1.5276706448233677
L_02482,Liability,Retail CASA Deposit,308101.51840919745,0.019421449172556393,0.10862870024693227,0.10817763408890314
L_02483,Liability,Term Deposit,6059678.761193334,0.049440841883532476,1.0349043271019884,0.8574771935323997
L_02484,Liability,Retail CASA Deposit,780102.7266639129,0.015619488014361048,0.28656396163628234,0.250265889127776
L_02485,Liability,Wholesale Funding,2995411.477534734,0.04931933496372273,1.6017942030928651,1.4989709215259472
L_02486,Liability,Wholesale Funding,3162814.439540792,0.04534689424317707,3.37442730419667,3.135461515944263
L_02487,Liability,Wholesale Funding,345867.27572257,0.05124565005535046,4.546122682820672,3.866112433165509
L_02488,Liability,Wholesale Funding,3331852.789744349,0.043629952565416824,2.3267610066935425,1.9751651795198846
L_02489,Liability,Wholesale Funding,4232911.46397818,0.04463936904315571,4.652982477953264,3.8351171146672485
L_02490,Liability,Retail CASA Deposit,3500352.944670626,0.013899305376372779,0.4991534651909941,0.4301100179979083
L_02491,Liability,Wholesale Funding,5383247.946708373,0.05633720961082045,1.061660664306157,0.9131400187912451
L_02492,Liability,Retail CASA Deposit,1564717.0600619032,0.00849735854136022,0.2342899021875695,0.20096859717277935
L_02493,Liability,Retail CASA Deposit,5249236.507325587,0.015555831608393808,0.49505489186745855,0.4253449222000105
L_02494,Liability,Retail CASA Deposit,1505142.0831249037,0.011026610993846024,0.06834753724451814,0.06295355468959977
L_02495,Liability,Term Deposit,4685335.0285153,0.03660622010793693,1.2308332782084561,1.1524327765278062
L_02496,Liability,Retail CASA Deposit,1470471.6632408677,0.005441683151559553,0.18716807684836978,0.15304032591704134
L_02497,Liability,Wholesale Funding,5874075.782550021,0.041295443990504034,1.8790012006675179,1.7808524889078086
L_02498,Liability,Retail CASA Deposit,2713626.1645618817,0.004525391695168703,0.03206762611869163,0.03073939965698001
L_02499,Liability,Wholesale Funding,1432393.263414103,0.04268476838187487,2.343655380426758,1.9096913211509392
L_02500,Liability,Wholesale Funding,4516066.995107384,0.05530997000810599,3.168386036793275,3.0670465779513276
L_02501,Liability,Wholesale Funding,122320.1012488252,0.05309810604235662,1.747231592761994,1.5290929949613403
L_02502,Liability,Wholesale Funding,4583520.324622451,0.044028929632915874,4.826195634916826,4.694881635502348
L_02503,Liability,Retail CASA Deposit,6812245.820329941,0.010326796376766532,0.07884433603657365,0.07557772899938184
L_02504,Liability,Term Deposit,3226863.96331596,0.03850616300602307,2.9658894887643528,2.731033809735995
L_02505,Liability,Retail CASA Deposit,5799125.066801419,0.008080402057256271,0.32408402448977175,0.2603152775083392
L_02506,Liability,Term Deposit,95632.45675829878,0.042321971242987096,0.5030090347725448,0.4214226863371341
L_02507,Liability,Retail CASA Deposit,4500099.6970764315,0.006268111229491127,0.02684859396968714,0.022281282469095533
L_02508,Liability,Term Deposit,4558496.406135558,0.03510462433837131,2.3028396339976087,1.8833772802767208
L_02509,Liability,Retail CASA Deposit,2938561.725193589,0.004354580684940493,0.4729222045313575,0.4026215244453573
L_02510,Liability,Retail CASA Deposit,4172134.8636419703,0.0128586241632152,0.33993643697358744,0.3304950588970384
L_02511,Liability,Term Deposit,933049.1544034958,0.04324859946842704,1.2235128267610316,1.128842781257193
L_02512,Liability,Term Deposit,4704249.5459648995,0.04762649778929903,2.0934771259332483,1.9201440770812144
L_02513,Liability,Term Deposit,1718562.8895304864,0.048043882367653515,2.19545646147267,1.9257368755154527
L_02514,Liability,Term Deposit,4991811.791497715,0.041630166192481444,0.6488154921795561,0.5359461670792959
L_02515,Liability,Wholesale Funding,5587345.431666015,0.04243503995295357,1.4388952049884804,1.3221932798557414
L_02516,Liability,Retail CASA Deposit,248596.27282659645,0.007756901993716939,0.27082075391652655,0.22213132550669193
L_02517,Liability,Wholesale Funding,6300111.712238206,0.05644844620032555,4.02637573605652,3.395435062270298
L_02518,Liability,Retail CASA Deposit,1442312.4899253142,0.018958341578689943,0.382531715682782,0.3608679658576602
L_02519,Liability,Wholesale Funding,4399908.322515026,0.048515232298606104,2.5506396022351963,2.078935247344808
L_02520,Liability,Retail CASA Deposit,4790268.785736567,0.011044301361092591,0.2192144460055903,0.19982103709573912
L_02521,Liability,Retail CASA Deposit,3280550.0818684394,0.00776854442455714,0.23538011083385113,0.22693822120779236
L_02522,Liability,Term Deposit,4158894.591700003,0.04732467245717845,2.7388003009520654,2.678777960698608
L_02523,Liability,Retail CASA Deposit,249123.12845788602,0.005574146912414173,0.1305333999476646,0.12816709900311754
L_02524,Liability,Term Deposit,570351.3159555944,0.03311352251083951,0.8384464900277528,0.7764721724200809
L_02525,Liability,Term Deposit,5918989.394079618,0.03403409114772883,2.8515913770156076,2.4579420108676455
L_02526,Liability,Retail CASA Deposit,2475229.538780044,0.01150225133878723,0.4573325537118747,0.4333858800760652
L_02527,Liability,Term Deposit,207014.30647660492,0.04075846062535772,0.6604887149945358,0.6233413811877169
L_02528,Liability,Retail CASA Deposit,4972012.553067797,0.008237949567242225,0.4053328867417562,0.38477596186705865
L_02529,Liability,Term Deposit,4672527.960321846,0.049838532366162216,2.4099926232988578,2.0944747801761494
L_02530,Liability,Term Deposit,1147306.9617541074,0.04386790005196756,1.0101826460045173,0.9934228249574185
L_02531,Liability,Retail CASA Deposit,1245105.1274443076,0.009101034096162773,0.14254974969149703,0.12232622609295452
L_02532,Liability,Retail CASA Deposit,5068783.036398834,0.010784610546729663,0.003922460620311596,0.003760672304706214
L_02533,Liability,Retail CASA Deposit,4156467.484629515,0.0131004939281018,0.3344500528093089,0.29738292898800156
L_02534,Liability,Retail CASA Deposit,5755906.335929237,0.006425103468278251,0.37922297849993214,0.31119183195175315
L_02535,Liability,Retail CASA Deposit,656788.8047326995,0.0010332435165797938,0.2914346805960214,0.2527861797146892
L_02536,Liability,Term Deposit,2032362.4914711246,0.044909340764141104,2.4082701929503245,2.045019785588064
L_02537,Liability,Term Deposit,5149858.625640503,0.03420840967483037,1.4936348141675673,1.3506254962906368
L_02538,Liability,Wholesale Funding,4406217.435615374,0.05365513849467039,1.6916899905090448,1.4978910094408042
L_02539,Liability,Term Deposit,5055579.17412633,0.04627967949146618,1.787368378786112,1.6880463124357912
L_02540,Liability,Term Deposit,1045363.9268247931,0.048718111706396325,2.589872777278921,2.142842670941203
L_02541,Liability,Term Deposit,1788565.2316514445,0.044432592720094005,2.3863082685639116,1.9762856804780826
L_02542,Liability,Wholesale Funding,1252864.806859559,0.049139607192560095,4.18903610259243,3.6262577799131277
L_02543,Liability,Retail CASA Deposit,1161017.8356932646,0.01100860775894241,0.33094527735045015,0.2728369406261229
L_02544,Liability,Retail CASA Deposit,505768.1617944069,0.014237641704585784,0.37188367368677205,0.3018528452566492
L_02545,Liability,Term Deposit,590786.3106599059,0.04814234838360265,2.759364426522354,2.5928273959208226
L_02546,Liability,Wholesale Funding,5587658.452303718,0.05139415701139866,4.3141543037081975,3.715400764401317
L_02547,Liability,Retail CASA Deposit,2258231.7056344347,0.003453130716647979,0.31424771504453103,0.26765359271199585
L_02548,Liability,Term Deposit,1610914.5633053286,0.0484635205691266,1.971609174290154,1.8722753107539605
L_02549,Liability,Term Deposit,4015040.5398573535,0.03373127719269319,1.7198697731426622,1.683652912114804
L_02550,Liability,Retail CASA Deposit,636388.8423221508,0.003512310686623328,0.3750075896143476,0.32789883616650906
L_02551,Liability,Retail CASA Deposit,951000.1140194297,0.001088202555003559,0.08660181537995604,0.08065498920904793
L_02552,Liability,Wholesale Funding,2575292.8107922245,0.04426693149120253,4.498305906872803,3.8913858583673155
L_02553,Liability,Retail CASA Deposit,4275189.496997328,0.012265666936837973,0.20993479543515342,0.1999282494385263
L_02554,Liability,Term Deposit,4323806.453639427,0.03598128619217686,2.838125785985832,2.474371115915317
L_02555,Liability,Term Deposit,4211566.878828601,0.0375229462002098,0.946332261349287,0.8456118500605235
L_02556,Liability,Term Deposit,1234313.2555115134,0.04524637523387952,2.8110752294606556,2.5194856748074854
L_02557,Liability,Term Deposit,6177770.438938101,0.035007461014139554,0.840435355903928,0.7635693479006713
L_02558,Liability,Term Deposit,257871.41968074845,0.03909813205764794,2.9600453754909015,2.580704395698652
L_02559,Liability,Retail CASA Deposit,1207374.797835195,0.01910828329492193,0.39578695446501394,0.34937260312214863
L_02560,Liability,Wholesale Funding,5672532.249339145,0.05348052358252266,2.924204509905273,2.5937601476177607
L_02561,Liability,Term Deposit,407696.0096783762,0.031056492889682732,2.240658688251333,2.158688647672045
L_02562,Liability,Wholesale Funding,1638603.0456561132,0.04962620757116586,2.294651124143201,2.1095475413399947
L_02563,Liability,Retail CASA Deposit,4082178.2014891724,0.0011098144214212137,0.14889353661464944,0.11919009645840808
L_02564,Liability,Retail CASA Deposit,5455635.0041764565,0.008539323985624386,0.48071565619166856,0.4338635655736605
L_02565,Liability,Retail CASA Deposit,3797158.6840761453,0.012224286623976602,0.07232745100348842,0.07136200491339775
L_02566,Liability,Retail CASA Deposit,5265276.292579188,0.00750994482643242,0.011751211409162021,0.009661254953082727
L_02567,Liability,Retail CASA Deposit,1201738.43815026,0.008350456122150606,0.1866524950614437,0.1605432126612308
L_02568,Liability,Term Deposit,6326068.2636712445,0.03384686312950043,1.5014884352631808,1.2824881663293084
L_02569,Liability,Wholesale Funding,3938849.2034141026,0.042992734430178536,2.820044129227829,2.5096854745006465
L_02570,Liability,Retail CASA Deposit,6493216.319034923,0.0016780508365639602,0.44203505470786564,0.39930383444441314
L_02571,Liability,Retail CASA Deposit,2832856.373073979,0.010550290397770896,0.4384239991257282,0.3800448003983
L_02572,Liability,Retail CASA Deposit,5511147.972137094,0.009361309208524625,0.3122590076821736,0.2633894958504693
L_02573,Liability,Retail CASA Deposit,6607899.825983303,0.008013985624865059,0.26004496880291716,0.2351546107894584
L_02574,Liability,Term Deposit,2346985.485876198,0.04169872236678096,0.9467653023315221,0.883370674694102
L_02575,Liability,Term Deposit,6072610.838227211,0.031507097924577836,1.4279353017227825,1.416040196162756
L_02576,Liability,Term Deposit,4293741.451230465,0.040930274174024076,2.165763307820731,1.821518491567932
L_02577,Liability,Term Deposit,5534710.712701675,0.039771223211696835,1.8824389650435995,1.5488475071401582
L_02578,Liability,Retail CASA Deposit,2343244.650208209,0.019073129019265424,0.15542307775869663,0.14869707389341094
L_02579,Liability,Term Deposit,3567635.833403017,0.04956913344368568,0.9184188268166283,0.8036239490705552
L_02580,Liability,Retail CASA Deposit,3403663.4043370844,0.01774582003554659,0.4369990058065416,0.3505576235281184
L_02581,Liability,Wholesale Funding,1875163.9979764973,0.05695580540725749,1.1558894558736923,1.1244184596042701
L_02582,Liability,Term Deposit,3958059.2681056787,0.0457261910542056,2.5328006815535486,2.477132495200884
L_02583,Liability,Term Deposit,6661553.048233097,0.03233089219997265,2.990367077333346,2.9003831997316056
L_02584,Liability,Term Deposit,2673273.4802461998,0.03111931114524014,2.0326807747067877,1.832039375616297
L_02585,Liability,Wholesale Funding,1476235.482336905,0.05878961775429751,2.7055595790777005,2.396348662586462
L_02586,Liability,Retail CASA Deposit,3037464.849749037,0.012639826882629377,0.25972638325877817,0.24937331566371124
L_02587,Liability,Term Deposit,5629102.628610441,0.036769610207359554,1.8343016533802015,1.708817381076624
L_02588,Liability,Term Deposit,3845407.5563422297,0.0333976575032165,0.6415374328368085,0.5498357797602687
L_02589,Liability,Retail CASA Deposit,4638633.477606682,0.015113635540990399,0.009174330836816291,0.007826332599240713
L_02590,Liability,Retail CASA Deposit,3638189.257868651,0.01768942627151055,0.10796280046947876,0.0882135708733344
L_02591,Liability,Term Deposit,5848711.65760795,0.03584659031685267,2.039609736053089,1.8033251121073892
L_02592,Liability,Term Deposit,6700149.06774021,0.036848656167647535,2.732846795948584,2.7318618119857656
L_02593,Liability,Retail CASA Deposit,198570.2484095159,0.00398925373666104,0.4119202575855969,0.3345426246066911
L_02594,Liability,Retail CASA Deposit,2938208.3683333625,0.01248671053102411,0.3652831352167024,0.309586312842258
L_02595,Liability,Term Deposit,6376685.233600399,0.03646379569663587,2.537519442459394,2.5285186383833005
L_02596,Liability,Term Deposit,437968.4660186275,0.033368158980200596,0.5879017832215967,0.5559029791282742
L_02597,Liability,Retail CASA Deposit,3525274.376455223,0.018417723156603904,0.04663006009041587,0.040511828888360316
L_02598,Liability,Wholesale Funding,6504990.515596361,0.04928270374397464,1.0245145892547232,0.8246637691608164
L_02599,Liability,Wholesale Funding,3572857.38522255,0.04220553456553134,1.2997760507939873,1.1395160096949952
L_02600,Liability,Wholesale Funding,4772623.431236689,0.04732913292679959,4.47047546475653,3.6150175285211494
L_02601,Liability,Wholesale Funding,126675.94324509663,0.04737354847698289,4.790606612324356,3.842153122063256
L_02602,Liability,Term Deposit,6750198.863138629,0.03321874022404837,2.914064307093981,2.43688499815448
L_02603,Liability,Term Deposit,4390322.187570426,0.03362100720944295,2.3485447841646643,2.329290045651244
L_02604,Liability,Term Deposit,5832380.203530372,0.03828553695179765,1.8501642882104294,1.8417212139346892
L_02605,Liability,Term Deposit,5968696.187199177,0.04350709254017319,2.8832309909157248,2.6231281947360534
L_02606,Liability,Retail CASA Deposit,283755.49984349334,0.003720168637119905,0.10042560802555817,0.08545734780200716
L_02607,Liability,Retail CASA Deposit,2484194.534983755,0.0019773267691202932,0.21026884503443827,0.1699965549285784
L_02608,Liability,Term Deposit,3702989.757237014,0.04268879882336705,1.610360505550299,1.5548608501638124
L_02609,Liability,Term Deposit,4416549.303649889,0.046792489917231214,2.883930559587897,2.5528557988337397
L_02610,Liability,Term Deposit,1226036.0707938042,0.04962656582276886,1.9013054622377248,1.7181394417291662
L_02611,Liability,Wholesale Funding,2809190.129587672,0.051584400704551156,4.995379308738524,4.038533378832295
L_02612,Liability,Term Deposit,1896398.4801176316,0.04641706609389327,0.5812033050897367,0.49701363933667114
L_02613,Liability,Term Deposit,1990212.3581260962,0.04947871148208855,0.9858158846844357,0.8599558494921101
L_02614,Liability,Term Deposit,4202463.700025982,0.048293914870424295,1.9011837054337546,1.7773942393785984
L_02615,Liability,Term Deposit,5937803.71104345,0.04088473515220835,0.952657247789911,0.9432355384762517
L_02616,Liability,Term Deposit,5625579.098646129,0.04678741727075781,2.133901813862982,2.1102103310850593
L_02617,Liability,Retail CASA Deposit,1175090.5500583395,0.014037248536484317,0.24199537516626995,0.20459214664268105
L_02618,Liability,Retail CASA Deposit,2366416.5619918415,0.013899349212116933,0.48442966773389423,0.42642652447943635
L_02619,Liability,Retail CASA Deposit,2456859.2359979963,0.0021261164262590285,0.08491971665062398,0.08333583439129434
L_02620,Liability,Wholesale Funding,1136955.2431408572,0.046594622142924244,1.218090235513119,1.0869406964545882
L_02621,Liability,Retail CASA Deposit,2081017.85265156,0.015485211368649027,0.10043536784582885,0.09466189984643564
L_02622,Liability,Term Deposit,2670877.5370582314,0.049390650830700406,2.77260235328559,2.3143684359900942
L_02623,Liability,Retail CASA Deposit,3622521.6267932286,0.008728967976462257,0.04562528464112264,0.04180910612433847
L_02624,Liability,Term Deposit,2283729.4972881502,0.049176019085176964,1.856114515193017,1.5613699910519359
L_02625,Liability,Term Deposit,306974.0483650174,0.0410365644844717,0.6660410112035873,0.5468115685189704
L_02626,Liability,Retail CASA Deposit,1187823.1915890428,0.014066819090378649,0.2824245854997872,0.23737665330987406
L_02627,Liability,Term Deposit,1263200.3497973294,0.03823919359791598,2.0336435665781427,1.8928338864601655
L_02628,Liability,Wholesale Funding,6456459.383065787,0.05770877528724611,1.0171270313444145,0.8272275420970997
L_02629,Liability,Wholesale Funding,1946265.5466600491,0.04183276410351456,2.528139321645084,2.0792796923322414
L_02630,Liability,Term Deposit,6501254.388035727,0.044317000310536224,2.026871237385774,1.9303799017250503
L_02631,Liability,Retail CASA Deposit,319576.1976176147,0.007012985659080373,0.0009363719595842923,0.0007943176341731157
L_02632,Liability,Retail CASA Deposit,1242931.4440521377,0.018297567612347406,0.0622494491339739,0.05154587066105728
L_02633,Liability,Term Deposit,4086437.8506893795,0.03198112868431976,1.8587236442715844,1.6054905259654269
L_02634,Liability,Retail CASA Deposit,2728988.6983943037,0.011232650665687596,0.094299465635796,0.08850586477422966
L_02635,Liability,Term Deposit,2994150.246217485,0.04683383536194008,1.4683335521417311,1.2390879397541343
L_02636,Liability,Term Deposit,5216588.974368452,0.03594601198451279,1.548000018176836,1.384079660331894
L_02637,Liability,Retail CASA Deposit,324391.7275386309,0.003742900629244523,0.055801599725945894,0.050268054404677444
L_02638,Liability,Wholesale Funding,1628737.1711492743,0.059098158178700066,4.740648042987113,4.701684282063841
L_02639,Liability,Wholesale Funding,2510042.876538747,0.051376374635329895,1.2907356440104922,1.1768105258758013
L_02640,Liability,Wholesale Funding,6856428.724686911,0.046904080620795686,3.0326292262405903,2.538857573727209
L_02641,Liability,Retail CASA Deposit,3508958.5560748163,0.01649876959634795,0.2777593333512979,0.250237659126303
L_02642,Liability,Wholesale Funding,4326921.840390422,0.04296603469615494,4.361344952884332,4.235159145290189
L_02643,Liability,Term Deposit,1179022.9356685767,0.04853001238088443,0.9744088953650272,0.7858053030500686
L_02644,Liability,Term Deposit,2163868.8635448297,0.046792587751379844,2.16269359999607,1.886032371410656
L_02645,Liability,Term Deposit,6759669.574194043,0.04794408261863583,2.459791274198007,2.1836857157197294
L_02646,Liability,Retail CASA Deposit,2840325.6273478023,0.0021886080967195866,0.35804595891575675,0.3058048411881154
L_02647,Liability,Retail CASA Deposit,2981162.9274201165,0.000493273765960216,0.4137228679898066,0.38685765165817565
L_02648,Liability,Wholesale Funding,1637575.6837969702,0.059502038022004,3.7745393629105926,3.7460627735506176
L_02649,Liability,Retail CASA Deposit,698419.7896765021,0.014040713369642844,0.07414126894795797,0.07007475195363615
L_02650,Liability,Term Deposit,2319273.9040887426,0.04161522183904506,0.9244423493953053,0.8289808170428384
L_02651,Liability,Term Deposit,3043126.253375952,0.03586957154718029,1.346599236716171,1.1342325436863594
L_02652,Liability,Retail CASA Deposit,660600.938201963,0.000731396247259164,0.17342850546444477,0.1452086993539425
L_02653,Liability,Term Deposit,2246330.181686895,0.04433768351194555,2.1705925424433596,1.9887773480970306
L_02654,Liability,Wholesale Funding,156012.36594714446,0.05917573287880816,3.9546106023525684,3.8456782664836586
L_02655,Liability,Retail CASA Deposit,2255621.0127194445,0.012026167276294082,0.0862259199382327,0.0812625487336132
L_02656,Liability,Retail CASA Deposit,3717921.372638008,0.008426796332220968,0.3454602850355975,0.335373917743672
L_02657,Liability,Term Deposit,453205.6170267816,0.03470651101919499,2.0528132477270726,1.8711467740934162
L_02658,Liability,Wholesale Funding,6052496.301359658,0.04583027716688707,2.618065612460527,2.2171904137281166
L_02659,Liability,Term Deposit,794107.2983875425,0.03002667278981584,1.8731875203206214,1.619876233611209
L_02660,Liability,Retail CASA Deposit,6686109.848244996,0.006993067609244754,0.3636211597849895,0.297649015436912
L_02661,Liability,Term Deposit,1476141.7377239482,0.04670724708357785,1.8410738647458944,1.6996030065525225
L_02662,Liability,Term Deposit,3728397.5031916224,0.048638053688412064,2.818164081578523,2.543518887074308
L_02663,Liability,Retail CASA Deposit,3168443.428198214,0.012726886306361786,0.09327895609780784,0.0839527830851025
L_02664,Liability,Retail CASA Deposit,1367509.9371619127,0.01775177981437717,0.2398159780997634,0.21901869141076605
L_02665,Liability,Term Deposit,2339557.409003536,0.03894759645276135,1.9285284826105857,1.797052948135347
L_02666,Liability,Retail CASA Deposit,3400234.7900397736,0.006523701225558185,0.14799631257198348,0.14683949736893367
L_02667,Liability,Retail CASA Deposit,2148536.494124126,0.017260538962992473,0.2549462878654359,0.225202728487958
L_02668,Liability,Term Deposit,5896508.16937191,0.0378550036707742,1.2750408895546224,1.1109574645692657
L_02669,Liability,Wholesale Funding,313506.81950794085,0.05358817115190259,2.23368435531472,2.0395519440104786
L_02670,Liability,Term Deposit,3720957.9094790528,0.03861433243216021,0.9939614645707957,0.8949038582429291
L_02671,Liability,Wholesale Funding,1801947.6277773562,0.052884828016519635,4.47131400865973,3.5952412555078537
L_02672,Liability,Term Deposit,253037.89973537953,0.04745273375382396,2.993452817034533,2.5727791493678973
L_02673,Liability,Retail CASA Deposit,2631159.974598206,0.007446756367707621,0.17808348265722151,0.15380274528199098
L_02674,Liability,Term Deposit,1137981.2167205296,0.046248049680626305,2.6149532311150328,2.3411588456826653
L_02675,Liability,Wholesale Funding,1707822.9444882232,0.05238415850059646,1.0702618228158678,0.9542260495692122
L_02676,Liability,Term Deposit,6191911.300575095,0.04268906279511206,2.9248139339148587,2.7867952342290767
L_02677,Liability,Retail CASA Deposit,1113586.8023366018,0.008627309127760038,0.3666024024764883,0.325980309891457
L_02678,Liability,Retail CASA Deposit,4184415.0579164242,0.012538325586277913,0.0925825227081013,0.07728416549395412
L_02679,Liability,Retail CASA Deposit,2279941.8853410985,0.017779832771126648,0.11557017100492384,0.09372633281612075
L_02680,Liability,Retail CASA Deposit,3781264.5285757454,0.0009170403674940309,0.2405335954237368,0.19277576685619635
L_02681,Liability,Wholesale Funding,4538348.398821541,0.04940864495326483,2.4616245236062273,2.1005288815410754
L_02682,Liability,Retail CASA Deposit,4471036.759359664,0.0036826004616236974,0.44140589943368536,0.42731282477375876
L_02683,Liability,Retail CASA Deposit,1486759.6881452226,0.002816237241859989,0.01858764402482299,0.01828021608600563
L_02684,Liability,Term Deposit,542587.8314382768,0.04757984615517301,2.899317095097403,2.7570664629027637
L_02685,Liability,Wholesale Funding,1522079.9063421588,0.05379982392708612,4.345477172040345,4.2322855304657425
L_02686,Liability,Term Deposit,2390892.576979767,0.03524912605969781,2.435996342543139,2.1088869354994473
L_02687,Liability,Retail CASA Deposit,6437618.421962095,0.010412449303429036,0.14550168170014077,0.12778926252217607
L_02688,Liability,Wholesale Funding,2312197.6404511738,0.0571083230926236,4.114183285690756,3.6497796227675017
L_02689,Liability,Retail CASA Deposit,5149646.744511161,0.015098634661444765,0.45644799015311704,0.3858926667395315
L_02690,Liability,Wholesale Funding,2673378.873992551,0.05662871238585422,3.304917647111737,2.7684599559704695
L_02691,Liability,Term Deposit,4107454.8273476963,0.03343940803687086,2.7333541045690204,2.4166579875222363
L_02692,Liability,Wholesale Funding,140830.3900380216,0.05981130425513469,1.4488054670625714,1.240291697424901
L_02693,Liability,Wholesale Funding,1263580.0080343955,0.05505738889007141,2.4443777720293425,2.2770740011382475
L_02694,Liability,Term Deposit,3651866.793914011,0.034698971256667856,2.6086011091618504,2.3177269175149133
L_02695,Liability,Retail CASA Deposit,4105933.9767970806,0.006676841286867716,0.1252722121356601,0.11202469365691696
L_02696,Liability,Retail CASA Deposit,640713.8617543544,0.008579399614350145,0.3429646103541098,0.3336901765885355
L_02697,Liability,Term Deposit,64302.09710387196,0.03187449732119433,2.041780826917837,1.9523235402543118
L_02698,Liability,Wholesale Funding,3660802.173370884,0.04474628321789503,3.7311180007765214,3.3114401643850115
L_02699,Liability,Wholesale Funding,1159702.5164405885,0.048908673505720604,2.0621424224550484,1.9434656690076666
L_02700,Liability,Retail CASA Deposit,6387123.269739009,0.00741608395089695,0.047228525634359586,0.044479392105872505
L_02701,Liability,Retail CASA Deposit,4521699.194996603,0.0011196056972337276,0.08210847911367297,0.06767406658115489
L_02702,Liability,Wholesale Funding,3802105.7329312577,0.04665309001810102,4.185383101918596,3.8444071795480115
L_02703,Liability,Term Deposit,6510919.281905502,0.044610852629931586,2.368936590135276,1.9171108633152736
L_02704,Liability,Term Deposit,3219351.8724694075,0.03514683976379064,2.8196056665154865,2.407849319995391
L_02705,Liability,Term Deposit,1681865.9073516415,0.04714829693301602,0.8229597945218737,0.7502556623794655
L_02706,Liability,Wholesale Funding,5722977.993459502,0.050954748886485476,2.1281694191586844,1.7379558093477587
L_02707,Liability,Wholesale Funding,2788067.528839713,0.04605510741235906,2.5747047355560855,2.296978413445998
L_02708,Liability,Retail CASA Deposit,2585859.3619803083,0.016685110071703438,0.39997352429244093,0.3443118069549696
L_02709,Liability,Term Deposit,6016453.95423996,0.04778289923991571,0.6316833295742428,0.5330376831098376
L_02710,Liability,Term Deposit,4013873.2394404886,0.04718720449505643,1.8823518704731304,1.5441203992940031
L_02711,Liability,Retail CASA Deposit,3709300.8226226876,0.00432886166823343,0.4056444269730199,0.3896563446591771
L_02712,Liability,Retail CASA Deposit,1307460.8265734394,0.0018179780294909564,0.3794932202217413,0.34266472186798896
L_02713,Liability,Retail CASA Deposit,2459115.610087875,0.011122310829744263,0.30053839950319633,0.26475361793203017
L_02714,Liability,Term Deposit,1567733.3858550172,0.049065097114416686,1.6397064710602574,1.5906638073726376
L_02715,Liability,Retail CASA Deposit,213359.4220993219,0.010534994997614953,0.4667621563583153,0.42361819350749885
L_02716,Liability,Term Deposit,2172213.4100788026,0.049373258262934754,1.7047689220900053,1.5929867761731986
L_02717,Liability,Retail CASA Deposit,924590.4156323314,0.015334233488414352,0.1021323791665027,0.08773941456386523
L_02718,Liability,Retail CASA Deposit,6500168.955301024,0.00019116372296137162,0.08485670819745533,0.0719098079955316
L_02719,Liability,Retail CASA Deposit,2910054.3253282346,0.017583698355581958,0.4601949157500184,0.41020804284737084
L_02720,Liability,Term Deposit,3824507.14254341,0.031043699839327255,1.1086350299294143,1.0951593796064503
L_02721,Liability,Retail CASA Deposit,1372686.7467770122,0.009832266896806614,0.2362301644269738,0.18985507481931657
L_02722,Liability,Retail CASA Deposit,2608565.641566376,0.004568369136638717,0.34186534675526953,0.3024150734736013
L_02723,Liability,Term Deposit,6118022.107090608,0.03267116531726967,1.3151762558178084,1.180836847480579
L_02724,Liability,Term Deposit,763933.314382677,0.03035570282524967,1.561708729242401,1.2598489167788696
L_02725,Liability,Term Deposit,2058826.7603496315,0.042043086122529084,2.6127682475135305,2.3274189237991965
L_02726,Liability,Term Deposit,3427360.0057692463,0.0478558671284132,0.6010970780316534,0.600893084405615
L_02727,Liability,Retail CASA Deposit,836284.4379566798,0.013220541164687342,0.07178873172429762,0.06692778516004552
L_02728,Liability,Wholesale Funding,5177702.22443572,0.052257107231306374,2.798758693477359,2.624275495737819
L_02729,Liability,Term Deposit,3278889.494595782,0.04114949097951308,2.112743614106633,1.962291889975616
L_02730,Liability,Term Deposit,4953359.5359802935,0.040394849728745345,2.10700877195719,1.9729173899794807
L_02731,Liability,Term Deposit,1670188.1492518596,0.041199282942916866,0.5035455503347886,0.4623208024959844
L_02732,Liability,Wholesale Funding,2493908.360222038,0.0440359916268438,2.576532971313247,2.097573164508058
L_02733,Liability,Term Deposit,1725258.8863117525,0.04375546071090963,2.022262152575095,1.8084025455830286
L_02734,Liability,Wholesale Funding,3059866.1859392812,0.057920310459232446,2.1396344921670605,2.0803941256937346
L_02735,Liability,Retail CASA Deposit,187097.03292489078,0.005730947971076341,0.044992778174810344,0.04474315645745825
L_02736,Liability,Term Deposit,2574923.7789658126,0.03906272662956999,2.721790236531866,2.3490348734174122
L_02737,Liability,Wholesale Funding,5849367.547080692,0.05024569486100426,4.374673501677764,4.19044585024319
L_02738,Liability,Retail CASA Deposit,3949734.5515424754,0.005819168610359233,0.49192296142377284,0.47169039918249595
L_02739,Liability,Term Deposit,282284.45915368793,0.033371382887842256,2.4075484945391685,2.230099442809681
L_02740,Liability,Retail CASA Deposit,6518684.605677873,0.0045292938335478984,0.14586194359018045,0.12045677224921686
L_02741,Liability,Wholesale Funding,4903218.590795122,0.04998809122760489,3.9666435548723546,3.5499300258502817
L_02742,Liability,Retail CASA Deposit,3857729.074240057,0.019542906656008118,0.12345824755439522,0.11843549542141675
L_02743,Liability,Term Deposit,1049134.6836250601,0.03244107534162632,2.46332922784696,2.063941656039029
L_02744,Liability,Retail CASA Deposit,3837443.538960108,0.006286297574493845,0.39352832699518314,0.321486655667896
L_02745,Liability,Term Deposit,5152152.274535429,0.03439849096078748,1.0541596077184707,1.043033380488405
L_02746,Liability,Wholesale Funding,6818440.020105049,0.04376368338335891,4.2306384062991205,3.563874157703107
L_02747,Liability,Retail CASA Deposit,2195889.1996349716,0.015781479657633872,0.47826387453900454,0.45186454965910156
L_02748,Liability,Retail CASA Deposit,6261945.024298331,0.003272836826558474,0.4139351897530869,0.40326976313597446
L_02749,Liability,Retail CASA Deposit,564615.7736034509,0.013076093187686613,0.328411153257105,0.26896426875417584
L_02750,Liability,Retail CASA Deposit,6834588.44870177,0.014601503332066584,0.33921333350436844,0.2858155432456024
L_02751,Liability,Retail CASA Deposit,1912411.2151684414,0.004690882014961062,0.12444919259659598,0.10435697802294608
L_02752,Liability,Term Deposit,2264443.2999946345,0.03367894835694768,2.5508625376188263,2.2777299879034887
L_02753,Liability,Retail CASA Deposit,3320357.276354403,0.019554470237452874,0.027919110438237194,0.026749814140868133
L_02754,Liability,Term Deposit,603926.5701225904,0.04517527501403755,1.9811136019760358,1.6604573903926698
L_02755,Liability,Term Deposit,5606619.861363784,0.04605984035734306,2.4206194441157907,2.3621970312738596
L_02756,Liability,Wholesale Funding,2796719.79156881,0.055813190520912215,3.275076410091509,3.076698359911091
L_02757,Liability,Wholesale Funding,102644.13175209303,0.045620558525404045,2.4205328612631627,2.063415116081702
L_02758,Liability,Retail CASA Deposit,4884105.691821029,0.014832176678866767,0.042379736637660925,0.03978123022260833
L_02759,Liability,Retail CASA Deposit,1746935.0477437605,0.015243422109673556,0.3144302926722511,0.30666295970701646
L_02760,Liability,Wholesale Funding,6642548.801389495,0.05817311122680719,3.3255395813460447,3.198180243531065
L_02761,Liability,Wholesale Funding,88542.37087718911,0.04947060325692956,4.863611967463244,4.667300042034955
L_02762,Liability,Retail CASA Deposit,2730853.177599108,0.005833175410018741,0.13573033151049546,0.11193017043968934
L_02763,Liability,Wholesale Funding,72149.47751834687,0.0434882108643283,2.25002182794081,2.065087557127827
L_02764,Liability,Retail CASA Deposit,1789319.547922868,0.013053780786818514,0.24416907199765936,0.20125902902665277
L_02765,Liability,Retail CASA Deposit,1708026.968595695,0.007943049998858406,0.48687410705898027,0.44782583874981596
L_02766,Liability,Retail CASA Deposit,3380703.9400458466,0.0006948429184465388,0.03705958719297903,0.033121883955885716
L_02767,Liability,Retail CASA Deposit,949710.134360698,0.01985806981798529,0.34380071446036686,0.30224530352857404
L_02768,Liability,Term Deposit,6629437.082601403,0.039271044466053714,2.578837431117188,2.443443042409862
L_02769,Liability,Retail CASA Deposit,3529517.0831534844,0.003223273757923222,0.13953013858996827,0.12351991765756512
L_02770,Liability,Retail CASA Deposit,4814397.983148837,0.010622892651293276,0.22812002202666776,0.18917427409196502
L_02771,Liability,Retail CASA Deposit,4019811.7783128824,0.0019250116647545124,0.49250487391472314,0.4221487233716313
L_02772,Liability,Wholesale Funding,505503.0295698373,0.05048571966749502,4.503542885467805,3.970563693392094
L_02773,Liability,Retail CASA Deposit,2051400.3798815259,0.017696061619203916,0.1529012912247394,0.14445487803499793
L_02774,Liability,Term Deposit,5500314.353261316,0.04236085624163512,1.1427866575103625,1.0193808378987141
L_02775,Liability,Term Deposit,2134860.372729286,0.047644248236346276,2.1079465421747394,1.8558995748855964
L_02776,Liability,Retail CASA Deposit,3556654.0071674692,0.013444507610943499,0.17298624390351297,0.1712921178189771
L_02777,Liability,Term Deposit,3213843.1492920597,0.032069950071871356,2.1364620004786508,1.8174908682878117
L_02778,Liability,Wholesale Funding,4614719.5973865315,0.0440925094511804,1.053776175933665,0.9869324693431184
L_02779,Liability,Term Deposit,5782964.418289193,0.048620571925551255,1.2304420084551122,1.1204274240246892
L_02780,Liability,Term Deposit,4111415.49615153,0.0492622931876976,0.8068501366865511,0.6653085450358482
L_02781,Liability,Retail CASA Deposit,5602611.3859970765,0.01676298330752714,0.3092984807505507,0.279342068506875
L_02782,Liability,Retail CASA Deposit,6346649.378554148,0.01712260440706092,0.018126158757397426,0.015337694969586858
L_02783,Liability,Wholesale Funding,965635.5496869397,0.05776215838022944,3.320875854762162,2.9712139597415548
L_02784,Liability,Term Deposit,5541033.617845754,0.04850659473749197,2.341235521791948,2.0822172520027245
L_02785,Liability,Retail CASA Deposit,337324.546520695,0.0028639500776048423,0.12322993481875255,0.11233514526283725
L_02786,Liability,Retail CASA Deposit,276289.28732691787,0.016631389967297232,0.01799491443433393,0.016524549729169127
L_02787,Liability,Retail CASA Deposit,6156768.680283212,0.01960644145455652,0.0350983057038568,0.032404804094511096
L_02788,Liability,Retail CASA Deposit,4677467.716196715,0.00858685566741549,0.3816906298917813,0.37112792235605707
L_02789,Liability,Retail CASA Deposit,1925721.2341193939,0.004217556812147043,0.046746180791994885,0.039628876673967216
L_02790,Liability,Wholesale Funding,545639.3135531775,0.050647973744538256,2.7096604807508378,2.6547589950432706
L_02791,Liability,Wholesale Funding,5188439.698171127,0.055742022650717475,4.883163962276118,4.847226454773056
L_02792,Liability,Term Deposit,557009.3930476224,0.04293194567604941,1.5048004674816913,1.3093926493816008
L_02793,Liability,Retail CASA Deposit,3978448.2953232173,0.0006996374703230712,0.46675093835121745,0.4452086278933744
L_02794,Liability,Term Deposit,6636157.656490623,0.04524465124088386,2.826778055831359,2.5556384598785025
L_02795,Liability,Retail CASA Deposit,3757311.456076831,0.017913384252757864,0.3826759969598269,0.36658156365502054
L_02796,Liability,Retail CASA Deposit,4131680.3649624023,0.00018411334781285983,0.1660867297656785,0.1395201919036955
L_02797,Liability,Retail CASA Deposit,5802624.936592974,0.00569395937775111,0.129253126073906,0.12821746140665966
L_02798,Liability,Retail CASA Deposit,74509.97356804057,0.002385991612036249,0.14192307417306826,0.11645664076502743
L_02799,Liability,Retail CASA Deposit,4087493.3261301876,0.007224855880820209,0.09467386181492932,0.0920611986797263
L_02800,Liability,Term Deposit,6304337.220279196,0.037976732296795115,1.7448451334890156,1.6577386003228634
L_02801,Liability,Retail CASA Deposit,623803.4839220952,0.009738814264784965,0.32598685696148033,0.3123224821983805
L_02802,Liability,Wholesale Funding,2678777.4980836865,0.05001393255590619,3.385640106338585,3.3731881659813348
L_02803,Liability,Wholesale Funding,6277154.403771295,0.05545052846325189,2.0173603503104167,1.720999311884192
L_02804,Liability,Retail CASA Deposit,6500800.089339215,0.019307774073268592,0.009652208358933323,0.008009908073103778
L_02805,Liability,Wholesale Funding,1905679.27180247,0.0443351542264397,2.4028093097229095,2.203623166227734
L_02806,Liability,Retail CASA Deposit,4528436.422730944,0.0012874976703007924,0.007823658971032987,0.006414870151152254
L_02807,Liability,Term Deposit,5610643.848409072,0.03489621480121802,2.720444775945957,2.4888640439102745
L_02808,Liability,Term Deposit,1994419.0426705806,0.04047948405371428,1.522519341840683,1.2590853859493554
L_02809,Liability,Retail CASA Deposit,1059204.03568736,0.0014723652306736334,0.3134268106267667,0.2626326338259068
L_02810,Liability,Retail CASA Deposit,543991.8028060233,0.018225395779670223,0.09584963558081722,0.07704967142285028
L_02811,Liability,Term Deposit,2651565.083158783,0.04177383440726809,2.181621848580928,1.8428154319908852
L_02812,Liability,Wholesale Funding,3390885.407838486,0.048120250723764385,4.2901440756538864,4.277003839625395
L_02813,Liability,Term Deposit,6649886.2894702265,0.03947382264581401,1.7858161972746471,1.6984732876168933
L_02814,Liability,Wholesale Funding,6637480.277932758,0.055974091476852776,2.298207624129999,1.9353875629990813
L_02815,Liability,Term Deposit,1245130.577195013,0.04862716734412919,1.3684934043758472,1.134779555316702
L_02816,Liability,Term Deposit,4085394.976996901,0.03651958087537624,0.8018458817724662,0.7317615855998996
L_02817,Liability,Retail CASA Deposit,5513202.317133371,0.004295187999249442,0.48607825476737493,0.4070333721420088
L_02818,Liability,Term Deposit,5149780.513462928,0.030397598173945606,1.2040015255881285,1.0935273128367766
L_02819,Liability,Wholesale Funding,2698784.720624157,0.059378034342280755,2.6805382167324017,2.516815023105654
L_02820,Liability,Term Deposit,3877398.935655821,0.04377732968851113,2.936523027158104,2.874875278756335
L_02821,Liability,Term Deposit,5062810.635963409,0.03606957396027638,1.2260273053556163,1.1728139562953952
L_02822,Liability,Retail CASA Deposit,3877866.911818676,0.01633966761618139,0.12467615545335098,0.10249630109137454
L_02823,Liability,Wholesale Funding,4152605.5103863566,0.05084070771012236,1.7476381393083091,1.4968516597635768
L_02824,Liability,Retail CASA Deposit,2425496.2504259697,0.01971923368802835,0.03165962348616047,0.025527373679610506
L_02825,Liability,Term Deposit,2560938.6627920037,0.037124965061751676,2.1150257273667474,1.9770205720268896
L_02826,Liability,Term Deposit,4756421.505430697,0.04313786469309369,0.7849049533953807,0.6718766856074155
L_02827,Liability,Retail CASA Deposit,2860726.3197987955,0.00934348266704893,0.21677155140190052,0.20397440668097946
L_02828,Liability,Retail CASA Deposit,2176280.471116419,0.01373642431984592,0.030276128120630297,0.027659217595194345
L_02829,Liability,Retail CASA Deposit,4857051.994227695,0.009384898917410794,0.2686788746134386,0.24241952028137118
L_02830,Liability,Term Deposit,4546378.19206238,0.03281486726782307,1.2223945478517928,1.0162093921003383
L_02831,Liability,Term Deposit,6009946.4658512315,0.033390403206589245,1.5237406958638795,1.4495657601396292
L_02832,Liability,Wholesale Funding,6062949.904641012,0.05721457118776169,3.427325715654933,2.7524269892231423
L_02833,Liability,Retail CASA Deposit,645101.2601175234,0.0013916356708715805,0.3563023421273665,0.32041303139355837
L_02834,Liability,Term Deposit,2144811.8975627674,0.03340866403759992,2.6760129248552493,2.329449333200767
L_02835,Liability,Term Deposit,217770.16887115376,0.046327954527231416,2.1823760006159216,2.152812592018035
L_02836,Liability,Wholesale Funding,2204494.3340750774,0.041545869863009316,3.3454565652918102,2.84890383150575
L_02837,Liability,Retail CASA Deposit,2175639.5272758473,0.006943336793485853,0.4375936067293645,0.399251488884848
L_02838,Liability,Term Deposit,3163833.607981604,0.03592308936527716,2.9239301295913958,2.7059946871668648
L_02839,Liability,Term Deposit,429008.63643086876,0.04626686658090216,1.72332707906059,1.4126983962618271
L_02840,Liability,Retail CASA Deposit,1064881.1187214903,0.01447990768289476,0.38220005569465304,0.3489500091045992
L_02841,Liability,Term Deposit,6116188.57948144,0.046238845026036104,2.416744559583706,2.3264850961277084
L_02842,Liability,Term Deposit,3157632.6967356466,0.048520148352065015,2.661694381464126,2.1420283874884256
L_02843,Liability,Retail CASA Deposit,6600336.00785985,0.017467388792988373,0.13858030692209738,0.12164011492077483
L_02844,Liability,Retail CASA Deposit,561683.1074546181,0.0049978638973472945,0.07825394954022824,0.07024885775577824
L_02845,Liability,Term Deposit,6790476.752300132,0.040363698846862195,1.6037668582229276,1.4503876321741056
L_02846,Liability,Term Deposit,3568272.274806458,0.030034496442196815,0.5219368876547945,0.42774464094612596
L_02847,Liability,Retail CASA Deposit,4855043.90025941,0.01789428209511226,0.10245801625799988,0.10099504548901668
L_02848,Liability,Wholesale Funding,6465152.207249896,0.05019553689407025,2.0875532876740985,1.743296950113956
L_02849,Liability,Wholesale Funding,6116916.617226096,0.0486673389739367,4.4051553571900595,4.192539551249681
L_02850,Liability,Retail CASA Deposit,285303.3548527514,0.008507105486573675,0.37661820715438044,0.37628296156752
L_02851,Liability,Retail CASA Deposit,5891376.265978152,0.01654300391007754,0.23999153276449586,0.23121395199393666
L_02852,Liability,Wholesale Funding,2056439.0288197822,0.0430333392071524,4.799197413848012,3.918034800167003
L_02853,Liability,Term Deposit,5703645.803089571,0.046585733550610284,1.683552826583614,1.5925355181500453
L_02854,Liability,Retail CASA Deposit,6532533.198201006,0.0179655941508759,0.030390584314701707,0.02616291031288148
L_02855,Liability,Term Deposit,2912437.4846583717,0.037162937328033864,0.9295863922922905,0.7795389591503057
L_02856,Liability,Retail CASA Deposit,1294693.0929583688,0.015958627350226313,0.24450869017329713,0.22343057567920124
L_02857,Liability,Wholesale Funding,4385094.570734098,0.05335214459454006,3.7573604625304178,3.3436444104222165
L_02858,Liability,Term Deposit,487872.7104045543,0.04555624286887835,2.6496286797891577,2.249656609926157
L_02859,Liability,Term Deposit,95527.76466481657,0.03130274477341792,1.043116431202201,0.9972666483198319
L_02860,Liability,Term Deposit,5602667.376251696,0.04002465453356816,0.511204233313822,0.48102643624379354
L_02861,Liability,Retail CASA Deposit,4476167.5872012,0.0036265171220862635,0.04205504965484286,0.03764597145991709
L_02862,Liability,Term Deposit,1011511.6612514197,0.03408892734131326,0.9630583270773447,0.8164232211909587
L_02863,Liability,Retail CASA Deposit,2725407.958450369,0.008760635662689394,0.32689482541836146,0.3122482314206888
L_02864,Liability,Term Deposit,878526.4657619512,0.04755883127999212,0.6221040583018598,0.5076158927389537
L_02865,Liability,Retail CASA Deposit,160779.82059307987,0.01164741126316697,0.3141681826493269,0.31334529238624587
L_02866,Liability,Wholesale Funding,2833310.7533392427,0.0459370406855997,2.48634336365014,2.0648618777622207
L_02867,Liability,Retail CASA Deposit,918106.6510282838,0.004810240848110738,0.057057378593389274,0.04914544450320974
L_02868,Liability,Wholesale Funding,3985832.349849296,0.047449338956513466,4.950383098053123,4.413391907880445
L_02869,Liability,Retail CASA Deposit,1266028.3325066967,0.01890158395615664,0.07158235388878958,0.07139352940018293
L_02870,Liability,Retail CASA Deposit,1042291.0338768123,0.0037266695268881466,0.2117620461505113,0.1848208482621055
L_02871,Liability,Retail CASA Deposit,3147299.9007010334,0.007038101115173216,0.13584730808462964,0.11124027043161135
L_02872,Liability,Term Deposit,6768881.399366402,0.0475285854968487,1.3220826172029758,1.2806218793586095
L_02873,Liability,Wholesale Funding,5440913.50915139,0.05713168888454915,3.63838730823526,2.96575477579605
L_02874,Liability,Term Deposit,6810124.284815614,0.04924150756074447,2.4240003782368307,2.3171670974202607
L_02875,Liability,Wholesale Funding,4866269.504833973,0.05046356019679001,4.042008017668959,3.9807616535196972
L_02876,Liability,Wholesale Funding,5810640.552170191,0.04609159894174498,3.6920364038522093,2.9799384234102075
L_02877,Liability,Wholesale Funding,4038409.105225971,0.042982702156950756,2.192571884592561,2.1178153417330843
L_02878,Liability,Wholesale Funding,5608662.330788636,0.047320307751837515,3.580330767867145,3.0819990535322916
L_02879,Liability,Retail CASA Deposit,5739979.403792868,0.012615099960815352,0.04371634874682123,0.039380342231576326
L_02880,Liability,Term Deposit,6380114.263393957,0.045467844492575446,0.5790375281781053,0.46925808095975374
L_02881,Liability,Retail CASA Deposit,2963767.922421639,0.015782879025858242,0.03153758717148336,0.02857029818293366
L_02882,Liability,Retail CASA Deposit,287062.875399513,0.016122236353168097,0.3063342648697397,0.27189001141046665
L_02883,Liability,Term Deposit,5507741.868682615,0.03449520475317639,2.026265435104548,1.8694535740716671
L_02884,Liability,Term Deposit,5055874.443512113,0.04938484260916076,2.052185468892003,1.7227228151798921
L_02885,Liability,Wholesale Funding,3709897.221212268,0.0419892319490438,3.687824561979648,3.2309591104462605
L_02886,Liability,Term Deposit,4868891.65907792,0.040931885269944894,0.6003484704135255,0.4908783119547113
L_02887,Liability,Wholesale Funding,6177866.1195557965,0.05717299157805261,1.0843226417141478,1.0668497800408536
L_02888,Liability,Retail CASA Deposit,4955457.178916043,0.013104649691526882,0.22105187310388946,0.19188705841710535
L_02889,Liability,Retail CASA Deposit,2926752.15108215,0.016622779288707652,0.07278387932625058,0.06330302056846425
L_02890,Liability,Term Deposit,6155576.281686719,0.04088507818701726,1.7415595351579283,1.7264073140395892
L_02891,Liability,Wholesale Funding,1173754.1648411683,0.05942592454857091,2.89286011967242,2.5297288185490503
L_02892,Liability,Retail CASA Deposit,1349513.273019728,0.014806095815119635,0.05716155705956261,0.05453247376250678
L_02893,Liability,Wholesale Funding,5326154.355920774,0.04080233156577031,1.9734099761343948,1.9676623739416903
L_02894,Liability,Retail CASA Deposit,2153530.0178056234,0.011701997970899722,0.45297760487469124,0.38184844983711186
L_02895,Liability,Wholesale Funding,6838345.110546712,0.05724503256604974,1.346714244603323,1.182554006245214
L_02896,Liability,Term Deposit,6298318.683454565,0.035243278208175986,2.933447989437793,2.4716357247747633
L_02897,Liability,Retail CASA Deposit,3871182.5360462717,0.008237965952198731,0.006802197725334136,0.005541592698496543
L_02898,Liability,Term Deposit,283154.2371367527,0.034194779878771314,2.588043151521922,2.240369943102895
L_02899,Liability,Wholesale Funding,5139472.824871873,0.04143798837314992,1.876153446568234,1.7694655218677173
L_02900,Liability,Retail CASA Deposit,5275701.311387644,0.006920048259445528,0.2226473861876052,0.19820984990452448
L_02901,Liability,Term Deposit,6211718.447891992,0.040482230824539105,0.6244179914714388,0.5036349997126827
L_02902,Liability,Term Deposit,6095266.876383668,0.04864900842161286,1.403975666050774,1.3002523226412044
L_02903,Liability,Wholesale Funding,5214418.419375428,0.04462302735125354,1.4137406665950492,1.2424434935190314
L_02904,Liability,Retail CASA Deposit,3411313.7095382917,0.019125183960547625,0.2356840778507453,0.20899181350429516
L_02905,Liability,Term Deposit,6484604.326384957,0.03417335249023184,2.6924720774349638,2.4210869899181082
L_02906,Liability,Retail CASA Deposit,2757788.1883144965,0.01652718420350008,0.1804034131228756,0.1606362162483488
L_02907,Liability,Term Deposit,6763310.590289619,0.039759152795814975,0.6499481804787911,0.62057854398462
L_02908,Liability,Retail CASA Deposit,4213121.249498535,0.017348082264491353,0.11973238976723338,0.10361879673986948
L_02909,Liability,Retail CASA Deposit,4121419.292165379,0.005697772778061221,0.09178145405995436,0.0810729786502932
L_02910,Liability,Retail CASA Deposit,3617338.8914975314,0.011333349075003291,0.29982007203448313,0.279082615712406
L_02911,Liability,Retail CASA Deposit,877834.2044186374,0.017015607652613642,0.38040377071553855,0.3238762445393922
L_02912,Liability,Term Deposit,3436461.2081255727,0.043189803421753034,1.833317106882341,1.4819080693882587
L_02913,Liability,Term Deposit,434679.6337627082,0.046553422711383886,1.6707214191821698,1.487348153057178
L_02914,Liability,Retail CASA Deposit,6781093.695487359,0.01542627266450028,0.44464273103713164,0.39230931342301983
L_02915,Liability,Retail CASA Deposit,6481171.009624267,0.017047109207749704,0.2661755632585695,0.23115191677604735
L_02916,Liability,Retail CASA Deposit,6784577.0116773425,0.002813908477214926,0.2609165242474249,0.2201965700874502
L_02917,Liability,Term Deposit,300608.92754725163,0.038378816841602555,1.6563349634457512,1.5832363516625811
L_02918,Liability,Retail CASA Deposit,6764007.785400038,0.011819733699362699,0.09038495965045157,0.07392946118851425
L_02919,Liability,Term Deposit,6847921.376233678,0.041114070814406024,2.5478465943790805,2.285286598824364
L_02920,Liability,Wholesale Funding,6443788.866632828,0.047930784551289685,4.9568261031923715,4.947822003588079
L_02921,Liability,Retail CASA Deposit,1751857.7749685906,0.0054347703296896335,0.0445080623669481,0.042442332381825654
L_02922,Liability,Wholesale Funding,5363793.208594585,0.05027933025045291,3.524263112670785,3.3189425669900725
L_02923,Liability,Retail CASA Deposit,5792925.333118301,0.01395609396988817,0.3385950469883927,0.30716909214597593
L_02924,Liability,Wholesale Funding,1741303.7657099154,0.05555285139355378,2.524590613444203,2.268470338345986
L_02925,Liability,Wholesale Funding,2390234.3039741577,0.05777471578773251,2.477320675278579,2.211935379257404
L_02926,Liability,Term Deposit,2296484.249143941,0.043118974216767844,1.1916748554477048,0.9819021049619382
L_02927,Liability,Wholesale Funding,5365927.958875921,0.05388039891649131,1.7629930548232111,1.6228819748254484
L_02928,Liability,Retail CASA Deposit,1886984.7717989848,0.013984854704909478,0.2044932518669172,0.18971752687603613
L_02929,Liability,Term Deposit,5291724.70283748,0.04235718308124512,2.3948443490154148,2.2928192299973955
L_02930,Liability,Retail CASA Deposit,6067536.373437764,0.01644727027624861,0.30745504290097037,0.27955528744061636
L_02931,Liability,Retail CASA Deposit,3737884.4342844584,0.01394998072074189,0.18555583188829405,0.16610192807716018
L_02932,Liability,Wholesale Funding,4670615.797453165,0.0443431066698213,3.738177732125296,3.7264022976896896
L_02933,Liability,Wholesale Funding,5433318.766388422,0.050712633056944637,2.3208609006401097,1.9203282062230511
L_02934,Liability,Term Deposit,1011649.990798427,0.04297443760309812,1.882594609974003,1.6529918529348542
L_02935,Liability,Term Deposit,6029060.741837309,0.045834657859993064,0.7714078617570235,0.6434705700194702
L_02936,Liability,Retail CASA Deposit,1284502.1658059808,0.0081025214667372,0.38252159498524485,0.37276886394046627
L_02937,Liability,Term Deposit,161584.76591089866,0.03220465817442465,2.2917840240048166,2.1952447457724165
L_02938,Liability,Retail CASA Deposit,2383682.514412702,0.019084627149528435,0.38063571481268016,0.3327847773121675
L_02939,Liability,Wholesale Funding,1320375.6153263003,0.05314988118512502,4.228719080809965,3.545986893978207
L_02940,Liability,Retail CASA Deposit,914580.8192029942,0.004072972822465548,0.19148350553215665,0.177849801569065
L_02941,Liability,Wholesale Funding,91172.63122348634,0.051473331950980195,3.1636792531491946,3.1093960787113195
L_02942,Liability,Term Deposit,3746762.559164651,0.035378086091229624,1.6791320033209716,1.3621216648080945
L_02943,Liability,Term Deposit,370191.6974570936,0.036145872864845864,1.8762311736647945,1.7012172309487168
L_02944,Liability,Retail CASA Deposit,6420796.755164748,0.00379993018404569,0.44726062177496745,0.3885303181582014
L_02945,Liability,Term Deposit,666484.6773970003,0.035022245736380124,1.386419552790377,1.362993700952204
L_02946,Liability,Wholesale Funding,3995179.371285973,0.05861451589090794,3.0813853474862967,3.0397421396010484
L_02947,Liability,Wholesale Funding,870633.315848442,0.05353473397359773,1.6422312430526809,1.4916171171530574
L_02948,Liability,Retail CASA Deposit,434707.33476567117,0.017377415910787727,0.4440401911294026,0.3869606826011424
L_02949,Liability,Wholesale Funding,4090350.765920073,0.048548621423204284,4.2236225880756075,3.4746884178252757
L_02950,Liability,Term Deposit,3152717.989289948,0.03211165425808856,1.8773604846015075,1.8741321240911373
L_02951,Liability,Retail CASA Deposit,1373729.566199417,0.010744163587897773,0.2634014594279683,0.2338910523887671
L_02952,Liability,Term Deposit,3560803.842047176,0.04447492770815571,2.02423863786246,1.6295222657903703
L_02953,Liability,Term Deposit,6087783.99504939,0.038103642076019226,0.5434718573135848,0.5354531963825055
L_02954,Liability,Retail CASA Deposit,3162543.0972001073,0.003986477179011476,0.4907706965221564,0.39902162414143794
L_02955,Liability,Wholesale Funding,5979640.141998542,0.05028414348954573,2.8883113387200527,2.79346287384437
L_02956,Liability,Term Deposit,1831606.9423798532,0.03959400325067092,0.5422333876787961,0.5269328982026198
L_02957,Liability,Wholesale Funding,6583029.972872545,0.05160087110596197,4.518252950451124,4.0163704724680205
L_02958,Liability,Term Deposit,5095164.896705159,0.03174654745116938,1.8453585752036359,1.8180772910887835
L_02959,Liability,Term Deposit,2506665.2817046973,0.04347675922333954,2.0739184879219295,1.7465247035997242
L_02960,Liability,Wholesale Funding,2002034.6593579578,0.04812799705708995,1.7467357036572668,1.6526076383198822
L_02961,Liability,Wholesale Funding,5572726.720701539,0.04281211608153054,4.761393510680767,3.876894958188722
L_02962,Liability,Term Deposit,2004512.4757592017,0.043439757428046524,2.570137432423182,2.5550909041320096
L_02963,Liability,Retail CASA Deposit,3348558.682282886,0.004783535897147524,0.25062023871267664,0.23007406069863318
L_02964,Liability,Term Deposit,3079988.4837177885,0.0303385870485107,1.406841619931209,1.2723743577168813
L_02965,Liability,Retail CASA Deposit,17679.599556466477,0.00557256666179514,0.153971853830966,0.13529347137241543
L_02966,Liability,Retail CASA Deposit,3499127.661492242,0.01260371138109145,0.346220176259065,0.33263137693055217
L_02967,Liability,Term Deposit,3577561.42590807,0.038554023416384774,2.5260048521474583,2.3752525541399434
L_02968,Liability,Term Deposit,2880702.911715556,0.033496738309324224,2.400514061322901,2.0829673263808064
L_02969,Liability,Retail CASA Deposit,2477624.755107839,0.011588112621733093,0.11518741118301201,0.1105377746334929
L_02970,Liability,Term Deposit,2514690.113781692,0.04187708729411602,2.9719010147356544,2.614916444216652
L_02971,Liability,Wholesale Funding,5026771.149516447,0.04392278699467743,3.9971013472964176,3.5720690218280367
L_02972,Liability,Wholesale Funding,3474061.2593338615,0.05175867466068529,3.7338109736842013,3.6160889824954148
L_02973,Liability,Retail CASA Deposit,3965220.1250329535,0.013804215533989358,0.06161733400490199,0.05831424855924663
L_02974,Liability,Retail CASA Deposit,4654929.267655656,0.002481937522193647,0.20734507708289318,0.18328921423536004
L_02975,Liability,Retail CASA Deposit,2865737.5158407465,0.01476783273872115,0.19216951397926385,0.1834917366890138
L_02976,Liability,Term Deposit,164585.80526066435,0.043724665601928954,2.827555697677485,2.2813824659938486
L_02977,Liability,Wholesale Funding,1385512.2684648812,0.04933268739900374,3.316884758284427,2.932019178253591
L_02978,Liability,Wholesale Funding,3015633.0451328927,0.05893277454429905,1.301376470292603,1.2806937542362047
L_02979,Liability,Term Deposit,3225547.1063469723,0.04581496237154953,0.7321486823588031,0.5967711570055912
L_02980,Liability,Retail CASA Deposit,3703326.7721720254,0.0001546053468069797,0.08006412009232011,0.07082653698424014
L_02981,Liability,Retail CASA Deposit,1112210.5588345686,0.004101875074472199,0.03845531936766733,0.036267090021281395
L_02982,Liability,Wholesale Funding,3119948.8371648635,0.040653100691884055,3.0262152635256707,2.4629253964550193
L_02983,Liability,Retail CASA Deposit,3748117.017710792,0.012100061226760661,0.3697755743674965,0.32482032005464395
L_02984,Liability,Retail CASA Deposit,5376722.990795491,0.014721080289655793,0.18189302579952854,0.16417587538501036
L_02985,Liability,Term Deposit,6246571.673761534,0.04070213560001207,2.802573790134505,2.528767019412952
L_02986,Liability,Retail CASA Deposit,6442590.808607536,0.002551824785747543,0.22895958359981045,0.20298205429474564
L_02987,Liability,Retail CASA Deposit,3463704.703492022,0.006755115229871707,0.2806377574281061,0.22853177948173894
L_02988,Liability,Wholesale Funding,5325706.785964623,0.04733736788572459,4.355524322020484,4.14718306885591
L_02989,Liability,Term Deposit,1391131.7537233827,0.03690101738644114,0.8110584422680331,0.6711593140671677
L_02990,Liability,Wholesale Funding,346798.32440759003,0.04904187044780768,2.764574397476306,2.37788338454521
L_02991,Liability,Term Deposit,1039755.043462552,0.03664895436495277,2.459780951468084,2.258739408810168
L_02992,Liability,Term Deposit,6121113.4395942055,0.04216618056207119,2.5894685911305,2.2727212612270717
L_02993,Liability,Term Deposit,5293954.048831132,0.03207563856353344,2.6938638563986825,2.36244116020669
L_02994,Liability,Term Deposit,2976377.8249682975,0.03822645393646539,1.3305694101657095,1.22488088396317
L_02995,Liability,Wholesale Funding,3398118.634435325,0.043256931505581894,1.8339778998170422,1.4827160200405491
L_02996,Liability,Term Deposit,3752748.7648764905,0.04390658812905134,1.013084816950773,0.9606287118826852
L_02997,Liability,Retail CASA Deposit,2374423.9688169477,0.007485289357014684,0.4952358361736283,0.47154391935378814
L_02998,Liability,Term Deposit,5463157.555312997,0.04335512050397071,2.4225580969566196,2.3521965183496047
L_02999,Liability,Wholesale Funding,3996214.6614299547,0.0479725792328815,1.9498756288909829,1.855620869118458
L_03000,Liability,Term Deposit,1231037.341630118,0.043659231870841295,0.6280988528660618,0.534019571687162
L_03001,Liability,Term Deposit,5142777.900181124,0.031666051662235926,1.9066669516408328,1.5961015021832434
L_03002,Liability,Retail CASA Deposit,1781521.4781298107,0.01007931559650787,0.28270169597525213,0.23764809426019357
L_03003,Liability,Retail CASA Deposit,1187267.7072709387,0.009370938995829445,0.49219065630930164,0.47913239568869237
L_03004,Liability,Wholesale Funding,3525499.8083845866,0.043855040208254245,3.826750833842174,3.5882651999923896
L_03005,Liability,Retail CASA Deposit,5729353.755195276,0.01546277345770555,0.04186206655445496,0.03432636633036835
L_03006,Liability,Wholesale Funding,2100128.721395219,0.049750045572405595,3.617573459322299,3.1590844747313027
L_03007,Liability,Term Deposit,6523191.99276921,0.04837705711766209,0.6031743684365547,0.556015983267962
L_03008,Liability,Wholesale Funding,2647893.78142951,0.05737701503602328,2.887371899350455,2.5494615935866576
L_03009,Liability,Term Deposit,147452.89756093948,0.042833730159496,0.8964950145951057,0.8457492551528074
L_03010,Liability,Term Deposit,993916.922955356,0.037101895327263795,1.613513571444587,1.4507621182438855
L_03011,Liability,Wholesale Funding,5342952.491790503,0.05780618395549128,1.3359580055566358,1.1948186249127595
L_03012,Liability,Term Deposit,971428.8733216065,0.03472652035218916,2.1767988142676202,1.9322924548328873
L_03013,Liability,Retail CASA Deposit,1050986.7700914803,0.004794883458765169,0.04604024656180988,0.03775316875452013
L_03014,Liability,Term Deposit,208265.55037431806,0.032814156616511485,2.044351251562495,2.021929402832049
L_03015,Liability,Wholesale Funding,1559026.0465237817,0.040560106389449166,3.457685192892118,3.4105144439566075
L_03016,Liability,Term Deposit,305780.874911258,0.031536989237224686,1.3562499825203433,1.1915861638225917
L_03017,Liability,Term Deposit,3239279.8658314906,0.032383140910809294,1.4593054367986362,1.2389325256519135
L_03018,Liability,Retail CASA Deposit,5560471.118785312,0.01190746733097787,0.06761991399236128,0.058731146651605844
L_03019,Liability,Retail CASA Deposit,4405197.864291912,0.008002909345691183,0.22850115468847032,0.20989439728622572
L_03020,Liability,Term Deposit,2095176.3143858216,0.04338997153101389,1.897653219413129,1.528253447196233
L_03021,Liability,Term Deposit,405199.8837555736,0.041210174681559464,0.9660135351702777,0.9401608713684245
L_03022,Liability,Wholesale Funding,489497.11452277744,0.05166012966009102,2.6764203451468265,2.2198604530569295
L_03023,Liability,Term Deposit,5125510.269433328,0.03016972024166886,2.7583525342669866,2.3262203341221475
L_03024,Liability,Wholesale Funding,4619102.22651325,0.04114359309060533,4.5775594147939636,4.20857513614678
L_03025,Liability,Term Deposit,253880.40146357074,0.04219040622619849,1.7838051922812088,1.4952901053029017
L_03026,Liability,Retail CASA Deposit,4411240.688550921,0.017160273151366538,0.23415047379997916,0.20335414958628834
L_03027,Liability,Retail CASA Deposit,6779939.285994913,0.0005798548999795971,0.4555678850650417,0.4346781490988974
L_03028,Liability,Retail CASA Deposit,197576.3357608994,0.005386917581222086,0.13684775798317445,0.13190259352668585
L_03029,Liability,Term Deposit,6757549.4993786635,0.03836511106512096,2.278782250779546,2.1415665902918017
L_03030,Liability,Wholesale Funding,4891105.122622831,0.058767300303805184,4.0467254239212735,3.329363428859161
L_03031,Liability,Term Deposit,5858225.05135688,0.03421938579423399,2.8859465005522327,2.5996196317154947
L_03032,Liability,Term Deposit,1710041.353159686,0.035151575649959986,2.001182158125685,1.7344073744984847
L_03033,Liability,Term Deposit,3646991.614858862,0.03986391039575858,1.6234146790628765,1.3956784172426098
L_03034,Liability,Retail CASA Deposit,334154.3993351689,0.011638872830115662,0.09798936124583385,0.0937976791158094
L_03035,Liability,Retail CASA Deposit,754965.0647769046,0.006103166610745794,0.3746451802746251,0.37101108000780736
L_03036,Liability,Term Deposit,2255179.2071785717,0.040473967725426184,1.2238568694842624,0.9984578447784779
L_03037,Liability,Retail CASA Deposit,1217695.94745384,0.01027714718538245,0.3873617966522801,0.3107080972544948
L_03038,Liability,Term Deposit,2921638.8558023837,0.03428232486825871,1.7771309124094947,1.6178225809270674
L_03039,Liability,Wholesale Funding,513565.64958401275,0.0448599518572166,2.1356695986577225,1.8146995202739031
L_03040,Liability,Retail CASA Deposit,5633426.2132274555,0.004044301749179467,0.4564293449821937,0.41470713289291095
L_03041,Liability,Term Deposit,3596370.7242880724,0.03383951011718476,1.585190985492299,1.4229369738229312
L_03042,Liability,Term Deposit,5478410.839124131,0.032679973624113415,2.4090108979074882,1.9698573907853658
L_03043,Liability,Wholesale Funding,3690432.3040874097,0.04116302241132802,4.431203749130363,4.011582594085557
L_03044,Liability,Term Deposit,5926264.39196237,0.034808911273518185,0.7440249955742688,0.6557149298975262
L_03045,Liability,Wholesale Funding,6463790.950677263,0.05918386972917043,4.970898478374512,3.982625955716724
L_03046,Liability,Retail CASA Deposit,1023458.9673091971,0.016598360619739176,0.17443104838513657,0.1706862299080803
L_03047,Liability,Retail CASA Deposit,4269035.724664971,0.009274634718626416,0.4586809925326383,0.37644348769684616
L_03048,Liability,Term Deposit,2592340.3043515473,0.03877317368814207,1.9441449901650174,1.562060591490499
L_03049,Liability,Wholesale Funding,3745654.3711566804,0.05909234743008108,2.894523021938438,2.4058467019884673
L_03050,Liability,Retail CASA Deposit,5564018.938053298,0.015984542125830538,0.13041554001250438,0.11141486917100121
L_03051,Liability,Retail CASA Deposit,3563281.2031359444,0.015156925858649422,0.09834321706343069,0.0912861005931328
L_03052,Liability,Wholesale Funding,5391952.81398034,0.056003164733295925,1.7231038193629074,1.5996389660794677
L_03053,Liability,Term Deposit,5730734.258722615,0.03932007028706026,1.9345601729723505,1.7939722166748557
L_03054,Liability,Retail CASA Deposit,1264030.8964406254,0.0046769673817095535,0.3082939190356232,0.2515626036786237
L_03055,Liability,Retail CASA Deposit,4191036.1786377314,0.01504621941346912,0.1810743917401184,0.1584464810160534
L_03056,Liability,Term Deposit,2807471.6425511646,0.03712278324029936,2.1264369777733654,2.1110278159825047
L_03057,Liability,Wholesale Funding,5839124.846518833,0.04898279376918782,4.681201082290992,4.247188576637745
L_03058,Liability,Term Deposit,4794877.500176158,0.04432662054513391,2.726696489013677,2.725542937284338
L_03059,Liability,Retail CASA Deposit,5735786.679823878,0.013827728904300372,0.3488174114163321,0.3017853548812923
L_03060,Liability,Term Deposit,6199038.41818612,0.04250993674233408,1.0463711538014073,0.9191606377559236
L_03061,Liability,Wholesale Funding,3300765.8160990127,0.04763715250443665,1.9132806951877708,1.7808198299519782
L_03062,Liability,Retail CASA Deposit,4158601.6707625655,0.017007255753157008,0.465612379589449,0.3787918309592707
L_03063,Liability,Wholesale Funding,4812622.865044984,0.04024832178338847,1.6491232972560947,1.3757918749898417
L_03064,Liability,Wholesale Funding,157383.71906379194,0.055146111906697506,1.9325892144723462,1.7726135516109456
L_03065,Liability,Term Deposit,5138678.322323286,0.047850228381883034,0.6265034678045118,0.5296500205395815
L_03066,Liability,Term Deposit,4438335.283228783,0.04952462513401949,0.9215705272127385,0.8272304501328748
L_03067,Liability,Retail CASA Deposit,6452644.090290581,0.013983863959627528,0.29313392159663404,0.2652965050435131
L_03068,Liability,Wholesale Funding,236410.35869577483,0.04939296712805384,2.073513461108591,1.690578494806088
L_03069,Liability,Term Deposit,2715193.2344796075,0.030067576936168246,1.1816699756703601,1.1154563539307594
L_03070,Liability,Wholesale Funding,2724661.478342326,0.04455373251859197,3.256871908133462,3.010781133602075
L_03071,Liability,Retail CASA Deposit,3368220.7948382925,0.01836383546459468,0.32210274092034613,0.28224805511751444
L_03072,Liability,Term Deposit,4117934.5121621364,0.03796755351318861,2.8175302823127013,2.4338363824575624
L_03073,Liability,Wholesale Funding,347179.29767804453,0.04164808869168089,1.5455415717347072,1.4970455548742205
L_03074,Liability,Retail CASA Deposit,5932831.231728774,8.050557707941498e-05,0.2256338976856334,0.1986320715127047
L_03075,Liability,Retail CASA Deposit,4301599.865714491,0.009750551408099996,0.3396793949608233,0.274496245545748
L_03076,Liability,Term Deposit,5797947.336384534,0.04659915837910637,2.300810693316004,1.932915445832319
L_03077,Liability,Wholesale Funding,2223809.590727731,0.056867832926581416,1.053619257007964,1.041359610734554
L_03078,Liability,Term Deposit,1599821.3462784388,0.03933185746871239,1.1293611607063259,1.1062840386004353
L_03079,Liability,Retail CASA Deposit,5687493.463330101,0.016171723388581957,0.14565140435257518,0.1433288819452382
L_03080,Liability,Term Deposit,2518469.442109898,0.04058965764758788,2.5055532974282544,2.3474273520023226
L_03081,Liability,Term Deposit,1059774.942551451,0.03391550222826272,2.611975900723904,2.5766004191767413
L_03082,Liability,Retail CASA Deposit,5054320.553789253,0.006355708171737278,0.14232769674679602,0.12268652733618579
L_03083,Liability,Term Deposit,3836924.3076601233,0.036147454384080895,2.707381139618743,2.5406024122897217
L_03084,Liability,Term Deposit,1050103.1116856537,0.039656349887008224,1.501473393299528,1.307989745091334
L_03085,Liability,Retail CASA Deposit,4728007.275327699,0.014187814905022576,0.10793319882974428,0.10653102129652325
L_03086,Liability,Term Deposit,4212451.876446812,0.04728953807235657,0.6723317553102227,0.5762485266116791
L_03087,Liability,Term Deposit,6740379.887501411,0.04449418974928755,1.9887565014320194,1.7681316583371578
L_03088,Liability,Retail CASA Deposit,5492409.037204234,0.014013156577757082,0.017499420631992835,0.014079759355612766
L_03089,Liability,Wholesale Funding,1092413.7113576839,0.051943014089662946,3.0570859817702045,2.7254199155970826
L_03090,Liability,Retail CASA Deposit,3225009.23142255,0.008762446941617263,0.15570787694057936,0.1357434175194028
L_03091,Liability,Term Deposit,1644425.6367213242,0.04001739906764331,2.971641387285031,2.4927091228452647
L_03092,Liability,Term Deposit,5965544.143603502,0.04359108238214578,0.554516982810989,0.5043850761199421
L_03093,Liability,Retail CASA Deposit,5629071.718348039,0.005876040576310149,0.18444231118700283,0.17810211381725566
L_03094,Liability,Term Deposit,6184483.64595693,0.04481635315864231,2.0747092591779985,2.0068438164966507
L_03095,Liability,Retail CASA Deposit,5344241.7657740265,0.0013901559303038647,0.3068532409247884,0.2766943494574725
L_03096,Liability,Retail CASA Deposit,5068526.673618054,0.019071470748245948,0.2732508569489415,0.228609065003083
L_03097,Liability,Term Deposit,1463314.007089314,0.04445299404721713,2.035162461818496,1.9221313008668892
L_03098,Liability,Wholesale Funding,5877092.969056229,0.04686534314144808,1.3090869050687082,1.2271701427711321
L_03099,Liability,Term Deposit,1319575.8791258112,0.03814871305532288,1.881773925416745,1.6522119124942616
L_03100,Liability,Wholesale Funding,2811001.1981150126,0.04116126677782182,1.1058180219216966,1.0740244360304905
L_03101,Liability,Wholesale Funding,4741685.461763904,0.05877200631589455,2.457473176400321,2.2917427023209997
L_03102,Liability,Wholesale Funding,5274135.81962949,0.049574044017015706,2.5165572630903696,2.1069282554662356
L_03103,Liability,Retail CASA Deposit,5358519.898181936,0.014489208465028236,0.4469891959415541,0.39917688008158553
L_03104,Liability,Retail CASA Deposit,400144.1651099845,0.009276434375353262,0.1871627823064269,0.17253116792787404
L_03105,Liability,Retail CASA Deposit,6813332.696798723,0.01696189327602243,0.18196944170202145,0.1650450719134378
L_03106,Liability,Retail CASA Deposit,5492176.670063763,0.01054872169858456,0.35491353745993803,0.3204552015391941
L_03107,Liability,Retail CASA Deposit,4517820.200380114,0.0018648983844271672,0.4556225778771499,0.3885104155906802
L_03108,Liability,Wholesale Funding,1963579.3569385912,0.05069636329886288,3.6157746887197053,3.323857003047326
L_03109,Liability,Term Deposit,2071162.389623274,0.044885618785883284,0.6213336268241725,0.5897814928223265
L_03110,Liability,Term Deposit,4433836.247306199,0.030446898675325823,1.1092928304188154,1.0668547026579174
L_03111,Liability,Term Deposit,2118235.826506262,0.03125443181802777,0.7548297669514252,0.6565308108230925
L_03112,Liability,Wholesale Funding,6325186.138307807,0.0584000166949931,4.587005458452259,4.502352587503756
L_03113,Liability,Term Deposit,1517172.3770765956,0.03427425949705158,2.4951164570920508,2.129435820411654
L_03114,Liability,Retail CASA Deposit,3549308.215700881,0.0030831209925068293,0.16091375408453995,0.14331537025946078
L_03115,Liability,Wholesale Funding,3931376.563300941,0.04391744370158275,4.513342423550348,3.761395992374454
L_03116,Liability,Term Deposit,3194170.4083117694,0.04589253582053564,2.1504316041173923,2.0434722738887956
L_03117,Liability,Wholesale Funding,2746771.852419737,0.05101825279895771,1.825546968992723,1.5008709286745416
L_03118,Liability,Retail CASA Deposit,1437915.7829430634,0.0022243315000443076,0.19828185839854046,0.15988821477556206
L_03119,Liability,Term Deposit,4204302.766135058,0.04320772880542688,2.270897340096653,1.868628169556009
L_03120,Liability,Retail CASA Deposit,899150.5350529867,0.014938073107110466,0.4214862010242816,0.35417713099218917
L_03121,Liability,Retail CASA Deposit,6654456.958284331,0.016023111946023145,0.29707967893982573,0.2533846670837507
L_03122,Liability,Retail CASA Deposit,5398337.102779556,0.013619558584235275,0.34293622761572007,0.31225266584107503
L_03123,Liability,Term Deposit,5066809.914166227,0.03705536931713912,1.1750062028029882,1.1448406846328365
L_03124,Liability,Retail CASA Deposit,3764694.6111987014,0.01999849653666353,0.35131973200334204,0.31164107238753724
L_03125,Liability,Term Deposit,5801726.020292413,0.04462151763469097,2.513757778149658,2.243895643341005
L_03126,Liability,Retail CASA Deposit,4193862.5207935753,0.01767554916417173,0.43811164656582047,0.35999619497435165
L_03127,Liability,Term Deposit,3203748.197895552,0.043559960304851694,2.944038418809383,2.595020554715909
L_03128,Liability,Retail CASA Deposit,3895846.6622838173,0.01668899914695526,0.04803798781917806,0.045660286705379104
L_03129,Liability,Term Deposit,2959595.122286406,0.035769167008362565,2.7433474139219216,2.3313075849496463
L_03130,Liability,Wholesale Funding,5572483.142124358,0.04390387628551851,4.2825023722687785,3.5487349824629395
L_03131,Liability,Retail CASA Deposit,1638357.0536835147,0.004800768375282995,0.3870952458571624,0.36612267964941453
L_03132,Liability,Retail CASA Deposit,2726393.816404514,0.0048962346256827115,0.4915811449557042,0.4302682567435592
L_03133,Liability,Retail CASA Deposit,762319.1748521467,0.007573813266660046,0.24494707106541247,0.22999976813026463
L_03134,Liability,Wholesale Funding,3750532.2983495006,0.05237844712469443,1.1287856883493474,0.9155334033424498
L_03135,Liability,Term Deposit,4718450.867674526,0.04638692297443542,0.9944190690437961,0.9767353409069389
L_03136,Liability,Wholesale Funding,2106348.6918616886,0.05829630298382456,3.3465720497825377,2.891883161851742
L_03137,Liability,Wholesale Funding,73750.18225350807,0.055194233206779346,1.014586811138705,0.9661803837508907
L_03138,Liability,Term Deposit,6402899.244270879,0.034639699699673766,0.7947657795507106,0.7794625518086271
L_03139,Liability,Retail CASA Deposit,4699195.097705104,0.001663873537030145,0.2652315000204077,0.2273173818079396
L_03140,Liability,Term Deposit,5868841.739828657,0.042437663229098664,2.2688462240366842,2.040161449097664
L_03141,Liability,Retail CASA Deposit,828459.8802401942,0.0005703698782258516,0.20453801728304777,0.17226420445174864
L_03142,Liability,Term Deposit,2886677.562077785,0.041781203070505826,0.610738577492481,0.5557335380919485
L_03143,Liability,Retail CASA Deposit,6493215.800679504,0.017096683024746723,0.04969138947543006,0.03975618978218835
L_03144,Liability,Wholesale Funding,144185.77645203218,0.04723381622600506,4.031248127568464,3.8201855207125957
L_03145,Liability,Term Deposit,496124.38370234624,0.0314250537064273,2.41876673848841,2.3810922386674136
L_03146,Liability,Retail CASA Deposit,3304151.6824247637,0.007864929295840754,0.36151721542539783,0.30492050050668645
L_03147,Liability,Term Deposit,5400934.458509687,0.03752330220862155,2.806737459885918,2.5295731093779077
L_03148,Liability,Retail CASA Deposit,1776141.9568969146,0.006793036900339109,0.3755164807688043,0.3325686189550625
L_03149,Liability,Term Deposit,4908426.580834896,0.04333512122614755,2.7944890652766996,2.4991577338533864
L_03150,Liability,Term Deposit,4415530.777454777,0.03191327172837683,0.6515258927945338,0.5261614884035499
L_03151,Liability,Term Deposit,5686666.799515771,0.037683203661849636,1.2827079233783802,1.2594850373096544
L_03152,Liability,Wholesale Funding,4581068.009896928,0.04234082965376887,2.0672151283690052,1.6604115109328297
L_03153,Liability,Retail CASA Deposit,2020318.7190079,0.0012800016550477379,0.27589503178974784,0.22823293887776133
L_03154,Liability,Retail CASA Deposit,4353726.33624735,0.011015314527443058,0.3078948994900622,0.26174154178782455
L_03155,Liability,Retail CASA Deposit,673384.1901585934,0.01795410452945161,0.11323030187902744,0.11277039994268603
L_03156,Liability,Term Deposit,6312119.759182111,0.030663929722109396,2.1068547510035627,2.1054905983630916
L_03157,Liability,Retail CASA Deposit,4702031.427623267,0.007839622258139204,0.12641810153739502,0.11746603590204392
L_03158,Liability,Term Deposit,1731206.058719291,0.03683096233846353,1.3361154671958118,1.3252458751294698
L_03159,Liability,Term Deposit,3161305.1650980646,0.04622032220525312,0.9995523008534103,0.8310642609127235
L_03160,Liability,Retail CASA Deposit,2525088.636432367,0.0026357333726822053,0.44017409792599504,0.36290014345588667
L_03161,Liability,Term Deposit,1909034.378237111,0.03903273369366447,1.9218198541203997,1.7046384925595668
L_03162,Liability,Retail CASA Deposit,978376.1697028661,0.01771765475143489,0.41053928872342504,0.3477007931119023
L_03163,Liability,Retail CASA Deposit,375865.2714233875,0.01430706425000411,0.3041488068709484,0.26599698817790396
L_03164,Liability,Term Deposit,4910472.62659613,0.031297472756702145,2.8383557034922635,2.379843024667269
L_03165,Liability,Retail CASA Deposit,5976399.030503806,0.011492841412436781,0.3962935800167843,0.32366591847054654
L_03166,Liability,Retail CASA Deposit,2055544.1062816412,0.00516087788073431,0.28037159800770856,0.22838845313330686
L_03167,Liability,Term Deposit,2064897.1322130575,0.03255333269964611,1.6309354425582516,1.566529248520844
L_03168,Liability,Term Deposit,6207354.912626519,0.04882851343635759,1.7386789076633333,1.7010776132053431
L_03169,Liability,Term Deposit,6429483.61671121,0.037312843254084224,1.3077218682363807,1.0580719968782035
L_03170,Liability,Term Deposit,4972111.530700622,0.032996325720922065,2.433797975605258,2.163237070692381
L_03171,Liability,Retail CASA Deposit,4560986.630858122,0.0180832736791215,0.07897318621088406,0.06682133953240726
L_03172,Liability,Retail CASA Deposit,5858915.0939407,0.0004799189160014605,0.2292338050728619,0.2060622217182705
L_03173,Liability,Retail CASA Deposit,6783231.072295815,0.005130652352219569,0.2940557852278012,0.2683975171634747
L_03174,Liability,Retail CASA Deposit,5508167.112861967,0.01748888776412319,0.46266402693208186,0.40175501124848667
L_03175,Liability,Retail CASA Deposit,249845.88911464918,0.010698095683795898,0.32570017935045836,0.2904819825854261
L_03176,Liability,Wholesale Funding,1162837.3719971657,0.04146632904241531,1.0386650667607293,0.8773336752852643
L_03177,Liability,Retail CASA Deposit,3465850.005591234,0.0036096601613626535,0.15704522761678902,0.14919560694983947
L_03178,Liability,Retail CASA Deposit,4736156.031876614,0.01023655521325109,0.17463245292381946,0.172322660713844
L_03179,Liability,Retail CASA Deposit,3448116.986164658,0.011759484967406971,0.4272114801638091,0.365425636804328
L_03180,Liability,Retail CASA Deposit,4685694.32106914,0.000821327474932232,0.4454059471569015,0.3626975210700356
L_03181,Liability,Retail CASA Deposit,1609055.3618572874,0.0044253999725176185,0.132465443111203,0.1111603648627367
L_03182,Liability,Retail CASA Deposit,6429900.909000093,0.004088075495310724,0.07209473195307653,0.06122667783438624
L_03183,Liability,Wholesale Funding,5204431.976332895,0.04209516519076996,4.158797721262059,4.0226468975064735
L_03184,Liability,Term Deposit,1815614.9576364027,0.04644365811633468,1.9393752088007763,1.853519902655436
L_03185,Liability,Wholesale Funding,6389872.779774918,0.048477157883385434,1.9524882857109982,1.5677030388557913
L_03186,Liability,Wholesale Funding,1071348.3212526802,0.04658774643973193,4.445899249370777,3.8840563697696844
L_03187,Liability,Retail CASA Deposit,2256023.109497389,0.0005109480224320828,0.44418184140063205,0.39144213015841767
L_03188,Liability,Retail CASA Deposit,2558847.01440801,0.005044367865367441,0.08632032039014559,0.08420717086114932
L_03189,Liability,Term Deposit,1891072.088544891,0.032842139196651646,1.9733459448763695,1.6810506312288775
L_03190,Liability,Term Deposit,1641667.7788350005,0.03982982604519045,2.197819343502183,2.0975939771173517
L_03191,Liability,Wholesale Funding,804808.398547477,0.04639098125756813,2.3386600399381794,1.9416411223855903
L_03192,Liability,Wholesale Funding,5233065.008991215,0.05075541555589219,2.937701883337596,2.3851460919404066
L_03193,Liability,Term Deposit,5449384.066505057,0.03530612740240838,1.934568933959643,1.8059387770830027
L_03194,Liability,Retail CASA Deposit,3754819.5818596864,0.007623500019303602,0.24378268163946237,0.23007614567797852
L_03195,Liability,Wholesale Funding,44443.07053530939,0.050230302721664497,4.7344660769214695,4.45109112485663
L_03196,Liability,Wholesale Funding,3220123.55497002,0.04355239638910405,4.339896293459561,3.6100711533532577
L_03197,Liability,Term Deposit,5991174.7332696915,0.042874809167544936,2.7310654438400985,2.471881450619039
L_03198,Liability,Retail CASA Deposit,6746486.92133402,0.014883722144631864,0.15984784333312524,0.1448855033479579
L_03199,Liability,Term Deposit,2713935.9774103938,0.041433646521985425,2.9120578136806197,2.875824610314606
L_03200,Liability,Retail CASA Deposit,3945936.764118116,0.01490160342324436,0.3585934448626357,0.35177851140193644
L_03201,Liability,Retail CASA Deposit,10874.962368100361,0.000585874100107413,0.23613173039760765,0.23492899596310532
L_03202,Liability,Retail CASA Deposit,3258357.835759606,0.01044096832342517,0.030568815006111805,0.026778013704903483
L_03203,Liability,Retail CASA Deposit,2312713.9528334714,0.0197984298254988,0.1957180101114278,0.16471180992561013
L_03204,Liability,Term Deposit,6796781.294398836,0.04986735001764178,2.480048019850338,2.4643236794597447
L_03205,Liability,Term Deposit,4796458.323021179,0.03882297650093604,0.7761078173528777,0.7464633768896248
L_03206,Liability,Term Deposit,4839932.651652341,0.03506938282485788,2.3643783249606924,2.3055995832819685
L_03207,Liability,Term Deposit,1453708.8789292192,0.03835637612212507,2.6635397044711095,2.5305291576534708
L_03208,Liability,Term Deposit,2634120.998322014,0.04168939863289226,2.5246910375964235,2.2169625580016077
L_03209,Liability,Retail CASA Deposit,6165137.889443207,0.017263746967361125,0.017734792670833277,0.015464602739322575
L_03210,Liability,Term Deposit,6349084.807551096,0.041339009512776206,0.879266538759746,0.8378412784098856
L_03211,Liability,Term Deposit,3622527.7225052225,0.045150539882656895,2.0618486497661452,1.9962932596781422
L_03212,Liability,Term Deposit,2442525.9069097172,0.038690053874386086,2.991816002644333,2.408091579958289
L_03213,Liability,Retail CASA Deposit,887162.2302192478,0.005630700802137887,0.0607213078641875,0.04922525225421812
L_03214,Liability,Term Deposit,517307.1883070801,0.03185799428988239,1.0082238885898904,0.8193165539288031
L_03215,Liability,Retail CASA Deposit,3940631.608875302,0.017511133086992127,0.48234277822342086,0.47037430320662565
L_03216,Liability,Retail CASA Deposit,1829944.4139012939,0.015569366798303702,0.03819665839765285,0.03109067660180859
L_03217,Liability,Term Deposit,1712845.4303229921,0.04981450110495211,1.1086140850718618,1.0546866187203636
L_03218,Liability,Wholesale Funding,3941207.2003332153,0.05290981078332706,4.484057149574997,4.43578511280638
L_03219,Liability,Retail CASA Deposit,4101657.1427905117,0.007858746100556133,0.34506567396844606,0.3367639447434922
L_03220,Liability,Wholesale Funding,3403461.2381044733,0.04943875857112917,2.5625626192173563,2.487088357103026
L_03221,Liability,Term Deposit,316432.3692307419,0.030346002454819394,1.855424776114287,1.773242584179639
L_03222,Liability,Retail CASA Deposit,3253839.0067028766,0.0009289763457152312,0.399339052953816,0.3321336076984523
L_03223,Liability,Retail CASA Deposit,1589429.4265670222,0.019963494757849302,0.16895071288753155,0.16305144184117648
L_03224,Liability,Wholesale Funding,6451218.057978823,0.04594153915592945,2.3637435212567826,2.001647557082717
L_03225,Liability,Wholesale Funding,4680786.900678564,0.0475398765842091,1.9446879299315092,1.7528295942000909
L_03226,Liability,Term Deposit,6118951.892658402,0.04817048061001025,1.4514153323680408,1.2892537947460365
L_03227,Liability,Term Deposit,6404463.27167946,0.031139057345913622,2.7689392599081657,2.3290679475850036
L_03228,Liability,Term Deposit,2975707.6628589984,0.04889418101650825,2.1022291620930176,1.729043422075444
L_03229,Liability,Term Deposit,1331505.3018119722,0.049291603716033056,2.735268995994869,2.4500907705569497
L_03230,Liability,Retail CASA Deposit,5407809.583601233,0.00709341653220621,0.3485706752461995,0.34072138468093677
L_03231,Liability,Wholesale Funding,3844065.9861826403,0.04595027010227556,3.2629116453771694,2.991767626622376
L_03232,Liability,Term Deposit,2086285.190508116,0.0350541571941825,0.6679629913097533,0.56080230977645
L_03233,Liability,Term Deposit,4145319.1215878776,0.03776362002091358,2.021429310765041,1.7874406746595557
L_03234,Liability,Wholesale Funding,3282889.7944787964,0.0487923446001773,4.95109332854849,4.604101839088714
L_03235,Liability,Retail CASA Deposit,4500569.688797453,0.018849156770665926,0.42571319720750306,0.42548506701042427
L_03236,Liability,Retail CASA Deposit,3964496.744543494,0.01127634961150342,0.22535899276607368,0.18738388218092766
L_03237,Liability,Wholesale Funding,6262243.305957729,0.04560859723147154,2.79864665245169,2.3177459221322323
L_03238,Liability,Term Deposit,2155319.661660941,0.043420249496897406,2.7738464247834718,2.5772835259807216
L_03239,Liability,Term Deposit,323335.0300861545,0.042558749865989204,2.8298060892139674,2.8264454020979017
L_03240,Liability,Term Deposit,4890892.049873158,0.042634723536468216,0.6405238946655554,0.6103743851865163
L_03241,Liability,Term Deposit,5303420.48601838,0.04950796955210452,1.065706568234169,1.0646796790951765
L_03242,Liability,Retail CASA Deposit,6447036.373782712,0.013785681635019295,0.14472459715218466,0.12556627108100593
L_03243,Liability,Wholesale Funding,706483.2783335256,0.04856095583884149,2.990987267825504,2.587816213215597
L_03244,Liability,Term Deposit,909663.919496755,0.04961184247609575,2.2916560453342423,2.2020792046350706
L_03245,Liability,Wholesale Funding,2481246.710333044,0.05034096709380266,2.299546425924875,1.8606672354491454
L_03246,Liability,Wholesale Funding,997183.6718346797,0.041671644440007115,4.61205215667237,4.448439539704367
L_03247,Liability,Retail CASA Deposit,270774.5863333868,0.005605306003488566,0.35974472512970435,0.33920302452169093
L_03248,Liability,Term Deposit,756697.8854104193,0.03904628349526955,2.830325183252909,2.6800050718273614
L_03249,Liability,Term Deposit,4163823.903403501,0.034007206080069005,1.256933980891731,1.1419421698499725
L_03250,Liability,Term Deposit,2690784.2319508963,0.043810132640222724,2.1814179877365576,1.7651685574603169
L_03251,Liability,Retail CASA Deposit,2839645.54736088,0.004718017333965767,0.04844608058208405,0.039257232999598705
L_03252,Liability,Wholesale Funding,5072720.668143398,0.04040498759580184,1.3498006260110147,1.2740195253943385
L_03253,Liability,Term Deposit,5418136.705707392,0.04198600778032745,2.8086900945459594,2.3520579904475287
L_03254,Liability,Term Deposit,6580180.441982738,0.04363994894561467,1.9505782176498898,1.6921167319492267
L_03255,Liability,Retail CASA Deposit,5059638.834479433,0.012579767744487045,0.4638855492034096,0.4443882455257056
L_03256,Liability,Retail CASA Deposit,1465905.7232511288,0.0035310838448568103,0.26601734341669503,0.2465978150659296
L_03257,Liability,Retail CASA Deposit,5450697.916122332,0.00927574911510706,0.4040551733071717,0.3378556331409197
L_03258,Liability,Term Deposit,6834399.760641478,0.030715493814280157,2.0564772448563082,1.652294729412667
L_03259,Liability,Retail CASA Deposit,1354694.393125239,0.01689611334072001,0.40652560357165407,0.3462475132777134
L_03260,Liability,Retail CASA Deposit,1632894.2755722136,0.010052986692445644,0.454191273685632,0.42295536290129326
L_03261,Liability,Term Deposit,4347071.652937202,0.03679356875458451,1.46463844180434,1.357567534589214
L_03262,Liability,Term Deposit,2026723.2143158999,0.03737153387676275,0.8733711257986836,0.7712212265442119
L_03263,Liability,Term Deposit,6296343.988977128,0.034873220250836896,0.5904619938323128,0.49524597536894915
L_03264,Liability,Term Deposit,2962964.2509066714,0.03484831825089728,2.322594059550471,2.1342309221809472
L_03265,Liability,Wholesale Funding,6269866.711296065,0.05546522304159977,4.835138418900124,4.744226121642372
L_03266,Liability,Retail CASA Deposit,1367050.4085209302,0.014136887148581967,0.0032440418902632273,0.0032034700778135923
L_03267,Liability,Retail CASA Deposit,4387838.4471998485,0.018552284702961132,0.37322987961088877,0.34686941639571506
L_03268,Liability,Wholesale Funding,2378366.157361946,0.05086025020028691,2.3997141350856306,2.1038302850576587
L_03269,Liability,Retail CASA Deposit,5039820.719242254,0.014939492093735409,0.3758585207392417,0.32662260806672877
L_03270,Liability,Term Deposit,2483562.1687100707,0.04124897882542838,0.5400910000766144,0.44544120444438384
L_03271,Liability,Retail CASA Deposit,5202953.321926512,0.019180168872174524,0.004753101209052812,0.004292293146069138
L_03272,Liability,Wholesale Funding,407360.73456340015,0.04698654071951822,3.334118195463653,3.229748621740353
L_03273,Liability,Retail CASA Deposit,1799557.8550702909,0.00749306183306522,0.42877656354995664,0.34446479744855507
L_03274,Liability,Retail CASA Deposit,4508698.765211522,0.008639751848503146,0.12717976940319092,0.10318641916423345
L_03275,Liability,Term Deposit,5208425.134021349,0.0384046526560292,1.5332814035027758,1.2536975054692232
L_03276,Liability,Retail CASA Deposit,1072057.5287681834,0.010585110819015002,0.24084388433076898,0.2383843929077854
L_03277,Liability,Retail CASA Deposit,4132929.3403530023,0.010324661958716584,0.26324926366412066,0.2565711188243
L_03278,Liability,Retail CASA Deposit,288937.0223730601,0.006903149282719603,0.33613575381709626,0.27009112300281235
L_03279,Liability,Retail CASA Deposit,2135346.2132994994,0.003451715880985442,0.308419188392121,0.27221412806522155
L_03280,Liability,Term Deposit,3166039.693170637,0.030910084755805922,2.9348519166669544,2.906071694273388
L_03281,Liability,Term Deposit,5479540.825911907,0.03907675762513961,1.5759815450401886,1.5379457029348984
L_03282,Liability,Wholesale Funding,1649683.376928557,0.049924703477399024,1.7969675143384727,1.7611277258015139
L_03283,Liability,Retail CASA Deposit,4491457.676231341,0.015573493297883116,0.35407584387030056,0.3231950807597338
L_03284,Liability,Term Deposit,6657213.964570421,0.04457130423266542,2.0283268832571317,1.7626091026432047
L_03285,Liability,Term Deposit,1781063.6359415913,0.04429444403618853,1.1127422938215905,1.0062294300204169
L_03286,Liability,Term Deposit,1861098.835249747,0.03887867299406225,1.996808352641826,1.8358497395071829
L_03287,Liability,Retail CASA Deposit,4927607.108700878,0.005198329477154473,0.40296468307973277,0.34659964018968237
L_03288,Liability,Term Deposit,4791022.1226563845,0.043653970095516734,2.260249210993625,1.985768035257737
L_03289,Liability,Retail CASA Deposit,1760574.7184084996,0.013851547587938114,0.07841684994818149,0.064194994167834
L_03290,Liability,Wholesale Funding,5692393.098339124,0.05813337629230381,4.430022959829024,3.9060442482240636
L_03291,Liability,Wholesale Funding,1095337.5690077408,0.055697827893277,1.0865671784329427,0.8855080593004094
L_03292,Liability,Wholesale Funding,4648091.461527865,0.04491607712555732,4.0137988409684215,3.751991100191452
L_03293,Liability,Retail CASA Deposit,5768980.893914545,0.013947161336675411,0.08481204651578622,0.07165736735511641
L_03294,Liability,Retail CASA Deposit,3319060.276532621,0.014588879766530996,0.08464310513639473,0.0717361462407807
L_03295,Liability,Retail CASA Deposit,3909969.333588892,0.007559762324199233,0.1424841387886558,0.13722994415571818
L_03296,Liability,Retail CASA Deposit,573772.7138669712,0.008487535340277564,0.16417889256650964,0.14916175404963147
L_03297,Liability,Retail CASA Deposit,5439553.474831147,0.008635350763971159,0.01965974383423663,0.017230805739642654
L_03298,Liability,Term Deposit,6652127.987234163,0.04973753693883441,1.7759385165721553,1.5281060816651195
L_03299,Liability,Retail CASA Deposit,1147603.3463841646,0.006326678183771044,0.19756244238728365,0.1618848041419972
L_03300,Liability,Term Deposit,2333281.7066016076,0.03592234261223818,0.8065480511435961,0.7882290954969382
L_03301,Liability,Retail CASA Deposit,4917324.689911695,0.008543623248167436,0.3060235398288778,0.25944832616000435
L_03302,Liability,Retail CASA Deposit,4079571.1155830277,0.0042979286714846365,0.17537660737467747,0.14438625425697066
L_03303,Liability,Wholesale Funding,3035927.015676367,0.0498082072227361,3.5008332869717202,3.411608612090292
L_03304,Liability,Term Deposit,3314163.2093958925,0.04439379192090709,2.8115024760542817,2.3119265489852885
L_03305,Liability,Retail CASA Deposit,5420379.139756802,0.01090381658180593,0.41792566058997715,0.380684741946728
L_03306,Liability,Term Deposit,3027695.7924852,0.03216962515132831,2.20049780870976,2.1834568202453304
L_03307,Liability,Term Deposit,4348171.787049198,0.033219109749134584,1.2908051425237017,1.1383205145722206
L_03308,Liability,Term Deposit,4365604.60129414,0.04226572787666259,1.4566028876639288,1.402343933562201
L_03309,Liability,Retail CASA Deposit,3106798.999172033,0.010922889409267545,0.3792776142333955,0.3528401506586851
L_03310,Liability,Term Deposit,6828126.151815952,0.03982089643544755,0.6365538412225955,0.5208813840761085
L_03311,Liability,Retail CASA Deposit,2642141.8120876667,0.01927374331913302,0.07777004575024365,0.07694241345055064
L_03312,Liability,Retail CASA Deposit,4407117.971068267,0.016311739610315373,0.26687666029689305,0.24699144601069306
L_03313,Liability,Retail CASA Deposit,5255724.094595347,0.010194454111329621,0.37342406064805905,0.3661735824026198
L_03314,Liability,Wholesale Funding,3610700.421570481,0.059930441438493444,3.4319529247861507,2.9506697355981863
L_03315,Liability,Retail CASA Deposit,1265246.2694054367,0.014889767798985326,0.447933469578934,0.3678109692292773
L_03316,Liability,Wholesale Funding,5034249.476937887,0.04096301578346402,4.402088438419899,3.96624727536176
L_03317,Liability,Term Deposit,3741572.776059207,0.046357481271809456,2.166618664248194,1.8955040648644377
L_03318,Liability,Wholesale Funding,1128716.227652815,0.040866912398546514,2.083544220105499,1.8186952513662071
L_03319,Liability,Retail CASA Deposit,5545151.832580074,0.008734451163113333,0.326565335144828,0.3038438321122407
L_03320,Liability,Retail CASA Deposit,1248041.5307788285,0.012827336384506045,0.3134739276208775,0.29931334849119495
L_03321,Liability,Term Deposit,4976443.8954148255,0.049267867567396983,2.2099508314004734,1.863046109669697
L_03322,Liability,Term Deposit,4145968.297995417,0.034023682843333035,2.996619712335552,2.710872856365074
L_03323,Liability,Retail CASA Deposit,3624322.5695926473,0.0009522475685497622,0.11606430105155296,0.10614232268382245
L_03324,Liability,Retail CASA Deposit,1259522.5035943808,0.0009856040289548983,0.16196778303901688,0.16036243074365836
L_03325,Liability,Term Deposit,5610454.834998607,0.048066293351323716,1.557795493869326,1.3968185846232681
L_03326,Liability,Term Deposit,3389878.8336998993,0.041333121552041246,2.333195739669129,1.9932952820146044
L_03327,Liability,Retail CASA Deposit,4175944.618529103,0.0019195139339222588,0.24458998077351812,0.2150247982892232
L_03328,Liability,Term Deposit,5693815.823191559,0.03696990696492006,0.6902526395834059,0.6657702237007834
L_03329,Liability,Term Deposit,2002180.6110414094,0.03986587161125385,2.613337805056606,2.3511426116019023
L_03330,Liability,Wholesale Funding,6520397.303999905,0.04281158257326165,2.4341307334793756,2.105847667165482
L_03331,Liability,Retail CASA Deposit,151392.2441183713,0.018820396453944684,0.1977610681257096,0.19267296620481963
L_03332,Liability,Term Deposit,3894754.9957339675,0.03431002311667531,0.5148337418651412,0.4144179047863271
L_03333,Liability,Term Deposit,1009976.1747388338,0.04286648627351577,2.672617756192042,2.2607238906452287
L_03334,Liability,Retail CASA Deposit,4323767.580348609,0.014367204378287632,0.45041849014116175,0.3917331634247196
L_03335,Liability,Term Deposit,2145211.85128672,0.04497678376923703,2.9978739169466473,2.7666668721328547
L_03336,Liability,Term Deposit,4258641.093010255,0.030577296789160616,1.3540401561683368,1.1902252698370879
L_03337,Liability,Wholesale Funding,4314667.276088341,0.05769987226790052,1.3358228122836064,1.140492081306828
L_03338,Liability,Retail CASA Deposit,2051220.3179870073,0.010893761868679533,0.2886011180629787,0.25924540625352094
L_03339,Liability,Term Deposit,2184924.332759863,0.033506433567571985,2.455161303931078,2.3484210985436382
L_03340,Liability,Term Deposit,4705926.389959349,0.043340030653617294,1.7038834928181499,1.39029976833618
L_03341,Liability,Wholesale Funding,390513.70622452884,0.05153579416994473,1.59496603948599,1.511840063720858
L_03342,Liability,Retail CASA Deposit,6339219.248233729,0.012119003460154222,0.4868038244003493,0.436297290429296
L_03343,Liability,Term Deposit,2266188.7990337084,0.04832302053628803,1.7331610852627661,1.7177898269999863
L_03344,Liability,Wholesale Funding,1813036.9677644998,0.04595329011858629,1.9298761608670536,1.714236087758485
L_03345,Liability,Retail CASA Deposit,2581462.7098519336,0.015250513541879519,0.31031847606037977,0.2939062406763476
L_03346,Liability,Wholesale Funding,229885.21111747087,0.055787659213772586,1.1909351587150243,1.0797205893465802
L_03347,Liability,Term Deposit,370159.99486767827,0.04276708609770956,1.1382845029281772,1.1062262884844463
L_03348,Liability,Wholesale Funding,3449182.5910744006,0.056660992621379816,3.1818969309527905,2.8876507581867776
L_03349,Liability,Term Deposit,6231407.845262189,0.04818145052722589,2.4748318026397005,2.08789039251273
L_03350,Liability,Term Deposit,5800926.750798253,0.045893243085879235,0.7778695686677723,0.6507615403011394
L_03351,Liability,Wholesale Funding,4216348.163772157,0.049467083586656024,1.7729439659394686,1.6601511027954896
L_03352,Liability,Term Deposit,2946094.7274957714,0.04038526828975689,2.7484163223023175,2.4767998458808993
L_03353,Liability,Retail CASA Deposit,6348539.355352285,0.010566893868731084,0.0885582843391865,0.08507914109746255
L_03354,Liability,Retail CASA Deposit,3634500.351765244,0.015193899955998236,0.12034245461167042,0.10985680396539069
L_03355,Liability,Wholesale Funding,6159037.28385803,0.05450782492317889,3.5949339297815923,3.270829138225538
L_03356,Liability,Retail CASA Deposit,4464666.409261993,0.00833360760862876,0.45414431174366443,0.3918729544014985
L_03357,Liability,Retail CASA Deposit,3002132.11378006,0.009968836808699888,0.03678051448885811,0.03306063806357733
L_03358,Liability,Term Deposit,2503133.0417963895,0.047564326205484064,2.0327689898889743,2.014665551954594
L_03359,Liability,Term Deposit,301434.2729193917,0.044117241217925124,2.9230899931677725,2.534882390365281
L_03360,Liability,Retail CASA Deposit,994663.4246832319,0.0009114504322764061,0.08387220306980137,0.08223089431803488
L_03361,Liability,Term Deposit,4821096.703727995,0.04583082012666401,2.5702712731707686,2.509924194578457
L_03362,Liability,Wholesale Funding,3027385.3031747085,0.05446579896685633,4.801341866673562,3.9089339214924963
L_03363,Liability,Term Deposit,4730047.653669264,0.03745864264940184,2.764651409481318,2.5351364083147168
L_03364,Liability,Retail CASA Deposit,2291750.7298992635,0.01043745945529794,0.031121863079390466,0.029985589234241737
L_03365,Liability,Retail CASA Deposit,3634966.1976340036,0.002413769356924809,0.10200431825538353,0.09202823048269695
L_03366,Liability,Retail CASA Deposit,4046895.273695082,0.002134299437367511,0.015668730338363135,0.014258536728066349
L_03367,Liability,Term Deposit,207901.3465903573,0.046770050506472746,1.933441970003896,1.8260648585616979
L_03368,Liability,Retail CASA Deposit,4082097.367096784,0.0007446240350458355,0.3361262500371067,0.3264019609002069
L_03369,Liability,Wholesale Funding,5855793.332887319,0.05489930396921786,4.298525871956453,3.9833854924834498
L_03370,Liability,Term Deposit,5552884.553502375,0.03655453913364142,2.1562461459032614,1.8871298522316016
L_03371,Liability,Wholesale Funding,126325.95260626354,0.05909555104850431,3.795282324977128,3.572292918150191
L_03372,Liability,Wholesale Funding,4735742.16476733,0.056540197632938466,1.1374521168674443,0.9747122726657901
L_03373,Liability,Term Deposit,2154357.63200563,0.03862811407339571,1.1713852655241985,1.0258409856192297
L_03374,Liability,Term Deposit,5599334.031868746,0.03427442305644035,1.242721632968102,1.159930342381421
L_03375,Liability,Term Deposit,6204230.826764562,0.047060813242330204,0.5398642161332772,0.4881454588471215
L_03376,Liability,Term Deposit,636818.987032034,0.034546048144770476,1.581537332180114,1.3456431409141114
L_03377,Liability,Term Deposit,5594553.9151708605,0.04181999918171908,2.3594523253621404,2.1421081621366747
L_03378,Liability,Term Deposit,6696362.312304454,0.03507932796624444,1.9004813855855833,1.6078417619218146
L_03379,Liability,Term Deposit,3603246.47513014,0.04660130744391559,0.519244507386782,0.4885179389021139
L_03380,Liability,Term Deposit,481498.61649428663,0.048707645214655725,1.4051396254312285,1.3665233650408652
L_03381,Liability,Retail CASA Deposit,1088445.5699392366,0.007116607573353218,0.22454397858428854,0.2102731478515722
L_03382,Liability,Wholesale Funding,2504380.371111047,0.057952280166847704,1.248896690608968,1.00859641098839
L_03383,Liability,Wholesale Funding,4577845.623536994,0.043993193732979566,4.766756833767797,3.8522066724460453
L_03384,Liability,Term Deposit,3106815.270736439,0.04915312948777395,1.328730683137207,1.2815829953842484
L_03385,Liability,Term Deposit,1128318.7400387886,0.04454024909399448,2.335808520546312,2.0672223887861154
L_03386,Liability,Wholesale Funding,1156642.518853594,0.041264486785012676,2.069350249646657,1.9846935274946182
L_03387,Liability,Term Deposit,2173941.4134897776,0.030802955400574806,0.9095341589857884,0.7579594852935905
L_03388,Liability,Term Deposit,1708042.262316731,0.047511527333354286,1.1474554435799167,1.03618386038514
L_03389,Liability,Term Deposit,254131.57768460969,0.03958338694790883,1.4129083891950718,1.183004699078824
L_03390,Liability,Retail CASA Deposit,5992280.109476561,0.0015761339609081482,0.4697158135498983,0.408560572541121
L_03391,Liability,Wholesale Funding,580374.0728579088,0.05944442741934011,3.574565491514905,3.558997306950743
L_03392,Liability,Term Deposit,1127568.0587991404,0.04779202790248789,1.0052107874435972,0.9874553480911253
L_03393,Liability,Term Deposit,5276364.101094171,0.04323643195978214,2.3498281286760205,2.2686542346935217
L_03394,Liability,Term Deposit,3680077.399401916,0.044877762882372385,1.092390906470392,0.9773485694973661
L_03395,Liability,Retail CASA Deposit,5522295.836622863,0.018746791262494,0.34835680017651416,0.29021198420779754
L_03396,Liability,Term Deposit,1687845.8072191596,0.03198998828513231,2.758957463254104,2.5692304732019613
L_03397,Liability,Term Deposit,2448802.4281641473,0.04701461369172075,2.885345198459523,2.4782912580424474
L_03398,Liability,Retail CASA Deposit,2048237.825638463,0.01779929215001818,0.14065523523537127,0.1397303195540032
L_03399,Liability,Retail CASA Deposit,3248939.2376509826,0.001858233226594066,0.2741659992648979,0.24003220674109804
L_03400,Liability,Retail CASA Deposit,3694199.777913907,0.014069702209931333,0.330595449865969,0.273518477603355
L_03401,Liability,Wholesale Funding,4673843.911665689,0.048986721188708685,4.556299666986878,4.459605659232323
L_03402,Liability,Wholesale Funding,3022838.73100296,0.05865624029940514,2.5245732611719145,2.380755762167302
L_03403,Liability,Wholesale Funding,5488114.872780261,0.04231705554007529,3.4371897571656573,2.950126682172653
L_03404,Liability,Wholesale Funding,2204755.474195433,0.054151067118386395,1.3730194791414831,1.299976011165427
L_03405,Liability,Retail CASA Deposit,2055214.9903690605,0.00043577899524511077,0.23444649275439194,0.22456799648941625
L_03406,Liability,Retail CASA Deposit,5878556.560448289,0.013228040662375663,0.40131521080001686,0.3471276137947292
L_03407,Liability,Term Deposit,3066978.2003127052,0.046962725786063565,1.3472047156216855,1.208040374678844
L_03408,Liability,Wholesale Funding,732022.699073745,0.05954640610225953,1.564099154401343,1.4351449545902668
L_03409,Liability,Term Deposit,3605505.286064345,0.044374078990039464,1.0381719350821497,0.8481409209047179
L_03410,Liability,Term Deposit,3932861.245576422,0.040523656202097205,2.7854710603337773,2.304733682884503
L_03411,Liability,Term Deposit,636517.8712431438,0.030622171683748322,1.0094845882498042,0.9112200627479221
L_03412,Liability,Retail CASA Deposit,3235872.9087735196,0.01439522826038664,0.46647251766207204,0.3804000978441193
L_03413,Liability,Retail CASA Deposit,4640294.706137796,0.0006583717352790752,0.44735093051209185,0.43057089836383544
L_03414,Liability,Term Deposit,3763194.0849588686,0.04495289225193547,2.8945329568833946,2.8077657816780803
L_03415,Liability,Retail CASA Deposit,3820072.20421377,0.006431678807249302,0.3077028387138854,0.28125566433462534
L_03416,Liability,Retail CASA Deposit,994368.1875428989,0.01478579257492874,0.18698512963866631,0.18385077824210821
L_03417,Liability,Term Deposit,4428266.497522367,0.04808927517104658,0.7575928274377512,0.6922283567204941
L_03418,Liability,Term Deposit,5470695.544191856,0.04058348906363699,1.1412013159202647,1.132181204015443
L_03419,Liability,Retail CASA Deposit,4704837.24949772,0.006011542161080443,0.481132039017586,0.46779967020061586
L_03420,Liability,Wholesale Funding,5145111.660044173,0.04668001437653188,1.925313249227833,1.554039421179858
L_03421,Liability,Wholesale Funding,5850010.535444336,0.04705055702527702,3.530841239864771,2.8789145007053016
L_03422,Liability,Term Deposit,5003753.598695341,0.04461064042010725,2.7815063043472525,2.6862090847242768
L_03423,Liability,Term Deposit,4344823.365751721,0.04804234617284556,1.5674159854775231,1.4580004975122671
L_03424,Liability,Retail CASA Deposit,582488.6809163636,0.010874534696603296,0.14535242795219105,0.12429479641402373
L_03425,Liability,Retail CASA Deposit,3634639.400392559,0.01600820126650207,0.08491017294786729,0.0761536950584826
L_03426,Liability,Term Deposit,1021921.9638604812,0.038201793665223055,1.3114408390734185,1.2611373337792278
L_03427,Liability,Term Deposit,1541661.3789184364,0.03486912715543995,2.0404477040175193,2.0356514911800163
L_03428,Liability,Wholesale Funding,3881267.819973061,0.056028607644172904,3.795610287576572,3.583814034151036
L_03429,Liability,Term Deposit,6599034.573048414,0.04272605343638111,1.9911402657682082,1.9311148537057896
L_03430,Liability,Term Deposit,5047800.2720706295,0.037425338482301417,1.0854217154916062,0.90031418826465
L_03431,Liability,Term Deposit,3141907.1495183557,0.04222417305631085,2.992907035698642,2.8650768774643867
L_03432,Liability,Retail CASA Deposit,5725800.793101988,0.01393984663196877,0.3075424832438417,0.26414398111387166
L_03433,Liability,Term Deposit,4367854.434054771,0.048303874228491334,1.9727366895414526,1.932600440124486
L_03434,Liability,Wholesale Funding,4597430.69913245,0.05664956000063817,4.8876565205027385,4.174872111741054
L_03435,Liability,Term Deposit,1647645.2424720507,0.033760975062938174,0.5104929020764131,0.4088089017566743
L_03436,Liability,Term Deposit,2934317.8876691177,0.04523441782190376,1.2814368176946456,1.238505294804012
L_03437,Liability,Wholesale Funding,4422696.721914571,0.046105286032148717,2.846115834160207,2.403441342421516
L_03438,Liability,Retail CASA Deposit,2821940.219648522,1.7073948748065337e-05,0.4958931776439649,0.41627315392077396
L_03439,Liability,Retail CASA Deposit,4939078.842049254,0.009145216091836413,0.1762423637990309,0.14623266465354307
L_03440,Liability,Term Deposit,718143.6153618086,0.03195876730765712,1.832608219721458,1.7558250071964923
L_03441,Liability,Term Deposit,4986164.160235368,0.03762982586484455,1.5462909666317097,1.2674046769012066
L_03442,Liability,Term Deposit,3546006.387923353,0.044810367293648984,1.6702551111240134,1.614303034736665
L_03443,Liability,Term Deposit,997737.6203106415,0.031606462113790666,2.0551487732052705,1.9296294469390831
L_03444,Liability,Retail CASA Deposit,919586.5660532281,0.012280166780778748,0.4310254284880639,0.3753994390514507
L_03445,Liability,Retail CASA Deposit,3702820.857588355,0.011927596654047315,0.4616129392431163,0.4589956496976441
L_03446,Liability,Retail CASA Deposit,3915922.410156205,0.010510814622514323,0.39906252400321474,0.326518253176999
L_03447,Liability,Term Deposit,4214539.718992284,0.04522423030330948,2.3217731211883814,2.2153303589574054
L_03448,Liability,Term Deposit,1492390.3743866358,0.045522599452287975,1.5105893895986984,1.4965188486554313
L_03449,Liability,Retail CASA Deposit,3690626.8007546174,0.004507877886336596,0.15626113566215322,0.1408166188970907
L_03450,Liability,Term Deposit,75792.86075970459,0.04639764262518896,2.4505164305029776,2.4336131722888217
L_03451,Liability,Retail CASA Deposit,4096383.8350874726,0.006696557031107013,0.21331268673819725,0.19478150763758456
L_03452,Liability,Term Deposit,167101.7929920379,0.046197631714114215,2.9235002814154667,2.777999837931197
L_03453,Liability,Term Deposit,2683547.8611014364,0.03773540417205915,2.3790513771120345,2.330855045793608
L_03454,Liability,Retail CASA Deposit,2018606.6142491666,0.00638422071774545,0.27566877134953804,0.24392480911388256
L_03455,Liability,Term Deposit,5896365.509211932,0.03724919697229121,1.8079806340217321,1.5359649446018497
L_03456,Liability,Term Deposit,3554490.1996802744,0.03242097552344677,2.365287143008091,1.9970635871493776
L_03457,Liability,Retail CASA Deposit,2486483.430792813,0.01587042529280649,0.19587404380260587,0.16939792178700874
L_03458,Liability,Term Deposit,4298207.17436804,0.04437390774295078,1.0804463754590128,0.9825819888439749
L_03459,Liability,Term Deposit,5576183.406447548,0.04766351941228647,1.108738147962955,1.0114017455238515
L_03460,Liability,Term Deposit,6024973.850306827,0.04203124137643801,2.54395671962334,2.4183807597671194
L_03461,Liability,Term Deposit,3772038.776460714,0.03179715836000094,0.6551753417712778,0.6328240879493343
L_03462,Liability,Retail CASA Deposit,1173289.5038154165,2.291901256512574e-05,0.39791632947522076,0.3408077223726285
L_03463,Liability,Term Deposit,4102553.59481906,0.04011852508984341,2.442882270573684,2.2031875755938066
L_03464,Liability,Term Deposit,3436841.0478266734,0.04795548136510103,2.021227716409042,1.7792669538005264
L_03465,Liability,Retail CASA Deposit,33005.68160738321,0.0005954381481426396,0.30671313076061596,0.2762962969390544
L_03466,Liability,Wholesale Funding,3789525.0647540786,0.055723368428987424,2.078544660866704,1.774959496449508
L_03467,Liability,Term Deposit,4204367.9234912535,0.04810267749688372,0.924990741870003,0.7771113033260236
L_03468,Liability,Wholesale Funding,58867.42702582132,0.04399720594548398,2.053933508571612,1.6488951136669499
L_03469,Liability,Term Deposit,4776175.603486648,0.035133970929291304,2.4808774108873264,2.2051701444856584
L_03470,Liability,Term Deposit,3032183.561005631,0.04267946816880884,2.2433144257947895,1.8460897547168973
L_03471,Liability,Term Deposit,4963533.7236114405,0.03310187212542005,2.1395859690435133,1.8263490635540203
L_03472,Liability,Retail CASA Deposit,1933229.418323055,0.016107153403235513,0.11390514533806573,0.10566370362667238
L_03473,Liability,Term Deposit,1562117.2777214565,0.033823660781946326,2.7951914056716034,2.6805611276097148
L_03474,Liability,Wholesale Funding,5007648.750185603,0.05302102233955893,4.971435100738519,4.193366077633028
L_03475,Liability,Retail CASA Deposit,2240109.988842448,0.013633969401656692,0.0035650101105030307,0.0030435687621153556
L_03476,Liability,Wholesale Funding,2478055.894056746,0.05931377833120738,2.919825973853251,2.477280870085926
L_03477,Liability,Term Deposit,5200331.878628014,0.04001993673224391,1.052495393809088,0.9157134977062651
L_03478,Liability,Term Deposit,4288418.5910873385,0.04558726530095437,1.6899576371513676,1.4314467000119755
L_03479,Liability,Term Deposit,5958388.121159511,0.04567347186039208,2.696553992018931,2.377289639779037
L_03480,Liability,Wholesale Funding,2618458.1217931053,0.04322148356138937,3.5545015964097026,3.5406027122080004
L_03481,Liability,Term Deposit,5188367.027577578,0.04526835628441344,0.6644417585278615,0.6345051263591035
L_03482,Liability,Term Deposit,2015596.4982289933,0.03220868742617433,1.7242251054022038,1.5420045361961328
L_03483,Liability,Retail CASA Deposit,2408781.80623687,0.00460108735493794,0.0813002042018493,0.06628517260456619
L_03484,Liability,Wholesale Funding,3655383.6379437023,0.05070058425537568,2.5869678850509588,2.394649188936119
L_03485,Liability,Wholesale Funding,1237188.1570083152,0.05951578672688229,2.1822099945408704,1.9077722047062735
L_03486,Liability,Retail CASA Deposit,1023711.1116669247,0.01979846284841457,0.013169350874276009,0.011269990311215339
L_03487,Liability,Wholesale Funding,6855708.354752354,0.040663926301311236,3.399364884572457,2.7749638523004325
L_03488,Liability,Term Deposit,2801194.6900694873,0.03877695619422728,2.015443264454419,1.988870390432939
L_03489,Liability,Term Deposit,4778240.0027496535,0.03293743751666415,2.7412131816062413,2.3189208777132855
L_03490,Liability,Retail CASA Deposit,968672.9980388387,0.006423585179349281,0.25629198346711657,0.22672474805203802
L_03491,Liability,Wholesale Funding,1086007.995716477,0.04197742310107302,3.1632482831923023,2.73209520978085
L_03492,Liability,Term Deposit,6517064.410252352,0.0312981339242934,1.4780705532087075,1.2972024437911658
L_03493,Liability,Retail CASA Deposit,1589872.5434998104,0.0013484773240736336,0.3090453115824952,0.27596038887601226
L_03494,Liability,Term Deposit,2909044.6164840455,0.04971038713805731,0.547815876559326,0.47847507042434173
L_03495,Liability,Term Deposit,2247550.5869840565,0.03776927285221993,1.687541892483547,1.4656433739101375
L_03496,Liability,Retail CASA Deposit,2483888.1973376037,0.013807866771873675,0.444744995199765,0.36873121391387953
L_03497,Liability,Term Deposit,6143037.276061461,0.032973687847133934,2.2500851024121387,2.1906074763879952
L_03498,Liability,Retail CASA Deposit,3130554.1232659,0.017010132087563905,0.2630713798445732,0.2594729577200669
L_03499,Liability,Wholesale Funding,63293.06280006223,0.041087739320031444,4.687553942341829,3.999208824430498
L_03500,Liability,Term Deposit,3308279.741896104,0.039588924574740114,2.01177448471848,1.9853702180632014
L_03501,Liability,Retail CASA Deposit,1892630.756862269,0.0015347902749051246,0.4603689678465281,0.42441975156122225
L_03502,Liability,Term Deposit,3484399.8871185025,0.03345509292023934,2.235579697057843,2.1696892193745048
L_03503,Liability,Retail CASA Deposit,2764345.582837006,0.010904221576348003,0.0376288006541029,0.03514338681859044
L_03504,Liability,Wholesale Funding,5091827.319454048,0.058652340343406675,3.1644116658166044,2.8343235549838757
L_03505,Liability,Term Deposit,4107012.944583301,0.04676965381131648,1.524949314716417,1.2764362359818822
L_03506,Liability,Term Deposit,4974237.993361301,0.04767836792868557,2.759940429691443,2.4887709223553895
L_03507,Liability,Term Deposit,2719141.920889764,0.048125315851460994,1.6704444072005007,1.6472933817979087
L_03508,Liability,Wholesale Funding,959958.188005318,0.058967274620429604,4.400336085322545,3.838192881626832
L_03509,Liability,Term Deposit,5365186.235600678,0.04986967043412499,1.9051953439141218,1.6978008714225428
L_03510,Liability,Term Deposit,5457975.661085812,0.04713967611422752,1.7352510393960987,1.577743895929527
L_03511,Liability,Term Deposit,749934.4547991428,0.044678729094665685,1.4835339408760604,1.4601790848999192
L_03512,Liability,Retail CASA Deposit,2450986.5801847405,0.013814457884579377,0.0769804970522131,0.07636755416296012
L_03513,Liability,Term Deposit,4251244.825153367,0.03176911481371073,1.8837248262510848,1.7818167547389063
L_03514,Liability,Term Deposit,4556513.641721035,0.04567921574122036,2.747027732568554,2.626661356945693
L_03515,Liability,Wholesale Funding,6814790.698178385,0.04217763232062331,3.3251309278442385,2.9654381535238663
L_03516,Liability,Term Deposit,199227.32193143904,0.031343155647656426,0.6422185958903727,0.6076718283641505
L_03517,Liability,Term Deposit,2544921.0450099558,0.044644805004117785,0.76404261315434,0.6602886535089961
L_03518,Liability,Retail CASA Deposit,4493551.824272587,0.0072482128362660325,0.2795054462984209,0.2594642054032089
L_03519,Liability,Retail CASA Deposit,5473370.486879732,0.0031767539076403128,0.11465947515382696,0.10967039852962382
L_03520,Liability,Term Deposit,1264318.5943526134,0.046767981769733846,0.790614381724845,0.7552894911499535
L_03521,Liability,Retail CASA Deposit,4533966.768810204,0.010140953180953562,0.0620800932739054,0.04989663027475599
L_03522,Liability,Retail CASA Deposit,523178.337346697,0.008433632937057886,0.23757359007844125,0.21117370129385438
L_03523,Liability,Retail CASA Deposit,2494857.213019104,0.007378287467072402,0.37824192454995825,0.3566951427878065
L_03524,Liability,Retail CASA Deposit,2918539.8634066796,0.01901363873614165,0.28194605641463305,0.23169539985801846
L_03525,Liability,Retail CASA Deposit,4188545.7925968044,0.0197944626510943,0.4745485444642132,0.4255907233476677
L_03526,Liability,Term Deposit,4442980.3923081225,0.042681761152282366,1.8890868930124245,1.8414816862667445
L_03527,Liability,Term Deposit,3424829.2549322625,0.04279203497026232,1.654661147500424,1.474536814700748
L_03528,Liability,Term Deposit,120714.37182454436,0.03977027279991506,0.935160343518271,0.9019908530870242
L_03529,Liability,Retail CASA Deposit,3601980.756434614,0.0020960797907917804,0.1724810423796161,0.17104249815788145
L_03530,Liability,Wholesale Funding,548270.7696451099,0.04695159808715001,3.8791490498731385,3.875153376664556
L_03531,Liability,Retail CASA Deposit,1650024.148128104,0.016702523266864083,0.2839452741527026,0.2380891840898504
L_03532,Liability,Term Deposit,430799.0015494718,0.03162149832294597,2.7973368577762434,2.7493521113376005
L_03533,Liability,Term Deposit,3089404.716518152,0.04980768355396438,2.9332676987509414,2.7280434580639246
L_03534,Liability,Retail CASA Deposit,3488720.1204755954,0.010288928562706195,0.2645815504778312,0.24180064710628396
L_03535,Liability,Retail CASA Deposit,4898567.659958724,0.0023093955035577585,0.356197150976494,0.32558125373591895
L_03536,Liability,Term Deposit,4700715.607469219,0.042530066145321926,0.7134942303377028,0.6108583636728762
L_03537,Liability,Term Deposit,5325503.544172155,0.03237806035355987,2.264114840907533,2.0789939227716787
L_03538,Liability,Wholesale Funding,1086455.511474784,0.05405096161107554,4.41162835090166,4.2122256725062295
L_03539,Liability,Retail CASA Deposit,1987952.7376643112,0.007196640641851174,0.45300972788824406,0.36811709930869957
L_03540,Liability,Term Deposit,866774.7451835042,0.042834928850021145,2.4914906035197704,2.429067056497482
L_03541,Liability,Term Deposit,779429.68879879,0.04549120499829175,1.4526766910860558,1.2833937989563458
L_03542,Liability,Wholesale Funding,5067105.174814608,0.05759971383121673,1.061999666761284,0.8710106629966976
L_03543,Liability,Retail CASA Deposit,5058524.3532396965,0.01072699255799112,0.4324842797152401,0.37098931688317965
L_03544,Liability,Retail CASA Deposit,2366101.763876784,0.004858193436432996,0.16333905190475612,0.15056159631835336
L_03545,Liability,Wholesale Funding,2119915.3623646935,0.056771553327428496,1.7467771898456483,1.656567792317691
L_03546,Liability,Wholesale Funding,1146617.1967866432,0.05082858788609993,1.5770052564663661,1.45539722585805
L_03547,Liability,Term Deposit,4126732.3009922495,0.03959227508328167,0.9509494221876784,0.8859220858644601
L_03548,Liability,Term Deposit,4680068.240775104,0.03667199161684555,1.627978201384599,1.4012350408053054
L_03549,Liability,Term Deposit,167355.07699614853,0.04690211281960524,2.1713128461152844,1.891051550041204
L_03550,Liability,Retail CASA Deposit,6793068.916825004,0.00253242243381546,0.13184912772553348,0.11522961131054121
L_03551,Liability,Term Deposit,2029395.2833649265,0.03831119988874285,1.9367580097987196,1.5950224789004988
L_03552,Liability,Retail CASA Deposit,4992370.1039740555,0.0023955675976712197,0.30600194866572283,0.2547969540592503
L_03553,Liability,Term Deposit,5601150.600736044,0.041906215036869005,1.3736862398954233,1.1458311418753668
L_03554,Liability,Retail CASA Deposit,147970.49447847455,0.008020196395459336,0.3841379738997613,0.37001134398205104
L_03555,Liability,Term Deposit,5706542.383522271,0.03370217460855691,1.2141466739572069,1.2073245495640923
L_03556,Liability,Term Deposit,5742968.197957123,0.03708923240591773,0.5328334342748343,0.5054262610752648
L_03557,Liability,Retail CASA Deposit,3909286.45851341,0.0003523301428221459,0.2145363837275016,0.18175417637464475
L_03558,Liability,Retail CASA Deposit,777685.3894700931,0.004847957525037781,0.3157684548713302,0.2701474599844574
L_03559,Liability,Wholesale Funding,3220256.9400790157,0.054477420766294346,2.5685125878770894,2.522080967781758
L_03560,Liability,Retail CASA Deposit,3090420.4432595065,0.006371261962519792,0.30539067803897363,0.2914897660275301
L_03561,Liability,Wholesale Funding,6495033.060224,0.044526765568749724,2.0639301575197675,2.046382842518677
L_03562,Liability,Term Deposit,1440732.407679969,0.035688406478075835,2.2674924090760458,1.9351900247252658
L_03563,Liability,Wholesale Funding,1125712.0178403172,0.04538372880343375,1.2575717858649456,1.1587129140410517
L_03564,Liability,Retail CASA Deposit,3251000.779370061,0.016974739851863478,0.3136685552126599,0.2653554166820751
L_03565,Liability,Wholesale Funding,1623676.399208835,0.0486134714296491,3.707066164958562,3.0506791226423258
L_03566,Liability,Term Deposit,1505807.225117073,0.037166458571787665,0.9415585650614786,0.8762690571340632
L_03567,Liability,Retail CASA Deposit,1271349.1110662327,0.009432861942034472,0.004976812856682167,0.004408108041411263
L_03568,Liability,Retail CASA Deposit,377484.37053103134,0.015764102221432624,0.21462793729791846,0.20240625552489694
L_03569,Liability,Wholesale Funding,74489.67446124184,0.04682824505254897,4.865677267218394,4.856333022164289
L_03570,Liability,Retail CASA Deposit,3250600.04952241,0.0071152142998860525,0.17696383828765183,0.1713817652532141
L_03571,Liability,Term Deposit,6830029.8814357845,0.03926513208789005,2.0337867067937814,1.6636675704532156
L_03572,Liability,Wholesale Funding,3800591.5664440338,0.04813484774382623,3.801909878760567,3.458001055344249
L_03573,Liability,Wholesale Funding,1152802.9982968622,0.043041194555560644,2.1694903373210184,2.079333219532114
L_03574,Liability,Retail CASA Deposit,569854.1584480599,0.010283763618420226,0.14924705639368435,0.13152470872903738
L_03575,Liability,Retail CASA Deposit,6591729.817791476,0.005587126464815197,0.47643476017904185,0.450852654358296
L_03576,Liability,Term Deposit,1641349.126365753,0.03982306348620901,1.1554288793540386,1.0212227973828527
L_03577,Liability,Retail CASA Deposit,5560559.568219848,0.013096961247782557,0.24073145881869246,0.2016979842171805
L_03578,Liability,Term Deposit,2194813.3261339255,0.04561651666821857,1.8160340259871957,1.7321017313011111
L_03579,Liability,Retail CASA Deposit,4782028.7232719185,0.01251338659849813,0.4706449751971385,0.39048567592539596
L_03580,Liability,Term Deposit,729863.2240077984,0.04033320991603881,2.680276021982568,2.350677513710982
L_03581,Liability,Retail CASA Deposit,2626640.456174054,0.0004196599257260636,0.4516033339578947,0.40415320526856297
L_03582,Liability,Wholesale Funding,2723289.591733979,0.051571201103982396,2.7127027498486016,2.4213244754393624
L_03583,Liability,Retail CASA Deposit,136181.49833067862,0.018416131740156244,0.3049058289893508,0.25041087202255696
L_03584,Liability,Retail CASA Deposit,2554075.9134069597,0.0053852063294195516,0.40437111451055985,0.39483235611187856
L_03585,Liability,Retail CASA Deposit,6478045.7326986585,0.01317555356975409,0.28037353893688244,0.24491691368221194
L_03586,Liability,Term Deposit,1153812.3886358503,0.037910338862151144,0.6222795631962176,0.604071129756695
L_03587,Liability,Term Deposit,3564252.328162011,0.032597856525975105,1.9303443679133836,1.8688364574044822
L_03588,Liability,Term Deposit,4522092.877288962,0.04928918536559025,1.665477590822346,1.6251836828132051
L_03589,Liability,Term Deposit,2564880.665543742,0.041508818530613306,2.045055696703781,1.7972939219833486
L_03590,Liability,Retail CASA Deposit,2806961.622383167,0.008562696894221889,0.2869557030166989,0.24469140292517808
L_03591,Liability,Term Deposit,3662649.6016043206,0.03736633011252251,0.669187908064,0.6537850035010752
L_03592,Liability,Term Deposit,2231051.664578294,0.0315320581671642,2.845457880111273,2.8233968766543094
L_03593,Liability,Retail CASA Deposit,71130.99705268955,0.007179408593740173,0.2169040182591634,0.19690932889306845
L_03594,Liability,Term Deposit,5800642.615517743,0.038596914874127,1.5030749990292296,1.247004447597609
L_03595,Liability,Retail CASA Deposit,4417206.07623346,0.014676602388429119,0.03221881277634614,0.029248819111485927
L_03596,Liability,Retail CASA Deposit,3718033.9194773464,0.008774744150208241,0.09149885830104942,0.08783085785663754
L_03597,Liability,Term Deposit,1030970.3214864326,0.033735368325400174,2.3095717045573627,2.18880414209581
L_03598,Liability,Term Deposit,3128255.095548199,0.044172070486813375,2.6285875946436867,2.1201718582360676
L_03599,Liability,Retail CASA Deposit,5996521.414249697,0.010905068925239408,0.00916308427259932,0.008664293006559824
L_03600,Liability,Term Deposit,5237558.060972373,0.043840613903062264,2.314229622286865,2.2316300742382067
L_03601,Liability,Term Deposit,2775387.7974197757,0.044334495653629014,1.679772774786469,1.638217222032276
L_03602,Liability,Retail CASA Deposit,2360515.280908566,0.011570235848188908,0.4653696981812063,0.3889524399101802
L_03603,Liability,Term Deposit,6820478.046174625,0.04491482273102806,2.5586339111760004,2.1533701738832773
L_03604,Liability,Wholesale Funding,3623606.669642257,0.04659655658849759,4.557160088287823,3.7022833867315468
L_03605,Liability,Term Deposit,1863842.8988609929,0.04914213105712065,2.2880732244407453,2.1466584703587093
L_03606,Liability,Wholesale Funding,3123320.3176517584,0.05686086873343407,4.086562948781207,3.850257959199864
L_03607,Liability,Term Deposit,4311676.584866893,0.03506168806442854,2.251267489197201,2.1655298853630014
L_03608,Liability,Wholesale Funding,3207305.241011036,0.054740518115807074,3.8042687324395095,3.547288513585751
L_03609,Liability,Term Deposit,6070275.708037086,0.031222059129732072,1.622316773172236,1.571881013379267
L_03610,Liability,Term Deposit,5847586.548991858,0.030615058810194325,0.8463686061117357,0.8352599403553548
L_03611,Liability,Retail CASA Deposit,5575277.954665132,0.01417410401098006,0.4116049710903179,0.3400896125926808
L_03612,Liability,Term Deposit,6121419.158046318,0.03827033708757198,1.563829112002208,1.3895742330042429
L_03613,Liability,Retail CASA Deposit,6141625.821585378,0.019958186435805724,0.4345914319902552,0.3985362614802745
L_03614,Liability,Term Deposit,1402052.7412110772,0.042994656975147816,2.168822045560424,2.125969911237325
L_03615,Liability,Wholesale Funding,6460924.928821378,0.05737387789797704,4.47533389080643,3.6373037453581345
L_03616,Liability,Wholesale Funding,4185253.9309110045,0.04113029248776125,2.521777807063845,2.3592107827789244
L_03617,Liability,Retail CASA Deposit,3224747.752246497,0.01823549094048286,0.34086421852756715,0.32896375665835437
L_03618,Liability,Term Deposit,2674764.1957466067,0.037448535023519365,1.0994493471101188,0.9039774532894981
L_03619,Liability,Wholesale Funding,3954509.414199958,0.047056120185318115,1.5112233711808516,1.37431836470274
L_03620,Liability,Term Deposit,252704.38276250384,0.035507513629498895,2.8771025855727785,2.3109950590243398
L_03621,Liability,Retail CASA Deposit,3997669.3749941424,0.0008344958570700656,0.06889276033754843,0.06034491130371101
L_03622,Liability,Term Deposit,777546.9088342681,0.03835521343249085,1.2833195803782889,1.0675833174583902
L_03623,Liability,Term Deposit,594484.7988936402,0.040396707343102696,0.6162962408626717,0.5235925871756575
L_03624,Liability,Retail CASA Deposit,2923168.002518982,0.0144838489330831,0.45757036975869736,0.4406966310002415
L_03625,Liability,Wholesale Funding,6695796.934362047,0.052168158438789594,4.0529862940566925,3.538602252117076
L_03626,Liability,Retail CASA Deposit,4729657.23055581,0.00934717369237838,0.4974749930609709,0.4699824721728442
L_03627,Liability,Term Deposit,2978314.3517080285,0.04009249365863395,1.5257640338997878,1.3325704681334398
L_03628,Liability,Term Deposit,6019563.350066395,0.034553974268516516,2.7072132666129605,2.650854034501105
L_03629,Liability,Retail CASA Deposit,2135214.8333788835,0.0060939268017257886,0.36337802869911795,0.29455178857084124
L_03630,Liability,Retail CASA Deposit,4968960.062600744,0.01259118111990293,0.16347921013508826,0.1523665291766606
L_03631,Liability,Term Deposit,6176723.965019282,0.03332864153324914,1.5814112481710785,1.3659995412798625
L_03632,Liability,Term Deposit,4916884.98201533,0.036315707668797576,0.5328053139040838,0.5093451053584207
L_03633,Liability,Term Deposit,5039600.352772398,0.04566471437755924,2.5295269235979867,2.3687416760001434
L_03634,Liability,Term Deposit,6771223.966836147,0.03405538418737678,1.9226829889751844,1.6507436502727924
L_03635,Liability,Term Deposit,6366547.1993640885,0.031646929914915724,0.9468003230147438,0.9243670346185344
L_03636,Liability,Wholesale Funding,1908819.895198056,0.053203759949957165,2.5091428974849594,2.1728826316807597
L_03637,Liability,Wholesale Funding,748250.1834674329,0.04416972413485579,1.1519288838407808,0.9874536620782525
L_03638,Liability,Retail CASA Deposit,460252.10120740585,0.0032855313180451475,0.3778038567508991,0.3712997517162218
L_03639,Liability,Retail CASA Deposit,4619279.3288761275,0.004806455369837337,0.11270105738440012,0.1031149128778644
L_03640,Liability,Term Deposit,5293915.784782182,0.04341375529327322,2.394533264235665,2.1307182273919225
L_03641,Liability,Wholesale Funding,4289072.929847341,0.05638739635868717,4.960793961849429,4.012597538287899
L_03642,Liability,Retail CASA Deposit,3940471.74795425,0.01100672995523883,0.3607347689357436,0.3453047304086456
L_03643,Liability,Retail CASA Deposit,1273071.4810672582,0.011466274891430442,0.02695834189488505,0.025279373777312836
L_03644,Liability,Retail CASA Deposit,4227233.601369339,0.001985866925936073,0.02607861542666462,0.024523050907242896
L_03645,Liability,Retail CASA Deposit,4624286.1325586345,0.017052448749522338,0.41586056013995903,0.34700799480813216
L_03646,Liability,Term Deposit,5054635.105202335,0.04569351961457756,2.434951490667276,2.0590764707281375
L_03647,Liability,Retail CASA Deposit,4065168.9320820714,0.006382790310683866,0.37054289886910985,0.3041938695653572
L_03648,Liability,Term Deposit,2069143.506721359,0.03295447056794263,0.9159068107793046,0.7904110084952733
L_03649,Liability,Term Deposit,2472759.014478235,0.03193816869355622,0.551654628983579,0.47337519539723905
L_03650,Liability,Term Deposit,685934.2264998754,0.032397717416480086,1.9016421337517047,1.6017970315284125
L_03651,Liability,Retail CASA Deposit,470827.86403392645,0.00926807094772069,0.3356649086932951,0.32432302242624683
L_03652,Liability,Retail CASA Deposit,1003699.8906511404,0.015317319738776163,0.1532288656752253,0.13195330806864816
L_03653,Liability,Term Deposit,2082246.1714348923,0.048788672457923746,0.7005607295025749,0.6373055588912597
L_03654,Liability,Term Deposit,4535064.657884637,0.0317935651331876,1.7856356976549377,1.6580461506269444
L_03655,Liability,Retail CASA Deposit,2857649.566788012,0.01564458000944247,0.3145565717402152,0.2947423497837875
L_03656,Liability,Term Deposit,1033327.8289040925,0.030858245453203884,1.3653213501789696,1.288720512786028
L_03657,Liability,Wholesale Funding,1824466.0828731281,0.04951140153507307,1.3507868366492373,1.312072805875692
L_03658,Liability,Term Deposit,330215.9911946913,0.046572998199252015,2.935680601319865,2.425808116905634
L_03659,Liability,Wholesale Funding,3107261.3048214507,0.04922106661054376,2.487591962299765,2.405288468214403
L_03660,Liability,Term Deposit,415961.0179150032,0.032955682669566354,2.8940109277904273,2.7467451021788283
L_03661,Liability,Term Deposit,1297932.8571792743,0.047406551874093844,0.9268301902826241,0.8192613373876559
L_03662,Liability,Term Deposit,3474288.121164067,0.03958484750078661,2.318383792689899,1.9879584217265405
L_03663,Liability,Retail CASA Deposit,5915096.439270352,0.0042689866448921854,0.23401734646136352,0.23095665175035715
L_03664,Liability,Term Deposit,391331.27612994803,0.043898533928802046,2.9973574049512943,2.4939611794411682
L_03665,Liability,Retail CASA Deposit,4769435.51838927,0.004780718862996123,0.389880527639561,0.33194185258068504
L_03666,Liability,Retail CASA Deposit,4120212.5677162237,0.00208486397769555,0.08590808915063847,0.08039045465777583
L_03667,Liability,Term Deposit,3452688.4098096234,0.03864085427052953,1.4095817756709634,1.2371639413675186
L_03668,Liability,Wholesale Funding,5289520.193284016,0.0476837830410796,1.8323488594004411,1.6652431478361558
L_03669,Liability,Term Deposit,3227550.373341203,0.045352120389164634,2.5253165875298977,2.275390004270676
L_03670,Liability,Wholesale Funding,5172636.040772311,0.05912801558866833,4.114327394882573,3.5107283631155757
L_03671,Liability,Retail CASA Deposit,6120495.603587943,0.018530910828712548,0.3861131866928397,0.3137656268301327
L_03672,Liability,Term Deposit,1002980.7580920795,0.03311493863706889,1.7597429957314565,1.452871448403139
L_03673,Liability,Retail CASA Deposit,4341740.607800547,0.002103765697579434,0.17951130834504303,0.15519965304878516
L_03674,Liability,Retail CASA Deposit,6483121.213664778,0.006679070465787798,0.16000244288067406,0.15487782074790307
L_03675,Liability,Term Deposit,4891309.492398961,0.04892392567897131,2.0900045099724016,1.7585301422827917
L_03676,Liability,Wholesale Funding,5721750.132930486,0.053247432487924976,3.3558903555053687,3.1201899846744405
L_03677,Liability,Retail CASA Deposit,1507552.7482030676,0.010687288577187586,0.4807354422623746,0.4209659511690353
L_03678,Liability,Term Deposit,3614875.609883217,0.04472475193430236,0.532906928579744,0.5043663050597801
L_03679,Liability,Retail CASA Deposit,6586013.143724134,0.009154987347643986,0.11195406577055717,0.09213228408709624
L_03680,Liability,Term Deposit,2589976.6685359525,0.046539537544418946,1.3829336555242637,1.108991567320488
L_03681,Liability,Term Deposit,3937534.921508162,0.04178886441208498,2.965246283700498,2.405039581305755
L_03682,Liability,Retail CASA Deposit,6080623.383803537,0.006917801511640465,0.42060707275552656,0.3884754250122721
L_03683,Liability,Term Deposit,6658231.977911438,0.04967678017081549,2.874902252192229,2.7981129119247146
L_03684,Liability,Wholesale Funding,1502480.6394623858,0.054177142264085494,4.324027155959098,4.291844726680004
L_03685,Liability,Term Deposit,594162.204429823,0.04373161856042576,1.9934972279678824,1.6826396543745574
L_03686,Liability,Retail CASA Deposit,4123547.46869172,0.007498954344773279,0.18705286865825277,0.15462114245407374
L_03687,Liability,Wholesale Funding,5168544.182176063,0.055312265680443305,1.004973755464408,0.9526739147805529
L_03688,Liability,Retail CASA Deposit,2549777.5026256056,0.009055013037160718,0.30337384516276533,0.2899032041941115
L_03689,Liability,Term Deposit,1066472.420539812,0.03484079985552093,2.9410390606845715,2.7749834723186613
L_03690,Liability,Retail CASA Deposit,2270693.9750106446,0.0038446400905412783,0.22101380421521188,0.19670049891542782
L_03691,Liability,Retail CASA Deposit,3851991.174812949,0.0012486856805602154,0.331856626260097,0.3233034943539037
L_03692,Liability,Retail CASA Deposit,1558058.8363539877,0.009375021208688281,0.3306749200415315,0.29756745599822215
L_03693,Liability,Retail CASA Deposit,5548350.432134264,0.0027076408661891207,0.308527123052105,0.2698994881880271
L_03694,Liability,Wholesale Funding,3916265.776542567,0.047455540915785736,1.434595116531722,1.2173097329922178
L_03695,Liability,Term Deposit,5807038.971588385,0.038666840607366464,1.5906678370110496,1.5605567819169497
L_03696,Liability,Term Deposit,3901387.724200066,0.042154454956742526,1.1547747296884734,1.056829154618116
L_03697,Liability,Retail CASA Deposit,6820020.216640692,0.01499172580153631,0.44094548247404336,0.4001444079268485
L_03698,Liability,Term Deposit,1279846.1021423703,0.045479215996464206,1.2643436850365593,1.126213872929825
L_03699,Liability,Wholesale Funding,1025551.2656893341,0.052939313680426175,3.033388384054546,2.7402711279798337
L_03700,Liability,Wholesale Funding,6812235.325679924,0.042599098081538424,1.463338633365479,1.2088125687387103
L_03701,Liability,Term Deposit,2570897.301268182,0.038109429457739576,2.333286653164765,2.1595065997959324
L_03702,Liability,Term Deposit,3777801.4311104296,0.03176468650571269,1.8487589761250152,1.6308944677864312
L_03703,Liability,Term Deposit,3184901.86518796,0.04813061264238979,2.751955000471064,2.6539399294739154
L_03704,Liability,Retail CASA Deposit,4940314.116363278,0.004651871979515181,0.1976442305348049,0.1716699302544368
L_03705,Liability,Retail CASA Deposit,2289703.699143243,0.0191096178956166,0.2303711086305858,0.198737035745264
L_03706,Liability,Wholesale Funding,1582094.1607945843,0.0503799091286433,1.7638755910369976,1.6483457506293107
L_03707,Liability,Retail CASA Deposit,1528518.3225222414,0.00662008671966363,0.2278418332506582,0.21474644522688346
L_03708,Liability,Term Deposit,1111135.869344424,0.035858113509667194,2.7361634482877264,2.5890296018810863
L_03709,Liability,Term Deposit,6630686.738412106,0.042316710309288644,1.7462686663102533,1.513971728726888
L_03710,Liability,Term Deposit,3194545.696625872,0.047109350582322115,1.5941309118110556,1.2912998702950587
L_03711,Liability,Wholesale Funding,5866914.714283854,0.04980405708411256,3.0254650142471564,2.6392991181753693
L_03712,Liability,Wholesale Funding,772937.1538852748,0.05363363180224834,3.360860942514428,3.316719400418645
L_03713,Liability,Term Deposit,4435303.55586421,0.03747467033662935,0.7920307920303067,0.6556180048470593
L_03714,Liability,Wholesale Funding,5162540.3954983,0.053045130355470885,4.0301471471889165,3.632809730528345
L_03715,Liability,Retail CASA Deposit,2275384.86525359,0.014498262857046864,0.06845789623844528,0.05696010197542173
L_03716,Liability,Term Deposit,4768128.564796057,0.03270457308236104,1.6482611974782222,1.422383755312742
L_03717,Liability,Retail CASA Deposit,4824023.696353589,0.016581372924321817,0.05687150970686217,0.05415313446364995
L_03718,Liability,Retail CASA Deposit,4953138.294731714,0.014962416002218527,0.3342565907339109,0.28003539555444135
L_03719,Liability,Retail CASA Deposit,1634523.8674308397,0.015873299620716024,0.18293585157448783,0.17334723003956878
L_03720,Liability,Wholesale Funding,411705.88707550126,0.05398277659401598,1.0462251240567424,0.8954196182323435
L_03721,Liability,Retail CASA Deposit,3768080.4266148205,0.012853888330960994,0.051206561563399255,0.04429518579524289
L_03722,Liability,Term Deposit,5742725.119665167,0.04861746185829041,0.9277783333435742,0.8406948584828821
L_03723,Liability,Wholesale Funding,1436829.6570405492,0.048077742346472094,3.4182506584169503,3.2638976296695716
L_03724,Liability,Term Deposit,3408590.0400531,0.0375423412834336,2.7824635160775215,2.3483881917397067
L_03725,Liability,Term Deposit,4299041.875993545,0.03973220087378765,1.5977365539296886,1.5848119562387486
L_03726,Liability,Term Deposit,769034.8130990029,0.04951153268871118,1.0303251771765274,0.9739592918262148
L_03727,Liability,Wholesale Funding,2097770.0914426264,0.05428005417047023,3.9674674403463692,3.4078085367224684
L_03728,Liability,Term Deposit,4322326.5704144435,0.04654357413316026,1.7028295270686626,1.6459104209659303
L_03729,Liability,Wholesale Funding,5532452.7998804385,0.047628765962980144,2.9523339087885785,2.852767205705377
L_03730,Liability,Term Deposit,1702503.654333199,0.03283699643838484,1.7683588308055407,1.6592968881136172
L_03731,Liability,Retail CASA Deposit,1800735.0546067024,0.015537619915166152,0.4782543731173725,0.45788738481890523
L_03732,Liability,Term Deposit,5778242.662766711,0.04197547408267233,2.397906202908453,2.3792621953201443
L_03733,Liability,Retail CASA Deposit,6494705.466911763,0.010567979668029732,0.20071908099943248,0.16550248948383187
L_03734,Liability,Term Deposit,4210887.829894492,0.04950384822143053,2.99425385452131,2.9741308468557563
L_03735,Liability,Retail CASA Deposit,6823945.600798755,0.01703672517523801,0.22773907579755542,0.19204416260223164
L_03736,Liability,Term Deposit,6650311.814138658,0.043674697556428534,2.867578492308569,2.7516218322886323
L_03737,Liability,Retail CASA Deposit,4970286.6624754025,0.0018310347150249217,0.30902540416768615,0.2542141248834667
L_03738,Liability,Retail CASA Deposit,4988839.105490416,0.00935464542228941,0.07085760412378622,0.06174505839508507
L_03739,Liability,Term Deposit,4865904.111825859,0.04031039831828753,2.21180634305333,1.9748488381931273
L_03740,Liability,Retail CASA Deposit,5934569.280062059,0.005187316423349897,0.1654259024363225,0.15693344921562274
L_03741,Liability,Retail CASA Deposit,5832047.990936193,0.014038896491491764,0.16394435931857237,0.13263456088184727
L_03742,Liability,Retail CASA Deposit,2368445.2076483453,0.019341108064566202,0.4083393696379617,0.36431068971091796
L_03743,Liability,Wholesale Funding,4819276.7080089925,0.05622217028685649,4.869543950654773,3.9710917300082413
L_03744,Liability,Term Deposit,3690372.6701302906,0.03502625917450887,0.5410901448308179,0.5326226516706878
L_03745,Liability,Wholesale Funding,5501010.907283916,0.05613090449248409,4.927118413111957,3.951750178302361
L_03746,Liability,Retail CASA Deposit,219158.088386523,0.004376816339015522,0.04705398436877972,0.042382074688537094
L_03747,Liability,Wholesale Funding,5934959.8560234355,0.058563518781324694,3.464807434229186,3.1183698807328883
L_03748,Liability,Wholesale Funding,3130479.26418955,0.058328258362008556,2.108900029687529,1.8507432822732235
L_03749,Liability,Term Deposit,2269649.0451065865,0.04990062450012071,2.1570940007268247,1.7366822252201488
L_03750,Liability,Wholesale Funding,35598.15019098621,0.04337213612579029,2.4569115245848443,2.3376735694646755
