loan_id,rating_date,internal_rating,PD
L000001,2026-07-30,3,1.12
L000002,2026-07-30,7,7.23
L000003,2026-07-30,3,1.12
L000004,2026-07-30,5,3.45
L000005,2026-07-30,7,7.23
L000006,2026-07-30,5,3.45
L000007,2026-07-30,2,0.46
L000008,2026-07-30,10,15.85
L000009,2026-07-30,7,7.23
L000010,2026-07-30,5,3.45
L000011,2026-07-30,3,1.12
L000012,2026-07-30,10,15.85
L000013,2026-07-30,2,0.46
L000014,2026-07-30,1,0.1
L000015,2026-07-30,1,0.1
L000016,2026-07-30,4,2.11
L000017,2026-07-30,8,9.7
L000018,2026-07-30,3,1.12
L000019,2026-07-30,5,3.45
L000020,2026-07-30,4,2.11
L000021,2026-07-30,10,15.85
L000022,2026-07-30,6,5.15
L000023,2026-07-30,3,1.12
L000024,2026-07-30,2,0.46
L000025,2026-07-30,3,1.12
L000026,2026-07-30,10,15.85
L000027,2026-07-30,3,1.12
L000028,2026-07-30,1,0.1
L000029,2026-07-30,5,3.45
L000030,2026-07-30,3,1.12
L000031,2026-07-30,2,0.46
L000032,2026-07-30,3,1.12
L000033,2026-07-30,3,1.12
L000034,2026-07-30,6,5.15
L000035,2026-07-30,10,15.85
L000036,2026-07-30,10,15.85
L000037,2026-07-30,1,0.1
L000038,2026-07-30,3,1.12
L000039,2026-07-30,5,3.45
L000040,2026-07-30,7,7.23
L000041,2026-07-30,8,9.7
L000042,2026-07-30,3,1.12
L000043,2026-07-30,1,0.1
L000044,2026-07-30,3,1.12
L000045,2026-07-30,5,3.45
L000046,2026-07-30,1,0.1
L000047,2026-07-30,3,1.12
L000048,2026-07-30,6,5.15
L000049,2026-07-30,2,0.46
L000050,2026-07-30,2,0.46
L000051,2026-07-30,7,7.23
L000052,2026-07-30,2,0.46
L000053,2026-07-30,6,5.15
L000054,2026-07-30,1,0.1
L000055,2026-07-30,9,12.57
L000056,2026-07-30,7,7.23
L000057,2026-07-30,1,0.1
L000058,2026-07-30,3,1.12
L000059,2026-07-30,3,1.12
L000060,2026-07-30,10,15.85
L000061,2026-07-30,1,0.1
L000062,2026-07-30,3,1.12
L000063,2026-07-30,1,0.1
L000064,2026-07-30,2,0.46
L000065,2026-07-30,3,1.12
L000066,2026-07-30,1,0.1
L000067,2026-07-30,3,1.12
L000068,2026-07-30,3,1.12
L000069,2026-07-30,3,1.12
L000070,2026-07-30,2,0.46
L000071,2026-07-30,1,0.1
L000072,2026-07-30,3,1.12
L000073,2026-07-30,10,15.85
L000074,2026-07-30,2,0.46
L000075,2026-07-30,7,7.23
L000076,2026-07-30,2,0.46
L000077,2026-07-30,4,2.11
L000078,2026-07-30,3,1.12
L000079,2026-07-30,2,0.46
L000080,2026-07-30,7,7.23
L000081,2026-07-30,1,0.1
L000082,2026-07-30,1,0.1
L000083,2026-07-30,10,15.85
L000084,2026-07-30,9,12.57
L000085,2026-07-30,8,9.7
L000086,2026-07-30,6,5.15
L000087,2026-07-30,2,0.46
L000088,2026-07-30,6,5.15
L000089,2026-07-30,2,0.46
L000090,2026-07-30,10,15.85
L000091,2026-07-30,9,12.57
L000092,2026-07-30,3,1.12
L000093,2026-07-30,7,7.23
L000094,2026-07-30,3,1.12
L000095,2026-07-30,2,0.46
L000096,2026-07-30,2,0.46
L000097,2026-07-30,3,1.12
L000098,2026-07-30,2,0.46
L000099,2026-07-30,2,0.46
L000100,2026-07-30,5,3.45
L000101,2026-07-30,2,0.46
L000102,2026-07-30,8,9.7
L000103,2026-07-30,10,15.85
L000104,2026-07-30,2,0.46
L000105,2026-07-30,1,0.1
L000106,2026-07-30,1,0.1
L000107,2026-07-30,2,0.46
L000108,2026-07-30,2,0.46
L000109,2026-07-30,3,1.12
L000110,2026-07-30,10,15.85
L000111,2026-07-30,4,2.11
L000112,2026-07-30,6,5.15
L000113,2026-07-30,8,9.7
L000114,2026-07-30,5,3.45
L000115,2026-07-30,4,2.11
L000116,2026-07-30,4,2.11
L000117,2026-07-30,9,12.57
L000118,2026-07-30,6,5.15
L000119,2026-07-30,1,0.1
L000120,2026-07-30,6,5.15
L000121,2026-07-30,2,0.46
L000122,2026-07-30,2,0.46
L000123,2026-07-30,5,3.45
L000124,2026-07-30,3,1.12
L000125,2026-07-30,10,15.85
L000126,2026-07-30,7,7.23
L000127,2026-07-30,1,0.1
L000128,2026-07-30,3,1.12
L000129,2026-07-30,8,9.7
L000130,2026-07-30,3,1.12
L000131,2026-07-30,2,0.46
L000132,2026-07-30,7,7.23
L000133,2026-07-30,5,3.45
L000134,2026-07-30,3,1.12
L000135,2026-07-30,1,0.1
L000136,2026-07-30,2,0.46
L000137,2026-07-30,2,0.46
L000138,2026-07-30,2,0.46
L000139,2026-07-30,2,0.46
L000140,2026-07-30,10,15.85
L000141,2026-07-30,3,1.12
L000142,2026-07-30,5,3.45
L000143,2026-07-30,3,1.12
L000144,2026-07-30,1,0.1
L000145,2026-07-30,6,5.15
L000146,2026-07-30,8,9.7
L000147,2026-07-30,3,1.12
L000148,2026-07-30,2,0.46
L000149,2026-07-30,2,0.46
L000150,2026-07-30,1,0.1
L000151,2026-07-30,3,1.12
L000152,2026-07-30,2,0.46
L000153,2026-07-30,7,7.23
L000154,2026-07-30,2,0.46
L000155,2026-07-30,4,2.11
L000156,2026-07-30,7,7.23
L000157,2026-07-30,7,7.23
L000158,2026-07-30,3,1.12
L000159,2026-07-30,8,9.7
L000160,2026-07-30,1,0.1
L000161,2026-07-30,5,3.45
L000162,2026-07-30,1,0.1
L000163,2026-07-30,3,1.12
L000164,2026-07-30,4,2.11
L000165,2026-07-30,1,0.1
L000166,2026-07-30,3,1.12
L000167,2026-07-30,3,1.12
L000168,2026-07-30,2,0.46
L000169,2026-07-30,2,0.46
L000170,2026-07-30,8,9.7
L000171,2026-07-30,1,0.1
L000172,2026-07-30,4,2.11
L000173,2026-07-30,1,0.1
L000174,2026-07-30,1,0.1
L000175,2026-07-30,6,5.15
L000176,2026-07-30,1,0.1
L000177,2026-07-30,3,1.12
L000178,2026-07-30,9,12.57
L000179,2026-07-30,5,3.45
L000180,2026-07-30,1,0.1
L000181,2026-07-30,3,1.12
L000182,2026-07-30,2,0.46
L000183,2026-07-30,7,7.23
L000184,2026-07-30,1,0.1
L000185,2026-07-30,2,0.46
L000186,2026-07-30,2,0.46
L000187,2026-07-30,1,0.1
L000188,2026-07-30,2,0.46
L000189,2026-07-30,1,0.1
L000190,2026-07-30,6,5.15
L000191,2026-07-30,3,1.12
L000192,2026-07-30,3,1.12
L000193,2026-07-30,2,0.46
L000194,2026-07-30,2,0.46
L000195,2026-07-30,2,0.46
L000196,2026-07-30,8,9.7
L000197,2026-07-30,6,5.15
L000198,2026-07-30,2,0.46
L000199,2026-07-30,2,0.46
L000200,2026-07-30,3,1.12
L000201,2026-07-30,9,12.57
L000202,2026-07-30,10,15.85
L000203,2026-07-30,3,1.12
L000204,2026-07-30,5,3.45
L000205,2026-07-30,4,2.11
L000206,2026-07-30,2,0.46
L000207,2026-07-30,3,1.12
L000208,2026-07-30,2,0.46
L000209,2026-07-30,3,1.12
L000210,2026-07-30,2,0.46
L000211,2026-07-30,2,0.46
L000212,2026-07-30,6,5.15
L000213,2026-07-30,1,0.1
L000214,2026-07-30,3,1.12
L000215,2026-07-30,3,1.12
L000216,2026-07-30,5,3.45
L000217,2026-07-30,1,0.1
L000218,2026-07-30,1,0.1
L000219,2026-07-30,1,0.1
L000220,2026-07-30,2,0.46
L000221,2026-07-30,4,2.11
L000222,2026-07-30,8,9.7
L000223,2026-07-30,4,2.11
L000224,2026-07-30,2,0.46
L000225,2026-07-30,2,0.46
L000226,2026-07-30,9,12.57
L000227,2026-07-30,1,0.1
L000228,2026-07-30,7,7.23
L000229,2026-07-30,2,0.46
L000230,2026-07-30,6,5.15
L000231,2026-07-30,3,1.12
L000232,2026-07-30,3,1.12
L000233,2026-07-30,6,5.15
L000234,2026-07-30,5,3.45
L000235,2026-07-30,10,15.85
L000236,2026-07-30,3,1.12
L000237,2026-07-30,3,1.12
L000238,2026-07-30,7,7.23
L000239,2026-07-30,7,7.23
L000240,2026-07-30,2,0.46
L000241,2026-07-30,9,12.57
L000242,2026-07-30,6,5.15
L000243,2026-07-30,3,1.12
L000244,2026-07-30,9,12.57
L000245,2026-07-30,2,0.46
L000246,2026-07-30,2,0.46
L000247,2026-07-30,3,1.12
L000248,2026-07-30,10,15.85
L000249,2026-07-30,3,1.12
L000250,2026-07-30,3,1.12
L000251,2026-07-30,3,1.12
L000252,2026-07-30,8,9.7
L000253,2026-07-30,6,5.15
L000254,2026-07-30,3,1.12
L000255,2026-07-30,1,0.1
L000256,2026-07-30,3,1.12
L000257,2026-07-30,9,12.57
L000258,2026-07-30,9,12.57
L000259,2026-07-30,2,0.46
L000260,2026-07-30,1,0.1
L000261,2026-07-30,3,1.12
L000262,2026-07-30,3,1.12
L000263,2026-07-30,2,0.46
L000264,2026-07-30,4,2.11
L000265,2026-07-30,7,7.23
L000266,2026-07-30,10,15.85
L000267,2026-07-30,4,2.11
L000268,2026-07-30,1,0.1
L000269,2026-07-30,4,2.11
L000270,2026-07-30,1,0.1
L000271,2026-07-30,1,0.1
L000272,2026-07-30,1,0.1
L000273,2026-07-30,3,1.12
L000274,2026-07-30,5,3.45
L000275,2026-07-30,1,0.1
L000276,2026-07-30,5,3.45
L000277,2026-07-30,1,0.1
L000278,2026-07-30,1,0.1
L000279,2026-07-30,1,0.1
L000280,2026-07-30,4,2.11
L000281,2026-07-30,3,1.12
L000282,2026-07-30,2,0.46
L000283,2026-07-30,10,15.85
L000284,2026-07-30,3,1.12
L000285,2026-07-30,1,0.1
L000286,2026-07-30,8,9.7
L000287,2026-07-30,2,0.46
L000288,2026-07-30,4,2.11
L000289,2026-07-30,1,0.1
L000290,2026-07-30,2,0.46
L000291,2026-07-30,1,0.1
L000292,2026-07-30,3,1.12
L000293,2026-07-30,2,0.46
L000294,2026-07-30,4,2.11
L000295,2026-07-30,1,0.1
L000296,2026-07-30,5,3.45
L000297,2026-07-30,2,0.46
L000298,2026-07-30,1,0.1
L000299,2026-07-30,1,0.1
L000300,2026-07-30,6,5.15
L000301,2026-07-30,5,3.45
L000302,2026-07-30,2,0.46
L000303,2026-07-30,5,3.45
L000304,2026-07-30,1,0.1
L000305,2026-07-30,3,1.12
L000306,2026-07-30,1,0.1
L000307,2026-07-30,3,1.12
L000308,2026-07-30,1,0.1
L000309,2026-07-30,2,0.46
L000310,2026-07-30,4,2.11
L000311,2026-07-30,2,0.46
L000312,2026-07-30,2,0.46
L000313,2026-07-30,7,7.23
L000314,2026-07-30,2,0.46
L000315,2026-07-30,2,0.46
L000316,2026-07-30,1,0.1
L000317,2026-07-30,2,0.46
L000318,2026-07-30,8,9.7
L000319,2026-07-30,4,2.11
L000320,2026-07-30,8,9.7
L000321,2026-07-30,7,7.23
L000322,2026-07-30,2,0.46
L000323,2026-07-30,2,0.46
L000324,2026-07-30,3,1.12
L000325,2026-07-30,4,2.11
L000326,2026-07-30,7,7.23
L000327,2026-07-30,1,0.1
L000328,2026-07-30,1,0.1
L000329,2026-07-30,3,1.12
L000330,2026-07-30,1,0.1
L000331,2026-07-30,5,3.45
L000332,2026-07-30,1,0.1
L000333,2026-07-30,1,0.1
L000334,2026-07-30,2,0.46
L000335,2026-07-30,3,1.12
L000336,2026-07-30,2,0.46
L000337,2026-07-30,5,3.45
L000338,2026-07-30,3,1.12
L000339,2026-07-30,2,0.46
L000340,2026-07-30,7,7.23
L000341,2026-07-30,2,0.46
L000342,2026-07-30,3,1.12
L000343,2026-07-30,4,2.11
L000344,2026-07-30,1,0.1
L000345,2026-07-30,1,0.1
L000346,2026-07-30,2,0.46
L000347,2026-07-30,1,0.1
L000348,2026-07-30,9,12.57
L000349,2026-07-30,7,7.23
L000350,2026-07-30,2,0.46
L000351,2026-07-30,2,0.46
L000352,2026-07-30,2,0.46
L000353,2026-07-30,1,0.1
L000354,2026-07-30,3,1.12
L000355,2026-07-30,2,0.46
L000356,2026-07-30,3,1.12
L000357,2026-07-30,5,3.45
L000358,2026-07-30,1,0.1
L000359,2026-07-30,3,1.12
L000360,2026-07-30,1,0.1
L000361,2026-07-30,2,0.46
L000362,2026-07-30,1,0.1
L000363,2026-07-30,2,0.46
L000364,2026-07-30,10,15.85
L000365,2026-07-30,2,0.46
L000366,2026-07-30,5,3.45
L000367,2026-07-30,3,1.12
L000368,2026-07-30,1,0.1
L000369,2026-07-30,1,0.1
L000370,2026-07-30,1,0.1
L000371,2026-07-30,1,0.1
L000372,2026-07-30,9,12.57
L000373,2026-07-30,9,12.57
L000374,2026-07-30,2,0.46
L000375,2026-07-30,5,3.45
L000376,2026-07-30,7,7.23
L000377,2026-07-30,1,0.1
L000378,2026-07-30,9,12.57
L000379,2026-07-30,3,1.12
L000380,2026-07-30,10,15.85
L000381,2026-07-30,5,3.45
L000382,2026-07-30,1,0.1
L000383,2026-07-30,4,2.11
L000384,2026-07-30,3,1.12
L000385,2026-07-30,5,3.45
L000386,2026-07-30,6,5.15
L000387,2026-07-30,2,0.46
L000388,2026-07-30,3,1.12
L000389,2026-07-30,6,5.15
L000390,2026-07-30,3,1.12
L000391,2026-07-30,9,12.57
L000392,2026-07-30,9,12.57
L000393,2026-07-30,5,3.45
L000394,2026-07-30,1,0.1
L000395,2026-07-30,1,0.1
L000396,2026-07-30,3,1.12
L000397,2026-07-30,2,0.46
L000398,2026-07-30,2,0.46
L000399,2026-07-30,4,2.11
L000400,2026-07-30,7,7.23
L000401,2026-07-30,8,9.7
L000402,2026-07-30,4,2.11
L000403,2026-07-30,2,0.46
L000404,2026-07-30,3,1.12
L000405,2026-07-30,3,1.12
L000406,2026-07-30,3,1.12
L000407,2026-07-30,1,0.1
L000408,2026-07-30,1,0.1
L000409,2026-07-30,3,1.12
L000410,2026-07-30,2,0.46
L000411,2026-07-30,1,0.1
L000412,2026-07-30,9,12.57
L000413,2026-07-30,4,2.11
L000414,2026-07-30,2,0.46
L000415,2026-07-30,6,5.15
L000416,2026-07-30,3,1.12
L000417,2026-07-30,6,5.15
L000418,2026-07-30,2,0.46
L000419,2026-07-30,9,12.57
L000420,2026-07-30,3,1.12
L000421,2026-07-30,9,12.57
L000422,2026-07-30,7,7.23
L000423,2026-07-30,6,5.15
L000424,2026-07-30,5,3.45
L000425,2026-07-30,1,0.1
L000426,2026-07-30,2,0.46
L000427,2026-07-30,1,0.1
L000428,2026-07-30,10,15.85
L000429,2026-07-30,3,1.12
L000430,2026-07-30,7,7.23
L000431,2026-07-30,1,0.1
L000432,2026-07-30,2,0.46
L000433,2026-07-30,1,0.1
L000434,2026-07-30,6,5.15
L000435,2026-07-30,5,3.45
L000436,2026-07-30,9,12.57
L000437,2026-07-30,3,1.12
L000438,2026-07-30,1,0.1
L000439,2026-07-30,2,0.46
L000440,2026-07-30,9,12.57
L000441,2026-07-30,1,0.1
L000442,2026-07-30,10,15.85
L000443,2026-07-30,2,0.46
L000444,2026-07-30,8,9.7
L000445,2026-07-30,1,0.1
L000446,2026-07-30,3,1.12
L000447,2026-07-30,1,0.1
L000448,2026-07-30,5,3.45
L000449,2026-07-30,2,0.46
L000450,2026-07-30,5,3.45
L000451,2026-07-30,7,7.23
L000452,2026-07-30,2,0.46
L000453,2026-07-30,3,1.12
L000454,2026-07-30,3,1.12
L000455,2026-07-30,10,15.85
L000456,2026-07-30,1,0.1
L000457,2026-07-30,3,1.12
L000458,2026-07-30,1,0.1
L000459,2026-07-30,9,12.57
L000460,2026-07-30,8,9.7
L000461,2026-07-30,2,0.46
L000462,2026-07-30,3,1.12
L000463,2026-07-30,1,0.1
L000464,2026-07-30,7,7.23
L000465,2026-07-30,3,1.12
L000466,2026-07-30,3,1.12
L000467,2026-07-30,10,15.85
L000468,2026-07-30,6,5.15
L000469,2026-07-30,1,0.1
L000470,2026-07-30,8,9.7
L000471,2026-07-30,6,5.15
L000472,2026-07-30,2,0.46
L000473,2026-07-30,2,0.46
L000474,2026-07-30,1,0.1
L000475,2026-07-30,1,0.1
L000476,2026-07-30,1,0.1
L000477,2026-07-30,2,0.46
L000478,2026-07-30,5,3.45
L000479,2026-07-30,3,1.12
L000480,2026-07-30,1,0.1
L000481,2026-07-30,7,7.23
L000482,2026-07-30,2,0.46
L000483,2026-07-30,3,1.12
L000484,2026-07-30,2,0.46
L000485,2026-07-30,5,3.45
L000486,2026-07-30,2,0.46
L000487,2026-07-30,5,3.45
L000488,2026-07-30,3,1.12
L000489,2026-07-30,1,0.1
L000490,2026-07-30,1,0.1
L000491,2026-07-30,3,1.12
L000492,2026-07-30,7,7.23
L000493,2026-07-30,1,0.1
L000494,2026-07-30,3,1.12
L000495,2026-07-30,4,2.11
L000496,2026-07-30,3,1.12
L000497,2026-07-30,2,0.46
L000498,2026-07-30,10,15.85
L000499,2026-07-30,8,9.7
L000500,2026-07-30,1,0.1
L000501,2026-07-30,1,0.1
L000502,2026-07-30,6,5.15
L000503,2026-07-30,10,15.85
L000504,2026-07-30,3,1.12
L000505,2026-07-30,1,0.1
L000506,2026-07-30,3,1.12
L000507,2026-07-30,8,9.7
L000508,2026-07-30,2,0.46
L000509,2026-07-30,7,7.23
L000510,2026-07-30,2,0.46
L000511,2026-07-30,1,0.1
L000512,2026-07-30,5,3.45
L000513,2026-07-30,3,1.12
L000514,2026-07-30,2,0.46
L000515,2026-07-30,5,3.45
L000516,2026-07-30,8,9.7
L000517,2026-07-30,3,1.12
L000518,2026-07-30,2,0.46
L000519,2026-07-30,1,0.1
L000520,2026-07-30,2,0.46
L000521,2026-07-30,2,0.46
L000522,2026-07-30,9,12.57
L000523,2026-07-30,3,1.12
L000524,2026-07-30,10,15.85
L000525,2026-07-30,6,5.15
L000526,2026-07-30,2,0.46
L000527,2026-07-30,1,0.1
L000528,2026-07-30,1,0.1
L000529,2026-07-30,1,0.1
L000530,2026-07-30,3,1.12
L000531,2026-07-30,1,0.1
L000532,2026-07-30,8,9.7
L000533,2026-07-30,2,0.46
L000534,2026-07-30,5,3.45
L000535,2026-07-30,2,0.46
L000536,2026-07-30,3,1.12
L000537,2026-07-30,6,5.15
L000538,2026-07-30,10,15.85
L000539,2026-07-30,1,0.1
L000540,2026-07-30,2,0.46
L000541,2026-07-30,2,0.46
L000542,2026-07-30,1,0.1
L000543,2026-07-30,2,0.46
L000544,2026-07-30,3,1.12
L000545,2026-07-30,8,9.7
L000546,2026-07-30,7,7.23
L000547,2026-07-30,10,15.85
L000548,2026-07-30,2,0.46
L000549,2026-07-30,1,0.1
L000550,2026-07-30,4,2.11
L000551,2026-07-30,1,0.1
L000552,2026-07-30,6,5.15
L000553,2026-07-30,4,2.11
L000554,2026-07-30,2,0.46
L000555,2026-07-30,5,3.45
L000556,2026-07-30,2,0.46
L000557,2026-07-30,2,0.46
L000558,2026-07-30,3,1.12
L000559,2026-07-30,10,15.85
L000560,2026-07-30,5,3.45
L000561,2026-07-30,2,0.46
L000562,2026-07-30,3,1.12
L000563,2026-07-30,1,0.1
L000564,2026-07-30,6,5.15
L000565,2026-07-30,1,0.1
L000566,2026-07-30,2,0.46
L000567,2026-07-30,3,1.12
L000568,2026-07-30,1,0.1
L000569,2026-07-30,3,1.12
L000570,2026-07-30,2,0.46
L000571,2026-07-30,3,1.12
L000572,2026-07-30,1,0.1
L000573,2026-07-30,2,0.46
L000574,2026-07-30,1,0.1
L000575,2026-07-30,6,5.15
L000576,2026-07-30,1,0.1
L000577,2026-07-30,1,0.1
L000578,2026-07-30,2,0.46
L000579,2026-07-30,1,0.1
L000580,2026-07-30,1,0.1
L000581,2026-07-30,1,0.1
L000582,2026-07-30,5,3.45
L000583,2026-07-30,2,0.46
L000584,2026-07-30,10,15.85
L000585,2026-07-30,7,7.23
L000586,2026-07-30,1,0.1
L000587,2026-07-30,3,1.12
L000588,2026-07-30,2,0.46
L000589,2026-07-30,8,9.7
L000590,2026-07-30,6,5.15
L000591,2026-07-30,2,0.46
L000592,2026-07-30,1,0.1
L000593,2026-07-30,3,1.12
L000594,2026-07-30,1,0.1
L000595,2026-07-30,6,5.15
L000596,2026-07-30,8,9.7
L000597,2026-07-30,4,2.11
L000598,2026-07-30,3,1.12
L000599,2026-07-30,1,0.1
L000600,2026-07-30,2,0.46
L000601,2026-07-30,2,0.46
L000602,2026-07-30,6,5.15
L000603,2026-07-30,3,1.12
L000604,2026-07-30,3,1.12
L000605,2026-07-30,3,1.12
L000606,2026-07-30,2,0.46
L000607,2026-07-30,4,2.11
L000608,2026-07-30,3,1.12
L000609,2026-07-30,5,3.45
L000610,2026-07-30,2,0.46
L000611,2026-07-30,3,1.12
L000612,2026-07-30,4,2.11
L000613,2026-07-30,2,0.46
L000614,2026-07-30,1,0.1
L000615,2026-07-30,3,1.12
L000616,2026-07-30,1,0.1
L000617,2026-07-30,2,0.46
L000618,2026-07-30,5,3.45
L000619,2026-07-30,5,3.45
L000620,2026-07-30,2,0.46
L000621,2026-07-30,3,1.12
L000622,2026-07-30,6,5.15
L000623,2026-07-30,3,1.12
L000624,2026-07-30,3,1.12
L000625,2026-07-30,6,5.15
L000626,2026-07-30,2,0.46
L000627,2026-07-30,1,0.1
L000628,2026-07-30,7,7.23
L000629,2026-07-30,1,0.1
L000630,2026-07-30,1,0.1
L000631,2026-07-30,5,3.45
L000632,2026-07-30,9,12.57
L000633,2026-07-30,1,0.1
L000634,2026-07-30,5,3.45
L000635,2026-07-30,3,1.12
L000636,2026-07-30,10,15.85
L000637,2026-07-30,2,0.46
L000638,2026-07-30,3,1.12
L000639,2026-07-30,3,1.12
L000640,2026-07-30,10,15.85
L000641,2026-07-30,3,1.12
L000642,2026-07-30,2,0.46
L000643,2026-07-30,10,15.85
L000644,2026-07-30,4,2.11
L000645,2026-07-30,2,0.46
L000646,2026-07-30,7,7.23
L000647,2026-07-30,1,0.1
L000648,2026-07-30,7,7.23
L000649,2026-07-30,1,0.1
L000650,2026-07-30,1,0.1
L000651,2026-07-30,8,9.7
L000652,2026-07-30,5,3.45
L000653,2026-07-30,3,1.12
L000654,2026-07-30,3,1.12
L000655,2026-07-30,8,9.7
L000656,2026-07-30,3,1.12
L000657,2026-07-30,1,0.1
L000658,2026-07-30,1,0.1
L000659,2026-07-30,1,0.1
L000660,2026-07-30,6,5.15
L000661,2026-07-30,10,15.85
L000662,2026-07-30,3,1.12
L000663,2026-07-30,2,0.46
L000664,2026-07-30,2,0.46
L000665,2026-07-30,3,1.12
L000666,2026-07-30,10,15.85
L000667,2026-07-30,1,0.1
L000668,2026-07-30,9,12.57
L000669,2026-07-30,1,0.1
L000670,2026-07-30,1,0.1
L000671,2026-07-30,5,3.45
L000672,2026-07-30,2,0.46
L000673,2026-07-30,2,0.46
L000674,2026-07-30,2,0.46
L000675,2026-07-30,5,3.45
L000676,2026-07-30,2,0.46
L000677,2026-07-30,3,1.12
L000678,2026-07-30,1,0.1
L000679,2026-07-30,7,7.23
L000680,2026-07-30,10,15.85
L000681,2026-07-30,7,7.23
L000682,2026-07-30,4,2.11
L000683,2026-07-30,3,1.12
L000684,2026-07-30,3,1.12
L000685,2026-07-30,2,0.46
L000686,2026-07-30,2,0.46
L000687,2026-07-30,2,0.46
L000688,2026-07-30,9,12.57
L000689,2026-07-30,2,0.46
L000690,2026-07-30,2,0.46
L000691,2026-07-30,9,12.57
L000692,2026-07-30,7,7.23
L000693,2026-07-30,3,1.12
L000694,2026-07-30,3,1.12
L000695,2026-07-30,6,5.15
L000696,2026-07-30,2,0.46
L000697,2026-07-30,8,9.7
L000698,2026-07-30,3,1.12
L000699,2026-07-30,3,1.12
L000700,2026-07-30,1,0.1
L000701,2026-07-30,1,0.1
L000702,2026-07-30,2,0.46
L000703,2026-07-30,3,1.12
L000704,2026-07-30,5,3.45
L000705,2026-07-30,3,1.12
L000706,2026-07-30,2,0.46
L000707,2026-07-30,2,0.46
L000708,2026-07-30,3,1.12
L000709,2026-07-30,1,0.1
L000710,2026-07-30,2,0.46
L000711,2026-07-30,6,5.15
L000712,2026-07-30,9,12.57
L000713,2026-07-30,9,12.57
L000714,2026-07-30,1,0.1
L000715,2026-07-30,4,2.11
L000716,2026-07-30,7,7.23
L000717,2026-07-30,2,0.46
L000718,2026-07-30,8,9.7
L000719,2026-07-30,1,0.1
L000720,2026-07-30,1,0.1
L000721,2026-07-30,7,7.23
L000722,2026-07-30,6,5.15
L000723,2026-07-30,6,5.15
L000724,2026-07-30,2,0.46
L000725,2026-07-30,1,0.1
L000726,2026-07-30,10,15.85
L000727,2026-07-30,2,0.46
L000728,2026-07-30,3,1.12
L000729,2026-07-30,3,1.12
L000730,2026-07-30,10,15.85
L000731,2026-07-30,3,1.12
L000732,2026-07-30,1,0.1
L000733,2026-07-30,2,0.46
L000734,2026-07-30,4,2.11
L000735,2026-07-30,2,0.46
L000736,2026-07-30,7,7.23
L000737,2026-07-30,1,0.1
L000738,2026-07-30,1,0.1
L000739,2026-07-30,7,7.23
L000740,2026-07-30,2,0.46
L000741,2026-07-30,3,1.12
L000742,2026-07-30,3,1.12
L000743,2026-07-30,4,2.11
L000744,2026-07-30,4,2.11
L000745,2026-07-30,2,0.46
L000746,2026-07-30,1,0.1
L000747,2026-07-30,6,5.15
L000748,2026-07-30,2,0.46
L000749,2026-07-30,3,1.12
L000750,2026-07-30,2,0.46
L000751,2026-07-30,5,3.45
L000752,2026-07-30,10,15.85
L000753,2026-07-30,1,0.1
L000754,2026-07-30,2,0.46
L000755,2026-07-30,2,0.46
L000756,2026-07-30,6,5.15
L000757,2026-07-30,3,1.12
L000758,2026-07-30,1,0.1
L000759,2026-07-30,3,1.12
L000760,2026-07-30,9,12.57
L000761,2026-07-30,3,1.12
L000762,2026-07-30,1,0.1
L000763,2026-07-30,3,1.12
L000764,2026-07-30,1,0.1
L000765,2026-07-30,3,1.12
L000766,2026-07-30,2,0.46
L000767,2026-07-30,1,0.1
L000768,2026-07-30,3,1.12
L000769,2026-07-30,1,0.1
L000770,2026-07-30,2,0.46
L000771,2026-07-30,3,1.12
L000772,2026-07-30,3,1.12
L000773,2026-07-30,6,5.15
L000774,2026-07-30,10,15.85
L000775,2026-07-30,7,7.23
L000776,2026-07-30,3,1.12
L000777,2026-07-30,6,5.15
L000778,2026-07-30,2,0.46
L000779,2026-07-30,4,2.11
L000780,2026-07-30,8,9.7
L000781,2026-07-30,1,0.1
L000782,2026-07-30,1,0.1
L000783,2026-07-30,4,2.11
L000784,2026-07-30,10,15.85
L000785,2026-07-30,4,2.11
L000786,2026-07-30,3,1.12
L000787,2026-07-30,9,12.57
L000788,2026-07-30,9,12.57
L000789,2026-07-30,3,1.12
L000790,2026-07-30,1,0.1
L000791,2026-07-30,1,0.1
L000792,2026-07-30,8,9.7
L000793,2026-07-30,2,0.46
L000794,2026-07-30,2,0.46
L000795,2026-07-30,3,1.12
L000796,2026-07-30,1,0.1
L000797,2026-07-30,1,0.1
L000798,2026-07-30,8,9.7
L000799,2026-07-30,3,1.12
L000800,2026-07-30,2,0.46
L000801,2026-07-30,3,1.12
L000802,2026-07-30,2,0.46
L000803,2026-07-30,1,0.1
L000804,2026-07-30,2,0.46
L000805,2026-07-30,1,0.1
L000806,2026-07-30,1,0.1
L000807,2026-07-30,8,9.7
L000808,2026-07-30,6,5.15
L000809,2026-07-30,3,1.12
L000810,2026-07-30,3,1.12
L000811,2026-07-30,7,7.23
L000812,2026-07-30,9,12.57
L000813,2026-07-30,3,1.12
L000814,2026-07-30,2,0.46
L000815,2026-07-30,1,0.1
L000816,2026-07-30,4,2.11
L000817,2026-07-30,1,0.1
L000818,2026-07-30,1,0.1
L000819,2026-07-30,2,0.46
L000820,2026-07-30,2,0.46
L000821,2026-07-30,3,1.12
L000822,2026-07-30,1,0.1
L000823,2026-07-30,1,0.1
L000824,2026-07-30,1,0.1
L000825,2026-07-30,4,2.11
L000826,2026-07-30,8,9.7
L000827,2026-07-30,1,0.1
L000828,2026-07-30,3,1.12
L000829,2026-07-30,1,0.1
L000830,2026-07-30,4,2.11
L000831,2026-07-30,1,0.1
L000832,2026-07-30,2,0.46
L000833,2026-07-30,3,1.12
L000834,2026-07-30,3,1.12
L000835,2026-07-30,3,1.12
L000836,2026-07-30,8,9.7
L000837,2026-07-30,3,1.12
L000838,2026-07-30,8,9.7
L000839,2026-07-30,1,0.1
L000840,2026-07-30,2,0.46
L000841,2026-07-30,3,1.12
L000842,2026-07-30,9,12.57
L000843,2026-07-30,3,1.12
L000844,2026-07-30,4,2.11
L000845,2026-07-30,1,0.1
L000846,2026-07-30,7,7.23
L000847,2026-07-30,3,1.12
L000848,2026-07-30,10,15.85
L000849,2026-07-30,1,0.1
L000850,2026-07-30,10,15.85
L000851,2026-07-30,2,0.46
L000852,2026-07-30,9,12.57
L000853,2026-07-30,1,0.1
L000854,2026-07-30,3,1.12
L000855,2026-07-30,1,0.1
L000856,2026-07-30,2,0.46
L000857,2026-07-30,1,0.1
L000858,2026-07-30,2,0.46
L000859,2026-07-30,1,0.1
L000860,2026-07-30,3,1.12
L000861,2026-07-30,2,0.46
L000862,2026-07-30,5,3.45
L000863,2026-07-30,3,1.12
L000864,2026-07-30,1,0.1
L000865,2026-07-30,3,1.12
L000866,2026-07-30,2,0.46
L000867,2026-07-30,2,0.46
L000868,2026-07-30,8,9.7
L000869,2026-07-30,5,3.45
L000870,2026-07-30,3,1.12
L000871,2026-07-30,5,3.45
L000872,2026-07-30,3,1.12
L000873,2026-07-30,9,12.57
L000874,2026-07-30,3,1.12
L000875,2026-07-30,3,1.12
L000876,2026-07-30,9,12.57
L000877,2026-07-30,2,0.46
L000878,2026-07-30,3,1.12
L000879,2026-07-30,3,1.12
L000880,2026-07-30,3,1.12
L000881,2026-07-30,3,1.12
L000882,2026-07-30,2,0.46
L000883,2026-07-30,9,12.57
L000884,2026-07-30,2,0.46
L000885,2026-07-30,3,1.12
L000886,2026-07-30,2,0.46
L000887,2026-07-30,1,0.1
L000888,2026-07-30,2,0.46
L000889,2026-07-30,7,7.23
L000890,2026-07-30,2,0.46
L000891,2026-07-30,2,0.46
L000892,2026-07-30,2,0.46
L000893,2026-07-30,2,0.46
L000894,2026-07-30,3,1.12
L000895,2026-07-30,3,1.12
L000896,2026-07-30,3,1.12
L000897,2026-07-30,1,0.1
L000898,2026-07-30,2,0.46
L000899,2026-07-30,1,0.1
L000900,2026-07-30,6,5.15
L000901,2026-07-30,3,1.12
L000902,2026-07-30,4,2.11
L000903,2026-07-30,7,7.23
L000904,2026-07-30,7,7.23
L000905,2026-07-30,2,0.46
L000906,2026-07-30,1,0.1
L000907,2026-07-30,7,7.23
L000908,2026-07-30,1,0.1
L000909,2026-07-30,2,0.46
L000910,2026-07-30,6,5.15
L000911,2026-07-30,8,9.7
L000912,2026-07-30,3,1.12
L000913,2026-07-30,4,2.11
L000914,2026-07-30,2,0.46
L000915,2026-07-30,3,1.12
L000916,2026-07-30,2,0.46
L000917,2026-07-30,1,0.1
L000918,2026-07-30,1,0.1
L000919,2026-07-30,2,0.46
L000920,2026-07-30,1,0.1
L000921,2026-07-30,5,3.45
L000922,2026-07-30,3,1.12
L000923,2026-07-30,1,0.1
L000924,2026-07-30,4,2.11
L000925,2026-07-30,3,1.12
L000926,2026-07-30,5,3.45
L000927,2026-07-30,4,2.11
L000928,2026-07-30,2,0.46
L000929,2026-07-30,3,1.12
L000930,2026-07-30,3,1.12
L000931,2026-07-30,3,1.12
L000932,2026-07-30,5,3.45
L000933,2026-07-30,6,5.15
L000934,2026-07-30,2,0.46
L000935,2026-07-30,9,12.57
L000936,2026-07-30,5,3.45
L000937,2026-07-30,2,0.46
L000938,2026-07-30,8,9.7
L000939,2026-07-30,3,1.12
L000940,2026-07-30,2,0.46
L000941,2026-07-30,2,0.46
L000942,2026-07-30,3,1.12
L000943,2026-07-30,9,12.57
L000944,2026-07-30,9,12.57
L000945,2026-07-30,2,0.46
L000946,2026-07-30,2,0.46
L000947,2026-07-30,10,15.85
L000948,2026-07-30,1,0.1
L000949,2026-07-30,2,0.46
L000950,2026-07-30,4,2.11
L000951,2026-07-30,7,7.23
L000952,2026-07-30,2,0.46
L000953,2026-07-30,3,1.12
L000954,2026-07-30,5,3.45
L000955,2026-07-30,1,0.1
L000956,2026-07-30,3,1.12
L000957,2026-07-30,3,1.12
L000958,2026-07-30,4,2.11
L000959,2026-07-30,6,5.15
L000960,2026-07-30,1,0.1
L000961,2026-07-30,1,0.1
L000962,2026-07-30,2,0.46
L000963,2026-07-30,1,0.1
L000964,2026-07-30,2,0.46
L000965,2026-07-30,9,12.57
L000966,2026-07-30,1,0.1
L000967,2026-07-30,3,1.12
L000968,2026-07-30,3,1.12
L000969,2026-07-30,1,0.1
L000970,2026-07-30,3,1.12
L000971,2026-07-30,2,0.46
L000972,2026-07-30,1,0.1
L000973,2026-07-30,1,0.1
L000974,2026-07-30,3,1.12
L000975,2026-07-30,3,1.12
L000976,2026-07-30,1,0.1
L000977,2026-07-30,3,1.12
L000978,2026-07-30,4,2.11
L000979,2026-07-30,2,0.46
L000980,2026-07-30,1,0.1
L000981,2026-07-30,3,1.12
L000982,2026-07-30,6,5.15
L000983,2026-07-30,9,12.57
L000984,2026-07-30,6,5.15
L000985,2026-07-30,3,1.12
L000986,2026-07-30,8,9.7
L000987,2026-07-30,1,0.1
L000988,2026-07-30,4,2.11
L000989,2026-07-30,9,12.57
L000990,2026-07-30,7,7.23
L000991,2026-07-30,1,0.1
L000992,2026-07-30,8,9.7
L000993,2026-07-30,3,1.12
L000994,2026-07-30,1,0.1
L000995,2026-07-30,3,1.12
L000996,2026-07-30,1,0.1
L000997,2026-07-30,2,0.46
L000998,2026-07-30,5,3.45
L000999,2026-07-30,4,2.11
L001000,2026-07-30,3,1.12
L001001,2026-07-30,9,12.57
L001002,2026-07-30,4,2.11
L001003,2026-07-30,3,1.12
L001004,2026-07-30,6,5.15
L001005,2026-07-30,8,9.7
L001006,2026-07-30,5,3.45
L001007,2026-07-30,3,1.12
L001008,2026-07-30,2,0.46
L001009,2026-07-30,2,0.46
L001010,2026-07-30,2,0.46
L001011,2026-07-30,3,1.12
L001012,2026-07-30,2,0.46
L001013,2026-07-30,3,1.12
L001014,2026-07-30,2,0.46
L001015,2026-07-30,3,1.12
L001016,2026-07-30,3,1.12
L001017,2026-07-30,1,0.1
L001018,2026-07-30,1,0.1
L001019,2026-07-30,1,0.1
L001020,2026-07-30,3,1.12
L001021,2026-07-30,3,1.12
L001022,2026-07-30,3,1.12
L001023,2026-07-30,3,1.12
L001024,2026-07-30,1,0.1
L001025,2026-07-30,1,0.1
L001026,2026-07-30,2,0.46
L001027,2026-07-30,10,15.85
L001028,2026-07-30,8,9.7
L001029,2026-07-30,1,0.1
L001030,2026-07-30,9,12.57
L001031,2026-07-30,1,0.1
L001032,2026-07-30,8,9.7
L001033,2026-07-30,5,3.45
L001034,2026-07-30,5,3.45
L001035,2026-07-30,2,0.46
L001036,2026-07-30,5,3.45
L001037,2026-07-30,2,0.46
L001038,2026-07-30,1,0.1
L001039,2026-07-30,3,1.12
L001040,2026-07-30,2,0.46
L001041,2026-07-30,7,7.23
L001042,2026-07-30,1,0.1
L001043,2026-07-30,3,1.12
L001044,2026-07-30,9,12.57
L001045,2026-07-30,7,7.23
L001046,2026-07-30,2,0.46
L001047,2026-07-30,8,9.7
L001048,2026-07-30,2,0.46
L001049,2026-07-30,2,0.46
L001050,2026-07-30,4,2.11
L001051,2026-07-30,2,0.46
L001052,2026-07-30,1,0.1
L001053,2026-07-30,1,0.1
L001054,2026-07-30,2,0.46
L001055,2026-07-30,3,1.12
L001056,2026-07-30,1,0.1
L001057,2026-07-30,8,9.7
L001058,2026-07-30,6,5.15
L001059,2026-07-30,1,0.1
L001060,2026-07-30,3,1.12
L001061,2026-07-30,2,0.46
L001062,2026-07-30,3,1.12
L001063,2026-07-30,6,5.15
L001064,2026-07-30,1,0.1
L001065,2026-07-30,2,0.46
L001066,2026-07-30,1,0.1
L001067,2026-07-30,10,15.85
L001068,2026-07-30,2,0.46
L001069,2026-07-30,8,9.7
L001070,2026-07-30,10,15.85
L001071,2026-07-30,5,3.45
L001072,2026-07-30,3,1.12
L001073,2026-07-30,1,0.1
L001074,2026-07-30,2,0.46
L001075,2026-07-30,7,7.23
L001076,2026-07-30,3,1.12
L001077,2026-07-30,1,0.1
L001078,2026-07-30,2,0.46
L001079,2026-07-30,1,0.1
L001080,2026-07-30,10,15.85
L001081,2026-07-30,8,9.7
L001082,2026-07-30,9,12.57
L001083,2026-07-30,2,0.46
L001084,2026-07-30,3,1.12
L001085,2026-07-30,1,0.1
L001086,2026-07-30,9,12.57
L001087,2026-07-30,1,0.1
L001088,2026-07-30,1,0.1
L001089,2026-07-30,3,1.12
L001090,2026-07-30,8,9.7
L001091,2026-07-30,4,2.11
L001092,2026-07-30,2,0.46
L001093,2026-07-30,5,3.45
L001094,2026-07-30,1,0.1
L001095,2026-07-30,3,1.12
L001096,2026-07-30,2,0.46
L001097,2026-07-30,2,0.46
L001098,2026-07-30,9,12.57
L001099,2026-07-30,1,0.1
L001100,2026-07-30,2,0.46
L001101,2026-07-30,3,1.12
L001102,2026-07-30,4,2.11
L001103,2026-07-30,6,5.15
L001104,2026-07-30,4,2.11
L001105,2026-07-30,3,1.12
L001106,2026-07-30,2,0.46
L001107,2026-07-30,3,1.12
L001108,2026-07-30,1,0.1
L001109,2026-07-30,6,5.15
L001110,2026-07-30,1,0.1
L001111,2026-07-30,4,2.11
L001112,2026-07-30,2,0.46
L001113,2026-07-30,2,0.46
L001114,2026-07-30,1,0.1
L001115,2026-07-30,2,0.46
L001116,2026-07-30,2,0.46
L001117,2026-07-30,6,5.15
L001118,2026-07-30,3,1.12
L001119,2026-07-30,3,1.12
L001120,2026-07-30,3,1.12
L001121,2026-07-30,1,0.1
L001122,2026-07-30,3,1.12
L001123,2026-07-30,2,0.46
L001124,2026-07-30,1,0.1
L001125,2026-07-30,8,9.7
L001126,2026-07-30,3,1.12
L001127,2026-07-30,2,0.46
L001128,2026-07-30,3,1.12
L001129,2026-07-30,1,0.1
L001130,2026-07-30,3,1.12
L001131,2026-07-30,5,3.45
L001132,2026-07-30,2,0.46
L001133,2026-07-30,2,0.46
L001134,2026-07-30,1,0.1
L001135,2026-07-30,7,7.23
L001136,2026-07-30,1,0.1
L001137,2026-07-30,6,5.15
L001138,2026-07-30,8,9.7
L001139,2026-07-30,7,7.23
L001140,2026-07-30,3,1.12
L001141,2026-07-30,2,0.46
L001142,2026-07-30,9,12.57
L001143,2026-07-30,7,7.23
L001144,2026-07-30,5,3.45
L001145,2026-07-30,2,0.46
L001146,2026-07-30,2,0.46
L001147,2026-07-30,10,15.85
L001148,2026-07-30,2,0.46
L001149,2026-07-30,2,0.46
L001150,2026-07-30,1,0.1
L001151,2026-07-30,1,0.1
L001152,2026-07-30,6,5.15
L001153,2026-07-30,10,15.85
L001154,2026-07-30,2,0.46
L001155,2026-07-30,3,1.12
L001156,2026-07-30,1,0.1
L001157,2026-07-30,9,12.57
L001158,2026-07-30,3,1.12
L001159,2026-07-30,2,0.46
L001160,2026-07-30,4,2.11
L001161,2026-07-30,1,0.1
L001162,2026-07-30,1,0.1
L001163,2026-07-30,3,1.12
L001164,2026-07-30,6,5.15
L001165,2026-07-30,8,9.7
L001166,2026-07-30,2,0.46
L001167,2026-07-30,2,0.46
L001168,2026-07-30,2,0.46
L001169,2026-07-30,2,0.46
L001170,2026-07-30,1,0.1
L001171,2026-07-30,3,1.12
L001172,2026-07-30,3,1.12
L001173,2026-07-30,9,12.57
L001174,2026-07-30,1,0.1
L001175,2026-07-30,1,0.1
L001176,2026-07-30,7,7.23
L001177,2026-07-30,3,1.12
L001178,2026-07-30,7,7.23
L001179,2026-07-30,1,0.1
L001180,2026-07-30,3,1.12
L001181,2026-07-30,3,1.12
L001182,2026-07-30,1,0.1
L001183,2026-07-30,3,1.12
L001184,2026-07-30,3,1.12
L001185,2026-07-30,3,1.12
L001186,2026-07-30,3,1.12
L001187,2026-07-30,6,5.15
L001188,2026-07-30,2,0.46
L001189,2026-07-30,2,0.46
L001190,2026-07-30,7,7.23
L001191,2026-07-30,3,1.12
L001192,2026-07-30,9,12.57
L001193,2026-07-30,3,1.12
L001194,2026-07-30,1,0.1
L001195,2026-07-30,1,0.1
L001196,2026-07-30,1,0.1
L001197,2026-07-30,2,0.46
L001198,2026-07-30,10,15.85
L001199,2026-07-30,8,9.7
L001200,2026-07-30,2,0.46
L001201,2026-07-30,10,15.85
L001202,2026-07-30,2,0.46
L001203,2026-07-30,2,0.46
L001204,2026-07-30,3,1.12
L001205,2026-07-30,1,0.1
L001206,2026-07-30,1,0.1
L001207,2026-07-30,2,0.46
L001208,2026-07-30,1,0.1
L001209,2026-07-30,2,0.46
L001210,2026-07-30,3,1.12
L001211,2026-07-30,2,0.46
L001212,2026-07-30,3,1.12
L001213,2026-07-30,2,0.46
L001214,2026-07-30,10,15.85
L001215,2026-07-30,1,0.1
L001216,2026-07-30,3,1.12
L001217,2026-07-30,3,1.12
L001218,2026-07-30,4,2.11
L001219,2026-07-30,5,3.45
L001220,2026-07-30,3,1.12
L001221,2026-07-30,3,1.12
L001222,2026-07-30,1,0.1
L001223,2026-07-30,2,0.46
L001224,2026-07-30,2,0.46
L001225,2026-07-30,1,0.1
L001226,2026-07-30,8,9.7
L001227,2026-07-30,8,9.7
L001228,2026-07-30,5,3.45
L001229,2026-07-30,1,0.1
L001230,2026-07-30,2,0.46
L001231,2026-07-30,8,9.7
L001232,2026-07-30,3,1.12
L001233,2026-07-30,3,1.12
L001234,2026-07-30,3,1.12
L001235,2026-07-30,3,1.12
L001236,2026-07-30,1,0.1
L001237,2026-07-30,2,0.46
L001238,2026-07-30,1,0.1
L001239,2026-07-30,1,0.1
L001240,2026-07-30,9,12.57
L001241,2026-07-30,1,0.1
L001242,2026-07-30,3,1.12
L001243,2026-07-30,6,5.15
L001244,2026-07-30,10,15.85
L001245,2026-07-30,7,7.23
L001246,2026-07-30,5,3.45
L001247,2026-07-30,10,15.85
L001248,2026-07-30,3,1.12
L001249,2026-07-30,1,0.1
L001250,2026-07-30,3,1.12
L001251,2026-07-30,1,0.1
L001252,2026-07-30,6,5.15
L001253,2026-07-30,9,12.57
L001254,2026-07-30,2,0.46
L001255,2026-07-30,3,1.12
L001256,2026-07-30,2,0.46
L001257,2026-07-30,1,0.1
L001258,2026-07-30,1,0.1
L001259,2026-07-30,2,0.46
L001260,2026-07-30,1,0.1
L001261,2026-07-30,4,2.11
L001262,2026-07-30,3,1.12
L001263,2026-07-30,4,2.11
L001264,2026-07-30,1,0.1
L001265,2026-07-30,4,2.11
L001266,2026-07-30,2,0.46
L001267,2026-07-30,2,0.46
L001268,2026-07-30,1,0.1
L001269,2026-07-30,5,3.45
L001270,2026-07-30,3,1.12
L001271,2026-07-30,3,1.12
L001272,2026-07-30,1,0.1
L001273,2026-07-30,2,0.46
L001274,2026-07-30,1,0.1
L001275,2026-07-30,3,1.12
L001276,2026-07-30,1,0.1
L001277,2026-07-30,3,1.12
L001278,2026-07-30,2,0.46
L001279,2026-07-30,3,1.12
L001280,2026-07-30,8,9.7
L001281,2026-07-30,4,2.11
L001282,2026-07-30,5,3.45
L001283,2026-07-30,5,3.45
L001284,2026-07-30,4,2.11
L001285,2026-07-30,7,7.23
L001286,2026-07-30,8,9.7
L001287,2026-07-30,1,0.1
L001288,2026-07-30,2,0.46
L001289,2026-07-30,9,12.57
L001290,2026-07-30,1,0.1
L001291,2026-07-30,3,1.12
L001292,2026-07-30,5,3.45
L001293,2026-07-30,2,0.46
L001294,2026-07-30,3,1.12
L001295,2026-07-30,3,1.12
L001296,2026-07-30,7,7.23
L001297,2026-07-30,5,3.45
L001298,2026-07-30,2,0.46
L001299,2026-07-30,1,0.1
L001300,2026-07-30,1,0.1
L001301,2026-07-30,1,0.1
L001302,2026-07-30,6,5.15
L001303,2026-07-30,3,1.12
L001304,2026-07-30,3,1.12
L001305,2026-07-30,2,0.46
L001306,2026-07-30,4,2.11
L001307,2026-07-30,6,5.15
L001308,2026-07-30,4,2.11
L001309,2026-07-30,3,1.12
L001310,2026-07-30,3,1.12
L001311,2026-07-30,2,0.46
L001312,2026-07-30,2,0.46
L001313,2026-07-30,3,1.12
L001314,2026-07-30,7,7.23
L001315,2026-07-30,2,0.46
L001316,2026-07-30,3,1.12
L001317,2026-07-30,9,12.57
L001318,2026-07-30,2,0.46
L001319,2026-07-30,7,7.23
L001320,2026-07-30,3,1.12
L001321,2026-07-30,1,0.1
L001322,2026-07-30,6,5.15
L001323,2026-07-30,3,1.12
L001324,2026-07-30,7,7.23
L001325,2026-07-30,4,2.11
L001326,2026-07-30,1,0.1
L001327,2026-07-30,1,0.1
L001328,2026-07-30,6,5.15
L001329,2026-07-30,8,9.7
L001330,2026-07-30,3,1.12
L001331,2026-07-30,3,1.12
L001332,2026-07-30,8,9.7
L001333,2026-07-30,3,1.12
L001334,2026-07-30,6,5.15
L001335,2026-07-30,1,0.1
L001336,2026-07-30,8,9.7
L001337,2026-07-30,4,2.11
L001338,2026-07-30,2,0.46
L001339,2026-07-30,3,1.12
L001340,2026-07-30,2,0.46
L001341,2026-07-30,1,0.1
L001342,2026-07-30,10,15.85
L001343,2026-07-30,2,0.46
L001344,2026-07-30,3,1.12
L001345,2026-07-30,2,0.46
L001346,2026-07-30,2,0.46
L001347,2026-07-30,1,0.1
L001348,2026-07-30,6,5.15
L001349,2026-07-30,1,0.1
L001350,2026-07-30,7,7.23
L001351,2026-07-30,7,7.23
L001352,2026-07-30,3,1.12
L001353,2026-07-30,10,15.85
L001354,2026-07-30,1,0.1
L001355,2026-07-30,5,3.45
L001356,2026-07-30,7,7.23
L001357,2026-07-30,3,1.12
L001358,2026-07-30,1,0.1
L001359,2026-07-30,3,1.12
L001360,2026-07-30,7,7.23
L001361,2026-07-30,3,1.12
L001362,2026-07-30,7,7.23
L001363,2026-07-30,1,0.1
L001364,2026-07-30,3,1.12
L001365,2026-07-30,6,5.15
L001366,2026-07-30,3,1.12
L001367,2026-07-30,5,3.45
L001368,2026-07-30,2,0.46
L001369,2026-07-30,10,15.85
L001370,2026-07-30,2,0.46
L001371,2026-07-30,8,9.7
L001372,2026-07-30,8,9.7
L001373,2026-07-30,1,0.1
L001374,2026-07-30,6,5.15
L001375,2026-07-30,1,0.1
L001376,2026-07-30,3,1.12
L001377,2026-07-30,7,7.23
L001378,2026-07-30,2,0.46
L001379,2026-07-30,3,1.12
L001380,2026-07-30,5,3.45
L001381,2026-07-30,4,2.11
L001382,2026-07-30,1,0.1
L001383,2026-07-30,2,0.46
L001384,2026-07-30,1,0.1
L001385,2026-07-30,1,0.1
L001386,2026-07-30,8,9.7
L001387,2026-07-30,3,1.12
L001388,2026-07-30,2,0.46
L001389,2026-07-30,2,0.46
L001390,2026-07-30,1,0.1
L001391,2026-07-30,3,1.12
L001392,2026-07-30,5,3.45
L001393,2026-07-30,5,3.45
L001394,2026-07-30,2,0.46
L001395,2026-07-30,1,0.1
L001396,2026-07-30,2,0.46
L001397,2026-07-30,2,0.46
L001398,2026-07-30,2,0.46
L001399,2026-07-30,3,1.12
L001400,2026-07-30,10,15.85
L001401,2026-07-30,3,1.12
L001402,2026-07-30,4,2.11
L001403,2026-07-30,1,0.1
L001404,2026-07-30,7,7.23
L001405,2026-07-30,9,12.57
L001406,2026-07-30,3,1.12
L001407,2026-07-30,1,0.1
L001408,2026-07-30,2,0.46
L001409,2026-07-30,2,0.46
L001410,2026-07-30,4,2.11
L001411,2026-07-30,3,1.12
L001412,2026-07-30,10,15.85
L001413,2026-07-30,3,1.12
L001414,2026-07-30,1,0.1
L001415,2026-07-30,1,0.1
L001416,2026-07-30,1,0.1
L001417,2026-07-30,2,0.46
L001418,2026-07-30,1,0.1
L001419,2026-07-30,4,2.11
L001420,2026-07-30,3,1.12
L001421,2026-07-30,1,0.1
L001422,2026-07-30,10,15.85
L001423,2026-07-30,2,0.46
L001424,2026-07-30,1,0.1
L001425,2026-07-30,5,3.45
L001426,2026-07-30,3,1.12
L001427,2026-07-30,2,0.46
L001428,2026-07-30,2,0.46
L001429,2026-07-30,1,0.1
L001430,2026-07-30,3,1.12
L001431,2026-07-30,1,0.1
L001432,2026-07-30,3,1.12
L001433,2026-07-30,1,0.1
L001434,2026-07-30,6,5.15
L001435,2026-07-30,1,0.1
L001436,2026-07-30,2,0.46
L001437,2026-07-30,8,9.7
L001438,2026-07-30,2,0.46
L001439,2026-07-30,1,0.1
L001440,2026-07-30,3,1.12
L001441,2026-07-30,2,0.46
L001442,2026-07-30,2,0.46
L001443,2026-07-30,2,0.46
L001444,2026-07-30,9,12.57
L001445,2026-07-30,3,1.12
L001446,2026-07-30,1,0.1
L001447,2026-07-30,1,0.1
L001448,2026-07-30,1,0.1
L001449,2026-07-30,5,3.45
L001450,2026-07-30,4,2.11
L001451,2026-07-30,1,0.1
L001452,2026-07-30,3,1.12
L001453,2026-07-30,3,1.12
L001454,2026-07-30,2,0.46
L001455,2026-07-30,2,0.46
L001456,2026-07-30,9,12.57
L001457,2026-07-30,1,0.1
L001458,2026-07-30,8,9.7
L001459,2026-07-30,5,3.45
L001460,2026-07-30,2,0.46
L001461,2026-07-30,2,0.46
L001462,2026-07-30,3,1.12
L001463,2026-07-30,2,0.46
L001464,2026-07-30,4,2.11
L001465,2026-07-30,1,0.1
L001466,2026-07-30,2,0.46
L001467,2026-07-30,8,9.7
L001468,2026-07-30,3,1.12
L001469,2026-07-30,1,0.1
L001470,2026-07-30,4,2.11
L001471,2026-07-30,5,3.45
L001472,2026-07-30,1,0.1
L001473,2026-07-30,1,0.1
L001474,2026-07-30,1,0.1
L001475,2026-07-30,2,0.46
L001476,2026-07-30,7,7.23
L001477,2026-07-30,1,0.1
L001478,2026-07-30,2,0.46
L001479,2026-07-30,3,1.12
L001480,2026-07-30,3,1.12
L001481,2026-07-30,4,2.11
L001482,2026-07-30,8,9.7
L001483,2026-07-30,10,15.85
L001484,2026-07-30,1,0.1
L001485,2026-07-30,2,0.46
L001486,2026-07-30,1,0.1
L001487,2026-07-30,5,3.45
L001488,2026-07-30,3,1.12
L001489,2026-07-30,2,0.46
L001490,2026-07-30,2,0.46
L001491,2026-07-30,3,1.12
L001492,2026-07-30,9,12.57
L001493,2026-07-30,3,1.12
L001494,2026-07-30,2,0.46
L001495,2026-07-30,1,0.1
L001496,2026-07-30,3,1.12
L001497,2026-07-30,3,1.12
L001498,2026-07-30,1,0.1
L001499,2026-07-30,3,1.12
L001500,2026-07-30,6,5.15
L001501,2026-07-30,6,5.15
L001502,2026-07-30,2,0.46
L001503,2026-07-30,3,1.12
L001504,2026-07-30,1,0.1
L001505,2026-07-30,3,1.12
L001506,2026-07-30,8,9.7
L001507,2026-07-30,7,7.23
L001508,2026-07-30,1,0.1
L001509,2026-07-30,2,0.46
L001510,2026-07-30,2,0.46
L001511,2026-07-30,3,1.12
L001512,2026-07-30,3,1.12
L001513,2026-07-30,3,1.12
L001514,2026-07-30,1,0.1
L001515,2026-07-30,7,7.23
L001516,2026-07-30,3,1.12
L001517,2026-07-30,3,1.12
L001518,2026-07-30,5,3.45
L001519,2026-07-30,3,1.12
L001520,2026-07-30,8,9.7
L001521,2026-07-30,3,1.12
L001522,2026-07-30,2,0.46
L001523,2026-07-30,5,3.45
L001524,2026-07-30,9,12.57
L001525,2026-07-30,9,12.57
L001526,2026-07-30,3,1.12
L001527,2026-07-30,3,1.12
L001528,2026-07-30,1,0.1
L001529,2026-07-30,4,2.11
L001530,2026-07-30,3,1.12
L001531,2026-07-30,10,15.85
L001532,2026-07-30,1,0.1
L001533,2026-07-30,2,0.46
L001534,2026-07-30,10,15.85
L001535,2026-07-30,2,0.46
L001536,2026-07-30,7,7.23
L001537,2026-07-30,5,3.45
L001538,2026-07-30,9,12.57
L001539,2026-07-30,1,0.1
L001540,2026-07-30,1,0.1
L001541,2026-07-30,1,0.1
L001542,2026-07-30,1,0.1
L001543,2026-07-30,1,0.1
L001544,2026-07-30,1,0.1
L001545,2026-07-30,3,1.12
L001546,2026-07-30,2,0.46
L001547,2026-07-30,3,1.12
L001548,2026-07-30,8,9.7
L001549,2026-07-30,2,0.46
L001550,2026-07-30,3,1.12
L001551,2026-07-30,10,15.85
L001552,2026-07-30,1,0.1
L001553,2026-07-30,2,0.46
L001554,2026-07-30,3,1.12
L001555,2026-07-30,4,2.11
L001556,2026-07-30,9,12.57
L001557,2026-07-30,1,0.1
L001558,2026-07-30,3,1.12
L001559,2026-07-30,2,0.46
L001560,2026-07-30,3,1.12
L001561,2026-07-30,1,0.1
L001562,2026-07-30,7,7.23
L001563,2026-07-30,1,0.1
L001564,2026-07-30,2,0.46
L001565,2026-07-30,3,1.12
L001566,2026-07-30,5,3.45
L001567,2026-07-30,5,3.45
L001568,2026-07-30,3,1.12
L001569,2026-07-30,3,1.12
L001570,2026-07-30,2,0.46
L001571,2026-07-30,3,1.12
L001572,2026-07-30,1,0.1
L001573,2026-07-30,3,1.12
L001574,2026-07-30,1,0.1
L001575,2026-07-30,2,0.46
L001576,2026-07-30,7,7.23
L001577,2026-07-30,2,0.46
L001578,2026-07-30,3,1.12
L001579,2026-07-30,10,15.85
L001580,2026-07-30,2,0.46
L001581,2026-07-30,2,0.46
L001582,2026-07-30,1,0.1
L001583,2026-07-30,1,0.1
L001584,2026-07-30,1,0.1
L001585,2026-07-30,6,5.15
L001586,2026-07-30,4,2.11
L001587,2026-07-30,1,0.1
L001588,2026-07-30,3,1.12
L001589,2026-07-30,1,0.1
L001590,2026-07-30,7,7.23
L001591,2026-07-30,2,0.46
L001592,2026-07-30,3,1.12
L001593,2026-07-30,2,0.46
L001594,2026-07-30,2,0.46
L001595,2026-07-30,5,3.45
L001596,2026-07-30,1,0.1
L001597,2026-07-30,2,0.46
L001598,2026-07-30,3,1.12
L001599,2026-07-30,3,1.12
L001600,2026-07-30,3,1.12
L001601,2026-07-30,10,15.85
L001602,2026-07-30,1,0.1
L001603,2026-07-30,4,2.11
L001604,2026-07-30,3,1.12
L001605,2026-07-30,5,3.45
L001606,2026-07-30,3,1.12
L001607,2026-07-30,5,3.45
L001608,2026-07-30,2,0.46
L001609,2026-07-30,8,9.7
L001610,2026-07-30,7,7.23
L001611,2026-07-30,1,0.1
L001612,2026-07-30,8,9.7
L001613,2026-07-30,3,1.12
L001614,2026-07-30,2,0.46
L001615,2026-07-30,3,1.12
L001616,2026-07-30,3,1.12
L001617,2026-07-30,3,1.12
L001618,2026-07-30,1,0.1
L001619,2026-07-30,3,1.12
L001620,2026-07-30,7,7.23
L001621,2026-07-30,8,9.7
L001622,2026-07-30,7,7.23
L001623,2026-07-30,7,7.23
L001624,2026-07-30,8,9.7
L001625,2026-07-30,2,0.46
L001626,2026-07-30,1,0.1
L001627,2026-07-30,2,0.46
L001628,2026-07-30,10,15.85
L001629,2026-07-30,4,2.11
L001630,2026-07-30,5,3.45
L001631,2026-07-30,1,0.1
L001632,2026-07-30,9,12.57
L001633,2026-07-30,1,0.1
L001634,2026-07-30,2,0.46
L001635,2026-07-30,5,3.45
L001636,2026-07-30,1,0.1
L001637,2026-07-30,2,0.46
L001638,2026-07-30,3,1.12
L001639,2026-07-30,2,0.46
L001640,2026-07-30,8,9.7
L001641,2026-07-30,1,0.1
L001642,2026-07-30,1,0.1
L001643,2026-07-30,1,0.1
L001644,2026-07-30,2,0.46
L001645,2026-07-30,1,0.1
L001646,2026-07-30,2,0.46
L001647,2026-07-30,3,1.12
L001648,2026-07-30,3,1.12
L001649,2026-07-30,3,1.12
L001650,2026-07-30,2,0.46
L001651,2026-07-30,3,1.12
L001652,2026-07-30,3,1.12
L001653,2026-07-30,6,5.15
L001654,2026-07-30,10,15.85
L001655,2026-07-30,1,0.1
L001656,2026-07-30,2,0.46
L001657,2026-07-30,8,9.7
L001658,2026-07-30,5,3.45
L001659,2026-07-30,7,7.23
L001660,2026-07-30,6,5.15
L001661,2026-07-30,2,0.46
L001662,2026-07-30,5,3.45
L001663,2026-07-30,1,0.1
L001664,2026-07-30,8,9.7
L001665,2026-07-30,6,5.15
L001666,2026-07-30,3,1.12
L001667,2026-07-30,3,1.12
L001668,2026-07-30,2,0.46
L001669,2026-07-30,3,1.12
L001670,2026-07-30,3,1.12
L001671,2026-07-30,10,15.85
L001672,2026-07-30,4,2.11
L001673,2026-07-30,2,0.46
L001674,2026-07-30,3,1.12
L001675,2026-07-30,8,9.7
L001676,2026-07-30,2,0.46
L001677,2026-07-30,7,7.23
L001678,2026-07-30,6,5.15
L001679,2026-07-30,1,0.1
L001680,2026-07-30,1,0.1
L001681,2026-07-30,1,0.1
L001682,2026-07-30,2,0.46
L001683,2026-07-30,7,7.23
L001684,2026-07-30,2,0.46
L001685,2026-07-30,2,0.46
L001686,2026-07-30,3,1.12
L001687,2026-07-30,2,0.46
L001688,2026-07-30,3,1.12
L001689,2026-07-30,2,0.46
L001690,2026-07-30,9,12.57
L001691,2026-07-30,1,0.1
L001692,2026-07-30,3,1.12
L001693,2026-07-30,2,0.46
L001694,2026-07-30,1,0.1
L001695,2026-07-30,5,3.45
L001696,2026-07-30,9,12.57
L001697,2026-07-30,10,15.85
L001698,2026-07-30,3,1.12
L001699,2026-07-30,10,15.85
L001700,2026-07-30,9,12.57
L001701,2026-07-30,3,1.12
L001702,2026-07-30,1,0.1
L001703,2026-07-30,2,0.46
L001704,2026-07-30,1,0.1
L001705,2026-07-30,1,0.1
L001706,2026-07-30,1,0.1
L001707,2026-07-30,3,1.12
L001708,2026-07-30,3,1.12
L001709,2026-07-30,3,1.12
L001710,2026-07-30,9,12.57
L001711,2026-07-30,3,1.12
L001712,2026-07-30,2,0.46
L001713,2026-07-30,8,9.7
L001714,2026-07-30,3,1.12
L001715,2026-07-30,8,9.7
L001716,2026-07-30,10,15.85
L001717,2026-07-30,1,0.1
L001718,2026-07-30,5,3.45
L001719,2026-07-30,1,0.1
L001720,2026-07-30,2,0.46
L001721,2026-07-30,2,0.46
L001722,2026-07-30,7,7.23
L001723,2026-07-30,7,7.23
L001724,2026-07-30,3,1.12
L001725,2026-07-30,2,0.46
L001726,2026-07-30,10,15.85
L001727,2026-07-30,3,1.12
L001728,2026-07-30,2,0.46
L001729,2026-07-30,2,0.46
L001730,2026-07-30,9,12.57
L001731,2026-07-30,1,0.1
L001732,2026-07-30,3,1.12
L001733,2026-07-30,9,12.57
L001734,2026-07-30,9,12.57
L001735,2026-07-30,3,1.12
L001736,2026-07-30,2,0.46
L001737,2026-07-30,3,1.12
L001738,2026-07-30,3,1.12
L001739,2026-07-30,3,1.12
L001740,2026-07-30,9,12.57
L001741,2026-07-30,3,1.12
L001742,2026-07-30,2,0.46
L001743,2026-07-30,1,0.1
L001744,2026-07-30,4,2.11
L001745,2026-07-30,3,1.12
L001746,2026-07-30,5,3.45
L001747,2026-07-30,6,5.15
L001748,2026-07-30,4,2.11
L001749,2026-07-30,1,0.1
L001750,2026-07-30,6,5.15
L001751,2026-07-30,1,0.1
L001752,2026-07-30,1,0.1
L001753,2026-07-30,1,0.1
L001754,2026-07-30,7,7.23
L001755,2026-07-30,1,0.1
L001756,2026-07-30,2,0.46
L001757,2026-07-30,4,2.11
L001758,2026-07-30,9,12.57
L001759,2026-07-30,6,5.15
L001760,2026-07-30,3,1.12
L001761,2026-07-30,4,2.11
L001762,2026-07-30,1,0.1
L001763,2026-07-30,9,12.57
L001764,2026-07-30,3,1.12
L001765,2026-07-30,10,15.85
L001766,2026-07-30,1,0.1
L001767,2026-07-30,7,7.23
L001768,2026-07-30,7,7.23
L001769,2026-07-30,3,1.12
L001770,2026-07-30,3,1.12
L001771,2026-07-30,3,1.12
L001772,2026-07-30,7,7.23
L001773,2026-07-30,2,0.46
L001774,2026-07-30,7,7.23
L001775,2026-07-30,1,0.1
L001776,2026-07-30,3,1.12
L001777,2026-07-30,3,1.12
L001778,2026-07-30,3,1.12
L001779,2026-07-30,1,0.1
L001780,2026-07-30,3,1.12
L001781,2026-07-30,2,0.46
L001782,2026-07-30,4,2.11
L001783,2026-07-30,8,9.7
L001784,2026-07-30,10,15.85
L001785,2026-07-30,10,15.85
L001786,2026-07-30,3,1.12
L001787,2026-07-30,1,0.1
L001788,2026-07-30,1,0.1
L001789,2026-07-30,2,0.46
L001790,2026-07-30,3,1.12
L001791,2026-07-30,3,1.12
L001792,2026-07-30,1,0.1
L001793,2026-07-30,7,7.23
L001794,2026-07-30,1,0.1
L001795,2026-07-30,7,7.23
L001796,2026-07-30,1,0.1
L001797,2026-07-30,3,1.12
L001798,2026-07-30,2,0.46
L001799,2026-07-30,10,15.85
L001800,2026-07-30,1,0.1
L001801,2026-07-30,1,0.1
L001802,2026-07-30,7,7.23
L001803,2026-07-30,2,0.46
L001804,2026-07-30,10,15.85
L001805,2026-07-30,3,1.12
L001806,2026-07-30,10,15.85
L001807,2026-07-30,3,1.12
L001808,2026-07-30,4,2.11
L001809,2026-07-30,2,0.46
L001810,2026-07-30,10,15.85
L001811,2026-07-30,10,15.85
L001812,2026-07-30,2,0.46
L001813,2026-07-30,3,1.12
L001814,2026-07-30,2,0.46
L001815,2026-07-30,9,12.57
L001816,2026-07-30,4,2.11
L001817,2026-07-30,1,0.1
L001818,2026-07-30,3,1.12
L001819,2026-07-30,3,1.12
L001820,2026-07-30,1,0.1
L001821,2026-07-30,1,0.1
L001822,2026-07-30,8,9.7
L001823,2026-07-30,1,0.1
L001824,2026-07-30,1,0.1
L001825,2026-07-30,1,0.1
L001826,2026-07-30,10,15.85
L001827,2026-07-30,1,0.1
L001828,2026-07-30,2,0.46
L001829,2026-07-30,1,0.1
L001830,2026-07-30,5,3.45
L001831,2026-07-30,6,5.15
L001832,2026-07-30,8,9.7
L001833,2026-07-30,4,2.11
L001834,2026-07-30,1,0.1
L001835,2026-07-30,2,0.46
L001836,2026-07-30,2,0.46
L001837,2026-07-30,6,5.15
L001838,2026-07-30,2,0.46
L001839,2026-07-30,3,1.12
L001840,2026-07-30,1,0.1
L001841,2026-07-30,3,1.12
L001842,2026-07-30,2,0.46
L001843,2026-07-30,1,0.1
L001844,2026-07-30,8,9.7
L001845,2026-07-30,8,9.7
L001846,2026-07-30,3,1.12
L001847,2026-07-30,2,0.46
L001848,2026-07-30,9,12.57
L001849,2026-07-30,3,1.12
L001850,2026-07-30,2,0.46
L001851,2026-07-30,4,2.11
L001852,2026-07-30,4,2.11
L001853,2026-07-30,2,0.46
L001854,2026-07-30,1,0.1
L001855,2026-07-30,2,0.46
L001856,2026-07-30,3,1.12
L001857,2026-07-30,3,1.12
L001858,2026-07-30,1,0.1
L001859,2026-07-30,1,0.1
L001860,2026-07-30,6,5.15
L001861,2026-07-30,6,5.15
L001862,2026-07-30,10,15.85
L001863,2026-07-30,2,0.46
L001864,2026-07-30,4,2.11
L001865,2026-07-30,1,0.1
L001866,2026-07-30,3,1.12
L001867,2026-07-30,1,0.1
L001868,2026-07-30,1,0.1
L001869,2026-07-30,3,1.12
L001870,2026-07-30,10,15.85
L001871,2026-07-30,3,1.12
L001872,2026-07-30,1,0.1
L001873,2026-07-30,3,1.12
L001874,2026-07-30,3,1.12
L001875,2026-07-30,4,2.11
L001876,2026-07-30,5,3.45
L001877,2026-07-30,1,0.1
L001878,2026-07-30,2,0.46
L001879,2026-07-30,1,0.1
L001880,2026-07-30,3,1.12
L001881,2026-07-30,1,0.1
L001882,2026-07-30,3,1.12
L001883,2026-07-30,10,15.85
L001884,2026-07-30,1,0.1
L001885,2026-07-30,8,9.7
L001886,2026-07-30,2,0.46
L001887,2026-07-30,6,5.15
L001888,2026-07-30,5,3.45
L001889,2026-07-30,8,9.7
L001890,2026-07-30,8,9.7
L001891,2026-07-30,4,2.11
L001892,2026-07-30,1,0.1
L001893,2026-07-30,1,0.1
L001894,2026-07-30,5,3.45
L001895,2026-07-30,10,15.85
L001896,2026-07-30,7,7.23
L001897,2026-07-30,3,1.12
L001898,2026-07-30,3,1.12
L001899,2026-07-30,2,0.46
L001900,2026-07-30,2,0.46
L001901,2026-07-30,1,0.1
L001902,2026-07-30,6,5.15
L001903,2026-07-30,2,0.46
L001904,2026-07-30,1,0.1
L001905,2026-07-30,6,5.15
L001906,2026-07-30,10,15.85
L001907,2026-07-30,7,7.23
L001908,2026-07-30,2,0.46
L001909,2026-07-30,9,12.57
L001910,2026-07-30,8,9.7
L001911,2026-07-30,3,1.12
L001912,2026-07-30,2,0.46
L001913,2026-07-30,3,1.12
L001914,2026-07-30,1,0.1
L001915,2026-07-30,2,0.46
L001916,2026-07-30,3,1.12
L001917,2026-07-30,3,1.12
L001918,2026-07-30,1,0.1
L001919,2026-07-30,3,1.12
L001920,2026-07-30,9,12.57
L001921,2026-07-30,10,15.85
L001922,2026-07-30,1,0.1
L001923,2026-07-30,7,7.23
L001924,2026-07-30,5,3.45
L001925,2026-07-30,2,0.46
L001926,2026-07-30,1,0.1
L001927,2026-07-30,1,0.1
L001928,2026-07-30,3,1.12
L001929,2026-07-30,2,0.46
L001930,2026-07-30,9,12.57
L001931,2026-07-30,4,2.11
L001932,2026-07-30,3,1.12
L001933,2026-07-30,3,1.12
L001934,2026-07-30,2,0.46
L001935,2026-07-30,6,5.15
L001936,2026-07-30,3,1.12
L001937,2026-07-30,1,0.1
L001938,2026-07-30,1,0.1
L001939,2026-07-30,10,15.85
L001940,2026-07-30,2,0.46
L001941,2026-07-30,2,0.46
L001942,2026-07-30,3,1.12
L001943,2026-07-30,2,0.46
L001944,2026-07-30,1,0.1
L001945,2026-07-30,2,0.46
L001946,2026-07-30,3,1.12
L001947,2026-07-30,4,2.11
L001948,2026-07-30,1,0.1
L001949,2026-07-30,3,1.12
L001950,2026-07-30,2,0.46
L001951,2026-07-30,2,0.46
L001952,2026-07-30,2,0.46
L001953,2026-07-30,3,1.12
L001954,2026-07-30,3,1.12
L001955,2026-07-30,4,2.11
L001956,2026-07-30,7,7.23
L001957,2026-07-30,5,3.45
L001958,2026-07-30,2,0.46
L001959,2026-07-30,1,0.1
L001960,2026-07-30,3,1.12
L001961,2026-07-30,3,1.12
L001962,2026-07-30,2,0.46
L001963,2026-07-30,3,1.12
L001964,2026-07-30,2,0.46
L001965,2026-07-30,2,0.46
L001966,2026-07-30,1,0.1
L001967,2026-07-30,1,0.1
L001968,2026-07-30,2,0.46
L001969,2026-07-30,3,1.12
L001970,2026-07-30,3,1.12
L001971,2026-07-30,3,1.12
L001972,2026-07-30,4,2.11
L001973,2026-07-30,2,0.46
L001974,2026-07-30,1,0.1
L001975,2026-07-30,1,0.1
L001976,2026-07-30,3,1.12
L001977,2026-07-30,2,0.46
L001978,2026-07-30,1,0.1
L001979,2026-07-30,1,0.1
L001980,2026-07-30,9,12.57
L001981,2026-07-30,3,1.12
L001982,2026-07-30,2,0.46
L001983,2026-07-30,1,0.1
L001984,2026-07-30,1,0.1
L001985,2026-07-30,1,0.1
L001986,2026-07-30,1,0.1
L001987,2026-07-30,4,2.11
L001988,2026-07-30,1,0.1
L001989,2026-07-30,1,0.1
L001990,2026-07-30,1,0.1
L001991,2026-07-30,1,0.1
L001992,2026-07-30,10,15.85
L001993,2026-07-30,1,0.1
L001994,2026-07-30,3,1.12
L001995,2026-07-30,3,1.12
L001996,2026-07-30,8,9.7
L001997,2026-07-30,3,1.12
L001998,2026-07-30,2,0.46
L001999,2026-07-30,7,7.23
L002000,2026-07-30,6,5.15
L002001,2026-07-30,8,9.7
L002002,2026-07-30,1,0.1
L002003,2026-07-30,10,15.85
L002004,2026-07-30,3,1.12
L002005,2026-07-30,3,1.12
L002006,2026-07-30,1,0.1
L002007,2026-07-30,2,0.46
L002008,2026-07-30,6,5.15
L002009,2026-07-30,10,15.85
L002010,2026-07-30,10,15.85
L002011,2026-07-30,7,7.23
L002012,2026-07-30,2,0.46
L002013,2026-07-30,2,0.46
L002014,2026-07-30,3,1.12
L002015,2026-07-30,2,0.46
L002016,2026-07-30,3,1.12
L002017,2026-07-30,3,1.12
L002018,2026-07-30,3,1.12
L002019,2026-07-30,2,0.46
L002020,2026-07-30,1,0.1
L002021,2026-07-30,7,7.23
L002022,2026-07-30,8,9.7
L002023,2026-07-30,9,12.57
L002024,2026-07-30,3,1.12
L002025,2026-07-30,3,1.12
L002026,2026-07-30,2,0.46
L002027,2026-07-30,3,1.12
L002028,2026-07-30,7,7.23
L002029,2026-07-30,1,0.1
L002030,2026-07-30,7,7.23
L002031,2026-07-30,5,3.45
L002032,2026-07-30,3,1.12
L002033,2026-07-30,9,12.57
L002034,2026-07-30,1,0.1
L002035,2026-07-30,8,9.7
L002036,2026-07-30,2,0.46
L002037,2026-07-30,2,0.46
L002038,2026-07-30,3,1.12
L002039,2026-07-30,1,0.1
L002040,2026-07-30,5,3.45
L002041,2026-07-30,7,7.23
L002042,2026-07-30,3,1.12
L002043,2026-07-30,2,0.46
L002044,2026-07-30,3,1.12
L002045,2026-07-30,1,0.1
L002046,2026-07-30,3,1.12
L002047,2026-07-30,3,1.12
L002048,2026-07-30,1,0.1
L002049,2026-07-30,7,7.23
L002050,2026-07-30,1,0.1
L002051,2026-07-30,3,1.12
L002052,2026-07-30,1,0.1
L002053,2026-07-30,4,2.11
L002054,2026-07-30,10,15.85
L002055,2026-07-30,2,0.46
L002056,2026-07-30,1,0.1
L002057,2026-07-30,2,0.46
L002058,2026-07-30,2,0.46
L002059,2026-07-30,1,0.1
L002060,2026-07-30,9,12.57
L002061,2026-07-30,2,0.46
L002062,2026-07-30,1,0.1
L002063,2026-07-30,4,2.11
L002064,2026-07-30,2,0.46
L002065,2026-07-30,2,0.46
L002066,2026-07-30,3,1.12
L002067,2026-07-30,9,12.57
L002068,2026-07-30,2,0.46
L002069,2026-07-30,10,15.85
L002070,2026-07-30,2,0.46
L002071,2026-07-30,2,0.46
L002072,2026-07-30,3,1.12
L002073,2026-07-30,3,1.12
L002074,2026-07-30,2,0.46
L002075,2026-07-30,7,7.23
L002076,2026-07-30,2,0.46
L002077,2026-07-30,5,3.45
L002078,2026-07-30,2,0.46
L002079,2026-07-30,3,1.12
L002080,2026-07-30,9,12.57
L002081,2026-07-30,3,1.12
L002082,2026-07-30,3,1.12
L002083,2026-07-30,3,1.12
L002084,2026-07-30,7,7.23
L002085,2026-07-30,9,12.57
L002086,2026-07-30,3,1.12
L002087,2026-07-30,3,1.12
L002088,2026-07-30,5,3.45
L002089,2026-07-30,3,1.12
L002090,2026-07-30,2,0.46
L002091,2026-07-30,1,0.1
L002092,2026-07-30,1,0.1
L002093,2026-07-30,3,1.12
L002094,2026-07-30,2,0.46
L002095,2026-07-30,2,0.46
L002096,2026-07-30,2,0.46
L002097,2026-07-30,3,1.12
L002098,2026-07-30,1,0.1
L002099,2026-07-30,2,0.46
L002100,2026-07-30,3,1.12
L002101,2026-07-30,6,5.15
L002102,2026-07-30,3,1.12
L002103,2026-07-30,8,9.7
L002104,2026-07-30,3,1.12
L002105,2026-07-30,1,0.1
L002106,2026-07-30,3,1.12
L002107,2026-07-30,1,0.1
L002108,2026-07-30,1,0.1
L002109,2026-07-30,8,9.7
L002110,2026-07-30,4,2.11
L002111,2026-07-30,5,3.45
L002112,2026-07-30,8,9.7
L002113,2026-07-30,1,0.1
L002114,2026-07-30,7,7.23
L002115,2026-07-30,2,0.46
L002116,2026-07-30,8,9.7
L002117,2026-07-30,3,1.12
L002118,2026-07-30,2,0.46
L002119,2026-07-30,1,0.1
L002120,2026-07-30,4,2.11
L002121,2026-07-30,7,7.23
L002122,2026-07-30,8,9.7
L002123,2026-07-30,1,0.1
L002124,2026-07-30,3,1.12
L002125,2026-07-30,7,7.23
L002126,2026-07-30,1,0.1
L002127,2026-07-30,4,2.11
L002128,2026-07-30,7,7.23
L002129,2026-07-30,7,7.23
L002130,2026-07-30,6,5.15
L002131,2026-07-30,9,12.57
L002132,2026-07-30,6,5.15
L002133,2026-07-30,2,0.46
L002134,2026-07-30,2,0.46
L002135,2026-07-30,1,0.1
L002136,2026-07-30,3,1.12
L002137,2026-07-30,6,5.15
L002138,2026-07-30,4,2.11
L002139,2026-07-30,3,1.12
L002140,2026-07-30,3,1.12
L002141,2026-07-30,2,0.46
L002142,2026-07-30,4,2.11
L002143,2026-07-30,3,1.12
L002144,2026-07-30,2,0.46
L002145,2026-07-30,2,0.46
L002146,2026-07-30,1,0.1
L002147,2026-07-30,7,7.23
L002148,2026-07-30,3,1.12
L002149,2026-07-30,9,12.57
L002150,2026-07-30,1,0.1
L002151,2026-07-30,1,0.1
L002152,2026-07-30,8,9.7
L002153,2026-07-30,1,0.1
L002154,2026-07-30,1,0.1
L002155,2026-07-30,9,12.57
L002156,2026-07-30,1,0.1
L002157,2026-07-30,3,1.12
L002158,2026-07-30,9,12.57
L002159,2026-07-30,3,1.12
L002160,2026-07-30,1,0.1
L002161,2026-07-30,6,5.15
L002162,2026-07-30,1,0.1
L002163,2026-07-30,3,1.12
L002164,2026-07-30,2,0.46
L002165,2026-07-30,1,0.1
L002166,2026-07-30,5,3.45
L002167,2026-07-30,2,0.46
L002168,2026-07-30,3,1.12
L002169,2026-07-30,3,1.12
L002170,2026-07-30,6,5.15
L002171,2026-07-30,2,0.46
L002172,2026-07-30,2,0.46
L002173,2026-07-30,2,0.46
L002174,2026-07-30,3,1.12
L002175,2026-07-30,1,0.1
L002176,2026-07-30,1,0.1
L002177,2026-07-30,3,1.12
L002178,2026-07-30,1,0.1
L002179,2026-07-30,1,0.1
L002180,2026-07-30,3,1.12
L002181,2026-07-30,6,5.15
L002182,2026-07-30,1,0.1
L002183,2026-07-30,1,0.1
L002184,2026-07-30,7,7.23
L002185,2026-07-30,7,7.23
L002186,2026-07-30,1,0.1
L002187,2026-07-30,1,0.1
L002188,2026-07-30,1,0.1
L002189,2026-07-30,3,1.12
L002190,2026-07-30,5,3.45
L002191,2026-07-30,3,1.12
L002192,2026-07-30,2,0.46
L002193,2026-07-30,3,1.12
L002194,2026-07-30,3,1.12
L002195,2026-07-30,1,0.1
L002196,2026-07-30,1,0.1
L002197,2026-07-30,2,0.46
L002198,2026-07-30,5,3.45
L002199,2026-07-30,2,0.46
L002200,2026-07-30,5,3.45
L002201,2026-07-30,1,0.1
L002202,2026-07-30,5,3.45
L002203,2026-07-30,2,0.46
L002204,2026-07-30,3,1.12
L002205,2026-07-30,2,0.46
L002206,2026-07-30,2,0.46
L002207,2026-07-30,8,9.7
L002208,2026-07-30,3,1.12
L002209,2026-07-30,2,0.46
L002210,2026-07-30,2,0.46
L002211,2026-07-30,4,2.11
L002212,2026-07-30,1,0.1
L002213,2026-07-30,1,0.1
L002214,2026-07-30,3,1.12
L002215,2026-07-30,10,15.85
L002216,2026-07-30,4,2.11
L002217,2026-07-30,5,3.45
L002218,2026-07-30,3,1.12
L002219,2026-07-30,2,0.46
L002220,2026-07-30,8,9.7
L002221,2026-07-30,2,0.46
L002222,2026-07-30,2,0.46
L002223,2026-07-30,2,0.46
L002224,2026-07-30,3,1.12
L002225,2026-07-30,5,3.45
L002226,2026-07-30,3,1.12
L002227,2026-07-30,4,2.11
L002228,2026-07-30,3,1.12
L002229,2026-07-30,9,12.57
L002230,2026-07-30,2,0.46
L002231,2026-07-30,9,12.57
L002232,2026-07-30,2,0.46
L002233,2026-07-30,1,0.1
L002234,2026-07-30,2,0.46
L002235,2026-07-30,6,5.15
L002236,2026-07-30,8,9.7
L002237,2026-07-30,3,1.12
L002238,2026-07-30,2,0.46
L002239,2026-07-30,1,0.1
L002240,2026-07-30,8,9.7
L002241,2026-07-30,8,9.7
L002242,2026-07-30,2,0.46
L002243,2026-07-30,3,1.12
L002244,2026-07-30,1,0.1
L002245,2026-07-30,2,0.46
L002246,2026-07-30,1,0.1
L002247,2026-07-30,7,7.23
L002248,2026-07-30,8,9.7
L002249,2026-07-30,1,0.1
L002250,2026-07-30,8,9.7
L002251,2026-07-30,1,0.1
L002252,2026-07-30,1,0.1
L002253,2026-07-30,3,1.12
L002254,2026-07-30,2,0.46
L002255,2026-07-30,8,9.7
L002256,2026-07-30,1,0.1
L002257,2026-07-30,1,0.1
L002258,2026-07-30,7,7.23
L002259,2026-07-30,2,0.46
L002260,2026-07-30,1,0.1
L002261,2026-07-30,9,12.57
L002262,2026-07-30,3,1.12
L002263,2026-07-30,3,1.12
L002264,2026-07-30,2,0.46
L002265,2026-07-30,5,3.45
L002266,2026-07-30,2,0.46
L002267,2026-07-30,1,0.1
L002268,2026-07-30,2,0.46
L002269,2026-07-30,8,9.7
L002270,2026-07-30,7,7.23
L002271,2026-07-30,1,0.1
L002272,2026-07-30,4,2.11
L002273,2026-07-30,7,7.23
L002274,2026-07-30,4,2.11
L002275,2026-07-30,1,0.1
L002276,2026-07-30,6,5.15
L002277,2026-07-30,3,1.12
L002278,2026-07-30,3,1.12
L002279,2026-07-30,2,0.46
L002280,2026-07-30,4,2.11
L002281,2026-07-30,6,5.15
L002282,2026-07-30,1,0.1
L002283,2026-07-30,7,7.23
L002284,2026-07-30,4,2.11
L002285,2026-07-30,7,7.23
L002286,2026-07-30,4,2.11
L002287,2026-07-30,4,2.11
L002288,2026-07-30,9,12.57
L002289,2026-07-30,3,1.12
L002290,2026-07-30,1,0.1
L002291,2026-07-30,9,12.57
L002292,2026-07-30,9,12.57
L002293,2026-07-30,3,1.12
L002294,2026-07-30,2,0.46
L002295,2026-07-30,5,3.45
L002296,2026-07-30,2,0.46
L002297,2026-07-30,1,0.1
L002298,2026-07-30,6,5.15
L002299,2026-07-30,2,0.46
L002300,2026-07-30,3,1.12
L002301,2026-07-30,9,12.57
L002302,2026-07-30,6,5.15
L002303,2026-07-30,1,0.1
L002304,2026-07-30,3,1.12
L002305,2026-07-30,2,0.46
L002306,2026-07-30,2,0.46
L002307,2026-07-30,1,0.1
L002308,2026-07-30,10,15.85
L002309,2026-07-30,1,0.1
L002310,2026-07-30,3,1.12
L002311,2026-07-30,10,15.85
L002312,2026-07-30,4,2.11
L002313,2026-07-30,8,9.7
L002314,2026-07-30,1,0.1
L002315,2026-07-30,1,0.1
L002316,2026-07-30,8,9.7
L002317,2026-07-30,6,5.15
L002318,2026-07-30,6,5.15
L002319,2026-07-30,8,9.7
L002320,2026-07-30,2,0.46
L002321,2026-07-30,1,0.1
L002322,2026-07-30,10,15.85
L002323,2026-07-30,2,0.46
L002324,2026-07-30,4,2.11
L002325,2026-07-30,1,0.1
L002326,2026-07-30,4,2.11
L002327,2026-07-30,1,0.1
L002328,2026-07-30,1,0.1
L002329,2026-07-30,2,0.46
L002330,2026-07-30,5,3.45
L002331,2026-07-30,1,0.1
L002332,2026-07-30,7,7.23
L002333,2026-07-30,2,0.46
L002334,2026-07-30,1,0.1
L002335,2026-07-30,1,0.1
L002336,2026-07-30,3,1.12
L002337,2026-07-30,3,1.12
L002338,2026-07-30,2,0.46
L002339,2026-07-30,5,3.45
L002340,2026-07-30,8,9.7
L002341,2026-07-30,1,0.1
L002342,2026-07-30,3,1.12
L002343,2026-07-30,1,0.1
L002344,2026-07-30,2,0.46
L002345,2026-07-30,10,15.85
L002346,2026-07-30,3,1.12
L002347,2026-07-30,1,0.1
L002348,2026-07-30,9,12.57
L002349,2026-07-30,3,1.12
L002350,2026-07-30,1,0.1
L002351,2026-07-30,2,0.46
L002352,2026-07-30,3,1.12
L002353,2026-07-30,2,0.46
L002354,2026-07-30,3,1.12
L002355,2026-07-30,3,1.12
L002356,2026-07-30,1,0.1
L002357,2026-07-30,2,0.46
L002358,2026-07-30,1,0.1
L002359,2026-07-30,4,2.11
L002360,2026-07-30,10,15.85
L002361,2026-07-30,3,1.12
L002362,2026-07-30,3,1.12
L002363,2026-07-30,6,5.15
L002364,2026-07-30,3,1.12
L002365,2026-07-30,1,0.1
L002366,2026-07-30,3,1.12
L002367,2026-07-30,2,0.46
L002368,2026-07-30,5,3.45
L002369,2026-07-30,1,0.1
L002370,2026-07-30,1,0.1
L002371,2026-07-30,3,1.12
L002372,2026-07-30,6,5.15
L002373,2026-07-30,1,0.1
L002374,2026-07-30,1,0.1
L002375,2026-07-30,1,0.1
L002376,2026-07-30,9,12.57
L002377,2026-07-30,1,0.1
L002378,2026-07-30,2,0.46
L002379,2026-07-30,3,1.12
L002380,2026-07-30,5,3.45
L002381,2026-07-30,3,1.12
L002382,2026-07-30,1,0.1
L002383,2026-07-30,3,1.12
L002384,2026-07-30,2,0.46
L002385,2026-07-30,2,0.46
L002386,2026-07-30,2,0.46
L002387,2026-07-30,4,2.11
L002388,2026-07-30,1,0.1
L002389,2026-07-30,2,0.46
L002390,2026-07-30,2,0.46
L002391,2026-07-30,3,1.12
L002392,2026-07-30,3,1.12
L002393,2026-07-30,2,0.46
L002394,2026-07-30,8,9.7
L002395,2026-07-30,7,7.23
L002396,2026-07-30,2,0.46
L002397,2026-07-30,3,1.12
L002398,2026-07-30,5,3.45
L002399,2026-07-30,1,0.1
L002400,2026-07-30,3,1.12
L002401,2026-07-30,3,1.12
L002402,2026-07-30,1,0.1
L002403,2026-07-30,2,0.46
L002404,2026-07-30,3,1.12
L002405,2026-07-30,7,7.23
L002406,2026-07-30,8,9.7
L002407,2026-07-30,2,0.46
L002408,2026-07-30,7,7.23
L002409,2026-07-30,1,0.1
L002410,2026-07-30,1,0.1
L002411,2026-07-30,3,1.12
L002412,2026-07-30,3,1.12
L002413,2026-07-30,2,0.46
L002414,2026-07-30,2,0.46
L002415,2026-07-30,9,12.57
L002416,2026-07-30,3,1.12
L002417,2026-07-30,7,7.23
L002418,2026-07-30,3,1.12
L002419,2026-07-30,3,1.12
L002420,2026-07-30,1,0.1
L002421,2026-07-30,4,2.11
L002422,2026-07-30,3,1.12
L002423,2026-07-30,7,7.23
L002424,2026-07-30,1,0.1
L002425,2026-07-30,8,9.7
L002426,2026-07-30,2,0.46
L002427,2026-07-30,9,12.57
L002428,2026-07-30,1,0.1
L002429,2026-07-30,8,9.7
L002430,2026-07-30,10,15.85
L002431,2026-07-30,3,1.12
L002432,2026-07-30,8,9.7
L002433,2026-07-30,6,5.15
L002434,2026-07-30,2,0.46
L002435,2026-07-30,1,0.1
L002436,2026-07-30,2,0.46
L002437,2026-07-30,1,0.1
L002438,2026-07-30,1,0.1
L002439,2026-07-30,5,3.45
L002440,2026-07-30,8,9.7
L002441,2026-07-30,2,0.46
L002442,2026-07-30,1,0.1
L002443,2026-07-30,3,1.12
L002444,2026-07-30,1,0.1
L002445,2026-07-30,1,0.1
L002446,2026-07-30,2,0.46
L002447,2026-07-30,4,2.11
L002448,2026-07-30,3,1.12
L002449,2026-07-30,2,0.46
L002450,2026-07-30,4,2.11
L002451,2026-07-30,1,0.1
L002452,2026-07-30,2,0.46
L002453,2026-07-30,3,1.12
L002454,2026-07-30,2,0.46
L002455,2026-07-30,4,2.11
L002456,2026-07-30,5,3.45
L002457,2026-07-30,3,1.12
L002458,2026-07-30,1,0.1
L002459,2026-07-30,10,15.85
L002460,2026-07-30,2,0.46
L002461,2026-07-30,10,15.85
L002462,2026-07-30,1,0.1
L002463,2026-07-30,8,9.7
L002464,2026-07-30,2,0.46
L002465,2026-07-30,1,0.1
L002466,2026-07-30,1,0.1
L002467,2026-07-30,3,1.12
L002468,2026-07-30,8,9.7
L002469,2026-07-30,3,1.12
L002470,2026-07-30,1,0.1
L002471,2026-07-30,2,0.46
L002472,2026-07-30,3,1.12
L002473,2026-07-30,2,0.46
L002474,2026-07-30,4,2.11
L002475,2026-07-30,2,0.46
L002476,2026-07-30,3,1.12
L002477,2026-07-30,2,0.46
L002478,2026-07-30,2,0.46
L002479,2026-07-30,3,1.12
L002480,2026-07-30,4,2.11
L002481,2026-07-30,1,0.1
L002482,2026-07-30,1,0.1
L002483,2026-07-30,1,0.1
L002484,2026-07-30,1,0.1
L002485,2026-07-30,2,0.46
L002486,2026-07-30,3,1.12
L002487,2026-07-30,5,3.45
L002488,2026-07-30,3,1.12
L002489,2026-07-30,6,5.15
L002490,2026-07-30,1,0.1
L002491,2026-07-30,2,0.46
L002492,2026-07-30,2,0.46
L002493,2026-07-30,3,1.12
L002494,2026-07-30,1,0.1
L002495,2026-07-30,2,0.46
L002496,2026-07-30,10,15.85
L002497,2026-07-30,1,0.1
L002498,2026-07-30,2,0.46
L002499,2026-07-30,7,7.23
L002500,2026-07-30,4,2.11
L002501,2026-07-30,1,0.1
L002502,2026-07-30,1,0.1
L002503,2026-07-30,10,15.85
L002504,2026-07-30,10,15.85
L002505,2026-07-30,1,0.1
L002506,2026-07-30,1,0.1
L002507,2026-07-30,5,3.45
L002508,2026-07-30,2,0.46
L002509,2026-07-30,1,0.1
L002510,2026-07-30,1,0.1
L002511,2026-07-30,1,0.1
L002512,2026-07-30,1,0.1
L002513,2026-07-30,1,0.1
L002514,2026-07-30,9,12.57
L002515,2026-07-30,3,1.12
L002516,2026-07-30,3,1.12
L002517,2026-07-30,1,0.1
L002518,2026-07-30,10,15.85
L002519,2026-07-30,4,2.11
L002520,2026-07-30,9,12.57
L002521,2026-07-30,9,12.57
L002522,2026-07-30,9,12.57
L002523,2026-07-30,7,7.23
L002524,2026-07-30,7,7.23
L002525,2026-07-30,2,0.46
L002526,2026-07-30,8,9.7
L002527,2026-07-30,1,0.1
L002528,2026-07-30,4,2.11
L002529,2026-07-30,3,1.12
L002530,2026-07-30,3,1.12
L002531,2026-07-30,2,0.46
L002532,2026-07-30,1,0.1
L002533,2026-07-30,9,12.57
L002534,2026-07-30,10,15.85
L002535,2026-07-30,4,2.11
L002536,2026-07-30,2,0.46
L002537,2026-07-30,5,3.45
L002538,2026-07-30,1,0.1
L002539,2026-07-30,1,0.1
L002540,2026-07-30,5,3.45
L002541,2026-07-30,4,2.11
L002542,2026-07-30,1,0.1
L002543,2026-07-30,3,1.12
L002544,2026-07-30,3,1.12
L002545,2026-07-30,1,0.1
L002546,2026-07-30,1,0.1
L002547,2026-07-30,8,9.7
L002548,2026-07-30,2,0.46
L002549,2026-07-30,2,0.46
L002550,2026-07-30,3,1.12
L002551,2026-07-30,2,0.46
L002552,2026-07-30,3,1.12
L002553,2026-07-30,6,5.15
L002554,2026-07-30,1,0.1
L002555,2026-07-30,3,1.12
L002556,2026-07-30,7,7.23
L002557,2026-07-30,10,15.85
L002558,2026-07-30,10,15.85
L002559,2026-07-30,3,1.12
L002560,2026-07-30,2,0.46
L002561,2026-07-30,1,0.1
L002562,2026-07-30,3,1.12
L002563,2026-07-30,4,2.11
L002564,2026-07-30,10,15.85
L002565,2026-07-30,3,1.12
L002566,2026-07-30,4,2.11
L002567,2026-07-30,3,1.12
L002568,2026-07-30,2,0.46
L002569,2026-07-30,1,0.1
L002570,2026-07-30,5,3.45
L002571,2026-07-30,10,15.85
L002572,2026-07-30,2,0.46
L002573,2026-07-30,3,1.12
L002574,2026-07-30,7,7.23
L002575,2026-07-30,8,9.7
L002576,2026-07-30,9,12.57
L002577,2026-07-30,10,15.85
L002578,2026-07-30,3,1.12
L002579,2026-07-30,3,1.12
L002580,2026-07-30,3,1.12
L002581,2026-07-30,2,0.46
L002582,2026-07-30,6,5.15
L002583,2026-07-30,1,0.1
L002584,2026-07-30,5,3.45
L002585,2026-07-30,8,9.7
L002586,2026-07-30,3,1.12
L002587,2026-07-30,4,2.11
L002588,2026-07-30,3,1.12
L002589,2026-07-30,3,1.12
L002590,2026-07-30,1,0.1
L002591,2026-07-30,2,0.46
L002592,2026-07-30,1,0.1
L002593,2026-07-30,6,5.15
L002594,2026-07-30,1,0.1
L002595,2026-07-30,3,1.12
L002596,2026-07-30,10,15.85
L002597,2026-07-30,1,0.1
L002598,2026-07-30,9,12.57
L002599,2026-07-30,7,7.23
L002600,2026-07-30,8,9.7
L002601,2026-07-30,5,3.45
L002602,2026-07-30,5,3.45
L002603,2026-07-30,2,0.46
L002604,2026-07-30,6,5.15
L002605,2026-07-30,9,12.57
L002606,2026-07-30,8,9.7
L002607,2026-07-30,1,0.1
L002608,2026-07-30,1,0.1
L002609,2026-07-30,2,0.46
L002610,2026-07-30,1,0.1
L002611,2026-07-30,2,0.46
L002612,2026-07-30,2,0.46
L002613,2026-07-30,2,0.46
L002614,2026-07-30,8,9.7
L002615,2026-07-30,1,0.1
L002616,2026-07-30,2,0.46
L002617,2026-07-30,1,0.1
L002618,2026-07-30,2,0.46
L002619,2026-07-30,6,5.15
L002620,2026-07-30,1,0.1
L002621,2026-07-30,2,0.46
L002622,2026-07-30,1,0.1
L002623,2026-07-30,1,0.1
L002624,2026-07-30,5,3.45
L002625,2026-07-30,10,15.85
L002626,2026-07-30,1,0.1
L002627,2026-07-30,8,9.7
L002628,2026-07-30,5,3.45
L002629,2026-07-30,5,3.45
L002630,2026-07-30,3,1.12
L002631,2026-07-30,3,1.12
L002632,2026-07-30,1,0.1
L002633,2026-07-30,2,0.46
L002634,2026-07-30,4,2.11
L002635,2026-07-30,1,0.1
L002636,2026-07-30,9,12.57
L002637,2026-07-30,6,5.15
L002638,2026-07-30,3,1.12
L002639,2026-07-30,2,0.46
L002640,2026-07-30,2,0.46
L002641,2026-07-30,6,5.15
L002642,2026-07-30,3,1.12
L002643,2026-07-30,3,1.12
L002644,2026-07-30,1,0.1
L002645,2026-07-30,1,0.1
L002646,2026-07-30,1,0.1
L002647,2026-07-30,2,0.46
L002648,2026-07-30,2,0.46
L002649,2026-07-30,10,15.85
L002650,2026-07-30,2,0.46
L002651,2026-07-30,1,0.1
L002652,2026-07-30,4,2.11
L002653,2026-07-30,3,1.12
L002654,2026-07-30,7,7.23
L002655,2026-07-30,1,0.1
L002656,2026-07-30,7,7.23
L002657,2026-07-30,3,1.12
L002658,2026-07-30,1,0.1
L002659,2026-07-30,2,0.46
L002660,2026-07-30,2,0.46
L002661,2026-07-30,10,15.85
L002662,2026-07-30,3,1.12
L002663,2026-07-30,4,2.11
L002664,2026-07-30,10,15.85
L002665,2026-07-30,3,1.12
L002666,2026-07-30,4,2.11
L002667,2026-07-30,1,0.1
L002668,2026-07-30,1,0.1
L002669,2026-07-30,10,15.85
L002670,2026-07-30,1,0.1
L002671,2026-07-30,4,2.11
L002672,2026-07-30,2,0.46
L002673,2026-07-30,3,1.12
L002674,2026-07-30,3,1.12
L002675,2026-07-30,7,7.23
L002676,2026-07-30,4,2.11
L002677,2026-07-30,7,7.23
L002678,2026-07-30,3,1.12
L002679,2026-07-30,2,0.46
L002680,2026-07-30,2,0.46
L002681,2026-07-30,8,9.7
L002682,2026-07-30,1,0.1
L002683,2026-07-30,10,15.85
L002684,2026-07-30,2,0.46
L002685,2026-07-30,3,1.12
L002686,2026-07-30,3,1.12
L002687,2026-07-30,1,0.1
L002688,2026-07-30,3,1.12
L002689,2026-07-30,9,12.57
L002690,2026-07-30,1,0.1
L002691,2026-07-30,1,0.1
L002692,2026-07-30,2,0.46
L002693,2026-07-30,3,1.12
L002694,2026-07-30,2,0.46
L002695,2026-07-30,3,1.12
L002696,2026-07-30,4,2.11
L002697,2026-07-30,10,15.85
L002698,2026-07-30,4,2.11
L002699,2026-07-30,1,0.1
L002700,2026-07-30,4,2.11
L002701,2026-07-30,1,0.1
L002702,2026-07-30,9,12.57
L002703,2026-07-30,6,5.15
L002704,2026-07-30,3,1.12
L002705,2026-07-30,1,0.1
L002706,2026-07-30,7,7.23
L002707,2026-07-30,3,1.12
L002708,2026-07-30,3,1.12
L002709,2026-07-30,3,1.12
L002710,2026-07-30,4,2.11
L002711,2026-07-30,4,2.11
L002712,2026-07-30,4,2.11
L002713,2026-07-30,3,1.12
L002714,2026-07-30,2,0.46
L002715,2026-07-30,4,2.11
L002716,2026-07-30,2,0.46
L002717,2026-07-30,1,0.1
L002718,2026-07-30,3,1.12
L002719,2026-07-30,1,0.1
L002720,2026-07-30,2,0.46
L002721,2026-07-30,5,3.45
L002722,2026-07-30,1,0.1
L002723,2026-07-30,6,5.15
L002724,2026-07-30,1,0.1
L002725,2026-07-30,3,1.12
L002726,2026-07-30,3,1.12
L002727,2026-07-30,3,1.12
L002728,2026-07-30,10,15.85
L002729,2026-07-30,3,1.12
L002730,2026-07-30,3,1.12
L002731,2026-07-30,2,0.46
L002732,2026-07-30,1,0.1
L002733,2026-07-30,1,0.1
L002734,2026-07-30,1,0.1
L002735,2026-07-30,2,0.46
L002736,2026-07-30,2,0.46
L002737,2026-07-30,1,0.1
L002738,2026-07-30,2,0.46
L002739,2026-07-30,2,0.46
L002740,2026-07-30,1,0.1
L002741,2026-07-30,3,1.12
L002742,2026-07-30,2,0.46
L002743,2026-07-30,2,0.46
L002744,2026-07-30,1,0.1
L002745,2026-07-30,1,0.1
L002746,2026-07-30,1,0.1
L002747,2026-07-30,2,0.46
L002748,2026-07-30,3,1.12
L002749,2026-07-30,6,5.15
L002750,2026-07-30,8,9.7
L002751,2026-07-30,2,0.46
L002752,2026-07-30,1,0.1
L002753,2026-07-30,2,0.46
L002754,2026-07-30,2,0.46
L002755,2026-07-30,3,1.12
L002756,2026-07-30,7,7.23
L002757,2026-07-30,8,9.7
L002758,2026-07-30,8,9.7
L002759,2026-07-30,8,9.7
L002760,2026-07-30,2,0.46
L002761,2026-07-30,4,2.11
L002762,2026-07-30,9,12.57
L002763,2026-07-30,3,1.12
L002764,2026-07-30,3,1.12
L002765,2026-07-30,6,5.15
L002766,2026-07-30,3,1.12
L002767,2026-07-30,5,3.45
L002768,2026-07-30,2,0.46
L002769,2026-07-30,1,0.1
L002770,2026-07-30,7,7.23
L002771,2026-07-30,8,9.7
L002772,2026-07-30,2,0.46
L002773,2026-07-30,2,0.46
L002774,2026-07-30,2,0.46
L002775,2026-07-30,7,7.23
L002776,2026-07-30,1,0.1
L002777,2026-07-30,1,0.1
L002778,2026-07-30,2,0.46
L002779,2026-07-30,1,0.1
L002780,2026-07-30,1,0.1
L002781,2026-07-30,5,3.45
L002782,2026-07-30,3,1.12
L002783,2026-07-30,2,0.46
L002784,2026-07-30,3,1.12
L002785,2026-07-30,6,5.15
L002786,2026-07-30,2,0.46
L002787,2026-07-30,1,0.1
L002788,2026-07-30,10,15.85
L002789,2026-07-30,5,3.45
L002790,2026-07-30,1,0.1
L002791,2026-07-30,8,9.7
L002792,2026-07-30,7,7.23
L002793,2026-07-30,6,5.15
L002794,2026-07-30,2,0.46
L002795,2026-07-30,3,1.12
L002796,2026-07-30,2,0.46
L002797,2026-07-30,8,9.7
L002798,2026-07-30,2,0.46
L002799,2026-07-30,3,1.12
L002800,2026-07-30,2,0.46
L002801,2026-07-30,2,0.46
L002802,2026-07-30,4,2.11
L002803,2026-07-30,3,1.12
L002804,2026-07-30,3,1.12
L002805,2026-07-30,2,0.46
L002806,2026-07-30,1,0.1
L002807,2026-07-30,9,12.57
L002808,2026-07-30,3,1.12
L002809,2026-07-30,2,0.46
L002810,2026-07-30,1,0.1
L002811,2026-07-30,1,0.1
L002812,2026-07-30,2,0.46
L002813,2026-07-30,2,0.46
L002814,2026-07-30,1,0.1
L002815,2026-07-30,1,0.1
L002816,2026-07-30,7,7.23
L002817,2026-07-30,2,0.46
L002818,2026-07-30,4,2.11
L002819,2026-07-30,2,0.46
L002820,2026-07-30,2,0.46
L002821,2026-07-30,9,12.57
L002822,2026-07-30,1,0.1
L002823,2026-07-30,8,9.7
L002824,2026-07-30,3,1.12
L002825,2026-07-30,2,0.46
L002826,2026-07-30,1,0.1
L002827,2026-07-30,1,0.1
L002828,2026-07-30,3,1.12
L002829,2026-07-30,2,0.46
L002830,2026-07-30,2,0.46
L002831,2026-07-30,3,1.12
L002832,2026-07-30,7,7.23
L002833,2026-07-30,2,0.46
L002834,2026-07-30,8,9.7
L002835,2026-07-30,1,0.1
L002836,2026-07-30,3,1.12
L002837,2026-07-30,5,3.45
L002838,2026-07-30,1,0.1
L002839,2026-07-30,2,0.46
L002840,2026-07-30,3,1.12
L002841,2026-07-30,2,0.46
L002842,2026-07-30,8,9.7
L002843,2026-07-30,3,1.12
L002844,2026-07-30,3,1.12
L002845,2026-07-30,2,0.46
L002846,2026-07-30,2,0.46
L002847,2026-07-30,10,15.85
L002848,2026-07-30,1,0.1
L002849,2026-07-30,7,7.23
L002850,2026-07-30,9,12.57
L002851,2026-07-30,8,9.7
L002852,2026-07-30,1,0.1
L002853,2026-07-30,1,0.1
L002854,2026-07-30,2,0.46
L002855,2026-07-30,2,0.46
L002856,2026-07-30,1,0.1
L002857,2026-07-30,2,0.46
L002858,2026-07-30,6,5.15
L002859,2026-07-30,3,1.12
L002860,2026-07-30,2,0.46
L002861,2026-07-30,4,2.11
L002862,2026-07-30,7,7.23
L002863,2026-07-30,5,3.45
L002864,2026-07-30,1,0.1
L002865,2026-07-30,1,0.1
L002866,2026-07-30,1,0.1
L002867,2026-07-30,1,0.1
L002868,2026-07-30,1,0.1
L002869,2026-07-30,2,0.46
L002870,2026-07-30,1,0.1
L002871,2026-07-30,2,0.46
L002872,2026-07-30,1,0.1
L002873,2026-07-30,1,0.1
L002874,2026-07-30,1,0.1
L002875,2026-07-30,2,0.46
L002876,2026-07-30,2,0.46
L002877,2026-07-30,2,0.46
L002878,2026-07-30,3,1.12
L002879,2026-07-30,5,3.45
L002880,2026-07-30,9,12.57
L002881,2026-07-30,4,2.11
L002882,2026-07-30,8,9.7
L002883,2026-07-30,1,0.1
L002884,2026-07-30,9,12.57
L002885,2026-07-30,7,7.23
L002886,2026-07-30,6,5.15
L002887,2026-07-30,2,0.46
L002888,2026-07-30,3,1.12
L002889,2026-07-30,1,0.1
L002890,2026-07-30,2,0.46
L002891,2026-07-30,1,0.1
L002892,2026-07-30,3,1.12
L002893,2026-07-30,3,1.12
L002894,2026-07-30,1,0.1
L002895,2026-07-30,4,2.11
L002896,2026-07-30,3,1.12
L002897,2026-07-30,2,0.46
L002898,2026-07-30,3,1.12
L002899,2026-07-30,3,1.12
L002900,2026-07-30,6,5.15
L002901,2026-07-30,1,0.1
L002902,2026-07-30,2,0.46
L002903,2026-07-30,5,3.45
L002904,2026-07-30,1,0.1
L002905,2026-07-30,4,2.11
L002906,2026-07-30,5,3.45
L002907,2026-07-30,3,1.12
L002908,2026-07-30,1,0.1
L002909,2026-07-30,1,0.1
L002910,2026-07-30,3,1.12
L002911,2026-07-30,5,3.45
L002912,2026-07-30,6,5.15
L002913,2026-07-30,9,12.57
L002914,2026-07-30,6,5.15
L002915,2026-07-30,2,0.46
L002916,2026-07-30,7,7.23
L002917,2026-07-30,9,12.57
L002918,2026-07-30,1,0.1
L002919,2026-07-30,3,1.12
L002920,2026-07-30,3,1.12
L002921,2026-07-30,3,1.12
L002922,2026-07-30,6,5.15
L002923,2026-07-30,9,12.57
L002924,2026-07-30,3,1.12
L002925,2026-07-30,1,0.1
L002926,2026-07-30,3,1.12
L002927,2026-07-30,2,0.46
L002928,2026-07-30,3,1.12
L002929,2026-07-30,3,1.12
L002930,2026-07-30,10,15.85
L002931,2026-07-30,1,0.1
L002932,2026-07-30,2,0.46
L002933,2026-07-30,3,1.12
L002934,2026-07-30,2,0.46
L002935,2026-07-30,4,2.11
L002936,2026-07-30,1,0.1
L002937,2026-07-30,3,1.12
L002938,2026-07-30,2,0.46
L002939,2026-07-30,1,0.1
L002940,2026-07-30,4,2.11
L002941,2026-07-30,2,0.46
L002942,2026-07-30,5,3.45
L002943,2026-07-30,3,1.12
L002944,2026-07-30,10,15.85
L002945,2026-07-30,3,1.12
L002946,2026-07-30,6,5.15
L002947,2026-07-30,5,3.45
L002948,2026-07-30,4,2.11
L002949,2026-07-30,1,0.1
L002950,2026-07-30,4,2.11
L002951,2026-07-30,7,7.23
L002952,2026-07-30,2,0.46
L002953,2026-07-30,1,0.1
L002954,2026-07-30,2,0.46
L002955,2026-07-30,8,9.7
L002956,2026-07-30,3,1.12
L002957,2026-07-30,3,1.12
L002958,2026-07-30,3,1.12
L002959,2026-07-30,5,3.45
L002960,2026-07-30,3,1.12
L002961,2026-07-30,5,3.45
L002962,2026-07-30,7,7.23
L002963,2026-07-30,3,1.12
L002964,2026-07-30,3,1.12
L002965,2026-07-30,7,7.23
L002966,2026-07-30,1,0.1
L002967,2026-07-30,2,0.46
L002968,2026-07-30,2,0.46
L002969,2026-07-30,2,0.46
L002970,2026-07-30,3,1.12
L002971,2026-07-30,4,2.11
L002972,2026-07-30,6,5.15
L002973,2026-07-30,2,0.46
L002974,2026-07-30,8,9.7
L002975,2026-07-30,5,3.45
L002976,2026-07-30,1,0.1
L002977,2026-07-30,5,3.45
L002978,2026-07-30,1,0.1
L002979,2026-07-30,5,3.45
L002980,2026-07-30,2,0.46
L002981,2026-07-30,2,0.46
L002982,2026-07-30,2,0.46
L002983,2026-07-30,2,0.46
L002984,2026-07-30,5,3.45
L002985,2026-07-30,2,0.46
L002986,2026-07-30,3,1.12
L002987,2026-07-30,3,1.12
L002988,2026-07-30,3,1.12
L002989,2026-07-30,9,12.57
L002990,2026-07-30,2,0.46
L002991,2026-07-30,3,1.12
L002992,2026-07-30,2,0.46
L002993,2026-07-30,2,0.46
L002994,2026-07-30,10,15.85
L002995,2026-07-30,3,1.12
L002996,2026-07-30,5,3.45
L002997,2026-07-30,3,1.12
L002998,2026-07-30,8,9.7
L002999,2026-07-30,3,1.12
L003000,2026-07-30,1,0.1
L003001,2026-07-30,3,1.12
L003002,2026-07-30,2,0.46
L003003,2026-07-30,2,0.46
L003004,2026-07-30,1,0.1
L003005,2026-07-30,7,7.23
L003006,2026-07-30,2,0.46
L003007,2026-07-30,1,0.1
L003008,2026-07-30,3,1.12
L003009,2026-07-30,1,0.1
L003010,2026-07-30,6,5.15
L003011,2026-07-30,2,0.46
L003012,2026-07-30,9,12.57
L003013,2026-07-30,1,0.1
L003014,2026-07-30,5,3.45
L003015,2026-07-30,5,3.45
L003016,2026-07-30,1,0.1
L003017,2026-07-30,5,3.45
L003018,2026-07-30,1,0.1
L003019,2026-07-30,2,0.46
L003020,2026-07-30,7,7.23
L003021,2026-07-30,1,0.1
L003022,2026-07-30,2,0.46
L003023,2026-07-30,1,0.1
L003024,2026-07-30,3,1.12
L003025,2026-07-30,2,0.46
L003026,2026-07-30,3,1.12
L003027,2026-07-30,2,0.46
L003028,2026-07-30,1,0.1
L003029,2026-07-30,3,1.12
L003030,2026-07-30,5,3.45
L003031,2026-07-30,1,0.1
L003032,2026-07-30,5,3.45
L003033,2026-07-30,1,0.1
L003034,2026-07-30,3,1.12
L003035,2026-07-30,2,0.46
L003036,2026-07-30,1,0.1
L003037,2026-07-30,4,2.11
L003038,2026-07-30,2,0.46
L003039,2026-07-30,10,15.85
L003040,2026-07-30,2,0.46
L003041,2026-07-30,1,0.1
L003042,2026-07-30,2,0.46
L003043,2026-07-30,3,1.12
L003044,2026-07-30,10,15.85
L003045,2026-07-30,7,7.23
L003046,2026-07-30,2,0.46
L003047,2026-07-30,3,1.12
L003048,2026-07-30,5,3.45
L003049,2026-07-30,1,0.1
L003050,2026-07-30,1,0.1
L003051,2026-07-30,9,12.57
L003052,2026-07-30,3,1.12
L003053,2026-07-30,1,0.1
L003054,2026-07-30,9,12.57
L003055,2026-07-30,1,0.1
L003056,2026-07-30,3,1.12
L003057,2026-07-30,5,3.45
L003058,2026-07-30,2,0.46
L003059,2026-07-30,3,1.12
L003060,2026-07-30,8,9.7
L003061,2026-07-30,2,0.46
L003062,2026-07-30,4,2.11
L003063,2026-07-30,3,1.12
L003064,2026-07-30,6,5.15
L003065,2026-07-30,2,0.46
L003066,2026-07-30,9,12.57
L003067,2026-07-30,1,0.1
L003068,2026-07-30,7,7.23
L003069,2026-07-30,1,0.1
L003070,2026-07-30,2,0.46
L003071,2026-07-30,3,1.12
L003072,2026-07-30,2,0.46
L003073,2026-07-30,3,1.12
L003074,2026-07-30,9,12.57
L003075,2026-07-30,2,0.46
L003076,2026-07-30,3,1.12
L003077,2026-07-30,2,0.46
L003078,2026-07-30,9,12.57
L003079,2026-07-30,5,3.45
L003080,2026-07-30,2,0.46
L003081,2026-07-30,8,9.7
L003082,2026-07-30,2,0.46
L003083,2026-07-30,1,0.1
L003084,2026-07-30,3,1.12
L003085,2026-07-30,2,0.46
L003086,2026-07-30,3,1.12
L003087,2026-07-30,10,15.85
L003088,2026-07-30,9,12.57
L003089,2026-07-30,3,1.12
L003090,2026-07-30,1,0.1
L003091,2026-07-30,3,1.12
L003092,2026-07-30,2,0.46
L003093,2026-07-30,10,15.85
L003094,2026-07-30,2,0.46
L003095,2026-07-30,3,1.12
L003096,2026-07-30,1,0.1
L003097,2026-07-30,1,0.1
L003098,2026-07-30,1,0.1
L003099,2026-07-30,1,0.1
L003100,2026-07-30,8,9.7
L003101,2026-07-30,1,0.1
L003102,2026-07-30,1,0.1
L003103,2026-07-30,9,12.57
L003104,2026-07-30,1,0.1
L003105,2026-07-30,7,7.23
L003106,2026-07-30,2,0.46
L003107,2026-07-30,2,0.46
L003108,2026-07-30,4,2.11
L003109,2026-07-30,3,1.12
L003110,2026-07-30,4,2.11
L003111,2026-07-30,2,0.46
L003112,2026-07-30,3,1.12
L003113,2026-07-30,5,3.45
L003114,2026-07-30,3,1.12
L003115,2026-07-30,3,1.12
L003116,2026-07-30,9,12.57
L003117,2026-07-30,2,0.46
L003118,2026-07-30,4,2.11
L003119,2026-07-30,1,0.1
L003120,2026-07-30,2,0.46
L003121,2026-07-30,2,0.46
L003122,2026-07-30,1,0.1
L003123,2026-07-30,4,2.11
L003124,2026-07-30,1,0.1
L003125,2026-07-30,5,3.45
L003126,2026-07-30,6,5.15
L003127,2026-07-30,7,7.23
L003128,2026-07-30,1,0.1
L003129,2026-07-30,2,0.46
L003130,2026-07-30,1,0.1
L003131,2026-07-30,3,1.12
L003132,2026-07-30,3,1.12
L003133,2026-07-30,2,0.46
L003134,2026-07-30,3,1.12
L003135,2026-07-30,1,0.1
L003136,2026-07-30,3,1.12
L003137,2026-07-30,2,0.46
L003138,2026-07-30,1,0.1
L003139,2026-07-30,10,15.85
L003140,2026-07-30,8,9.7
L003141,2026-07-30,3,1.12
L003142,2026-07-30,7,7.23
L003143,2026-07-30,6,5.15
L003144,2026-07-30,6,5.15
L003145,2026-07-30,1,0.1
L003146,2026-07-30,6,5.15
L003147,2026-07-30,1,0.1
L003148,2026-07-30,1,0.1
L003149,2026-07-30,5,3.45
L003150,2026-07-30,1,0.1
L003151,2026-07-30,1,0.1
L003152,2026-07-30,1,0.1
L003153,2026-07-30,3,1.12
L003154,2026-07-30,4,2.11
L003155,2026-07-30,1,0.1
L003156,2026-07-30,1,0.1
L003157,2026-07-30,3,1.12
L003158,2026-07-30,7,7.23
L003159,2026-07-30,2,0.46
L003160,2026-07-30,2,0.46
L003161,2026-07-30,3,1.12
L003162,2026-07-30,1,0.1
L003163,2026-07-30,1,0.1
L003164,2026-07-30,1,0.1
L003165,2026-07-30,3,1.12
L003166,2026-07-30,5,3.45
L003167,2026-07-30,5,3.45
L003168,2026-07-30,2,0.46
L003169,2026-07-30,2,0.46
L003170,2026-07-30,2,0.46
L003171,2026-07-30,2,0.46
L003172,2026-07-30,9,12.57
L003173,2026-07-30,3,1.12
L003174,2026-07-30,3,1.12
L003175,2026-07-30,2,0.46
L003176,2026-07-30,10,15.85
L003177,2026-07-30,10,15.85
L003178,2026-07-30,3,1.12
L003179,2026-07-30,1,0.1
L003180,2026-07-30,2,0.46
L003181,2026-07-30,6,5.15
L003182,2026-07-30,1,0.1
L003183,2026-07-30,7,7.23
L003184,2026-07-30,6,5.15
L003185,2026-07-30,2,0.46
L003186,2026-07-30,9,12.57
L003187,2026-07-30,9,12.57
L003188,2026-07-30,1,0.1
L003189,2026-07-30,1,0.1
L003190,2026-07-30,4,2.11
L003191,2026-07-30,9,12.57
L003192,2026-07-30,3,1.12
L003193,2026-07-30,9,12.57
L003194,2026-07-30,2,0.46
L003195,2026-07-30,3,1.12
L003196,2026-07-30,10,15.85
L003197,2026-07-30,7,7.23
L003198,2026-07-30,7,7.23
L003199,2026-07-30,2,0.46
L003200,2026-07-30,3,1.12
L003201,2026-07-30,9,12.57
L003202,2026-07-30,1,0.1
L003203,2026-07-30,2,0.46
L003204,2026-07-30,2,0.46
L003205,2026-07-30,3,1.12
L003206,2026-07-30,3,1.12
L003207,2026-07-30,8,9.7
L003208,2026-07-30,3,1.12
L003209,2026-07-30,4,2.11
L003210,2026-07-30,1,0.1
L003211,2026-07-30,2,0.46
L003212,2026-07-30,3,1.12
L003213,2026-07-30,1,0.1
L003214,2026-07-30,8,9.7
L003215,2026-07-30,3,1.12
L003216,2026-07-30,2,0.46
L003217,2026-07-30,6,5.15
L003218,2026-07-30,1,0.1
L003219,2026-07-30,2,0.46
L003220,2026-07-30,2,0.46
L003221,2026-07-30,2,0.46
L003222,2026-07-30,1,0.1
L003223,2026-07-30,9,12.57
L003224,2026-07-30,1,0.1
L003225,2026-07-30,3,1.12
L003226,2026-07-30,2,0.46
L003227,2026-07-30,2,0.46
L003228,2026-07-30,2,0.46
L003229,2026-07-30,5,3.45
L003230,2026-07-30,9,12.57
L003231,2026-07-30,3,1.12
L003232,2026-07-30,1,0.1
L003233,2026-07-30,4,2.11
L003234,2026-07-30,3,1.12
L003235,2026-07-30,1,0.1
L003236,2026-07-30,7,7.23
L003237,2026-07-30,7,7.23
L003238,2026-07-30,9,12.57
L003239,2026-07-30,1,0.1
L003240,2026-07-30,7,7.23
L003241,2026-07-30,3,1.12
L003242,2026-07-30,10,15.85
L003243,2026-07-30,6,5.15
L003244,2026-07-30,2,0.46
L003245,2026-07-30,3,1.12
L003246,2026-07-30,1,0.1
L003247,2026-07-30,4,2.11
L003248,2026-07-30,3,1.12
L003249,2026-07-30,1,0.1
L003250,2026-07-30,9,12.57
L003251,2026-07-30,2,0.46
L003252,2026-07-30,10,15.85
L003253,2026-07-30,3,1.12
L003254,2026-07-30,4,2.11
L003255,2026-07-30,9,12.57
L003256,2026-07-30,7,7.23
L003257,2026-07-30,2,0.46
L003258,2026-07-30,2,0.46
L003259,2026-07-30,6,5.15
L003260,2026-07-30,10,15.85
L003261,2026-07-30,8,9.7
L003262,2026-07-30,3,1.12
L003263,2026-07-30,1,0.1
L003264,2026-07-30,2,0.46
L003265,2026-07-30,9,12.57
L003266,2026-07-30,3,1.12
L003267,2026-07-30,2,0.46
L003268,2026-07-30,3,1.12
L003269,2026-07-30,2,0.46
L003270,2026-07-30,1,0.1
L003271,2026-07-30,2,0.46
L003272,2026-07-30,2,0.46
L003273,2026-07-30,7,7.23
L003274,2026-07-30,9,12.57
L003275,2026-07-30,5,3.45
L003276,2026-07-30,1,0.1
L003277,2026-07-30,9,12.57
L003278,2026-07-30,3,1.12
L003279,2026-07-30,5,3.45
L003280,2026-07-30,10,15.85
L003281,2026-07-30,5,3.45
L003282,2026-07-30,4,2.11
L003283,2026-07-30,2,0.46
L003284,2026-07-30,5,3.45
L003285,2026-07-30,4,2.11
L003286,2026-07-30,8,9.7
L003287,2026-07-30,3,1.12
L003288,2026-07-30,3,1.12
L003289,2026-07-30,3,1.12
L003290,2026-07-30,2,0.46
L003291,2026-07-30,5,3.45
L003292,2026-07-30,3,1.12
L003293,2026-07-30,3,1.12
L003294,2026-07-30,6,5.15
L003295,2026-07-30,2,0.46
L003296,2026-07-30,2,0.46
L003297,2026-07-30,2,0.46
L003298,2026-07-30,1,0.1
L003299,2026-07-30,1,0.1
L003300,2026-07-30,5,3.45
L003301,2026-07-30,2,0.46
L003302,2026-07-30,9,12.57
L003303,2026-07-30,2,0.46
L003304,2026-07-30,9,12.57
L003305,2026-07-30,9,12.57
L003306,2026-07-30,1,0.1
L003307,2026-07-30,8,9.7
L003308,2026-07-30,6,5.15
L003309,2026-07-30,1,0.1
L003310,2026-07-30,3,1.12
L003311,2026-07-30,8,9.7
L003312,2026-07-30,1,0.1
L003313,2026-07-30,3,1.12
L003314,2026-07-30,2,0.46
L003315,2026-07-30,1,0.1
L003316,2026-07-30,1,0.1
L003317,2026-07-30,3,1.12
L003318,2026-07-30,3,1.12
L003319,2026-07-30,5,3.45
L003320,2026-07-30,10,15.85
L003321,2026-07-30,7,7.23
L003322,2026-07-30,2,0.46
L003323,2026-07-30,1,0.1
L003324,2026-07-30,4,2.11
L003325,2026-07-30,1,0.1
L003326,2026-07-30,2,0.46
L003327,2026-07-30,1,0.1
L003328,2026-07-30,2,0.46
L003329,2026-07-30,10,15.85
L003330,2026-07-30,8,9.7
L003331,2026-07-30,2,0.46
L003332,2026-07-30,1,0.1
L003333,2026-07-30,3,1.12
L003334,2026-07-30,2,0.46
L003335,2026-07-30,1,0.1
L003336,2026-07-30,1,0.1
L003337,2026-07-30,4,2.11
L003338,2026-07-30,2,0.46
L003339,2026-07-30,2,0.46
L003340,2026-07-30,1,0.1
L003341,2026-07-30,2,0.46
L003342,2026-07-30,3,1.12
L003343,2026-07-30,1,0.1
L003344,2026-07-30,2,0.46
L003345,2026-07-30,8,9.7
L003346,2026-07-30,10,15.85
L003347,2026-07-30,3,1.12
L003348,2026-07-30,2,0.46
L003349,2026-07-30,9,12.57
L003350,2026-07-30,1,0.1
L003351,2026-07-30,7,7.23
L003352,2026-07-30,2,0.46
L003353,2026-07-30,2,0.46
L003354,2026-07-30,2,0.46
L003355,2026-07-30,3,1.12
L003356,2026-07-30,10,15.85
L003357,2026-07-30,2,0.46
L003358,2026-07-30,3,1.12
L003359,2026-07-30,7,7.23
L003360,2026-07-30,4,2.11
L003361,2026-07-30,5,3.45
L003362,2026-07-30,1,0.1
L003363,2026-07-30,2,0.46
L003364,2026-07-30,3,1.12
L003365,2026-07-30,10,15.85
L003366,2026-07-30,2,0.46
L003367,2026-07-30,1,0.1
L003368,2026-07-30,1,0.1
L003369,2026-07-30,2,0.46
L003370,2026-07-30,5,3.45
L003371,2026-07-30,1,0.1
L003372,2026-07-30,2,0.46
L003373,2026-07-30,2,0.46
L003374,2026-07-30,1,0.1
L003375,2026-07-30,3,1.12
L003376,2026-07-30,2,0.46
L003377,2026-07-30,1,0.1
L003378,2026-07-30,8,9.7
L003379,2026-07-30,9,12.57
L003380,2026-07-30,1,0.1
L003381,2026-07-30,1,0.1
L003382,2026-07-30,3,1.12
L003383,2026-07-30,1,0.1
L003384,2026-07-30,4,2.11
L003385,2026-07-30,1,0.1
L003386,2026-07-30,5,3.45
L003387,2026-07-30,8,9.7
L003388,2026-07-30,1,0.1
L003389,2026-07-30,2,0.46
L003390,2026-07-30,3,1.12
L003391,2026-07-30,8,9.7
L003392,2026-07-30,1,0.1
L003393,2026-07-30,2,0.46
L003394,2026-07-30,5,3.45
L003395,2026-07-30,1,0.1
L003396,2026-07-30,3,1.12
L003397,2026-07-30,6,5.15
L003398,2026-07-30,2,0.46
L003399,2026-07-30,3,1.12
L003400,2026-07-30,1,0.1
L003401,2026-07-30,3,1.12
L003402,2026-07-30,2,0.46
L003403,2026-07-30,1,0.1
L003404,2026-07-30,5,3.45
L003405,2026-07-30,1,0.1
L003406,2026-07-30,3,1.12
L003407,2026-07-30,7,7.23
L003408,2026-07-30,1,0.1
L003409,2026-07-30,9,12.57
L003410,2026-07-30,3,1.12
L003411,2026-07-30,1,0.1
L003412,2026-07-30,1,0.1
L003413,2026-07-30,6,5.15
L003414,2026-07-30,9,12.57
L003415,2026-07-30,2,0.46
L003416,2026-07-30,3,1.12
L003417,2026-07-30,2,0.46
L003418,2026-07-30,1,0.1
L003419,2026-07-30,1,0.1
L003420,2026-07-30,2,0.46
L003421,2026-07-30,5,3.45
L003422,2026-07-30,2,0.46
L003423,2026-07-30,7,7.23
L003424,2026-07-30,9,12.57
L003425,2026-07-30,3,1.12
L003426,2026-07-30,1,0.1
L003427,2026-07-30,2,0.46
L003428,2026-07-30,3,1.12
L003429,2026-07-30,5,3.45
L003430,2026-07-30,10,15.85
L003431,2026-07-30,2,0.46
L003432,2026-07-30,2,0.46
L003433,2026-07-30,3,1.12
L003434,2026-07-30,3,1.12
L003435,2026-07-30,3,1.12
L003436,2026-07-30,8,9.7
L003437,2026-07-30,3,1.12
L003438,2026-07-30,5,3.45
L003439,2026-07-30,8,9.7
L003440,2026-07-30,1,0.1
L003441,2026-07-30,7,7.23
L003442,2026-07-30,3,1.12
L003443,2026-07-30,6,5.15
L003444,2026-07-30,1,0.1
L003445,2026-07-30,5,3.45
L003446,2026-07-30,4,2.11
L003447,2026-07-30,3,1.12
L003448,2026-07-30,8,9.7
L003449,2026-07-30,10,15.85
L003450,2026-07-30,1,0.1
L003451,2026-07-30,6,5.15
L003452,2026-07-30,9,12.57
L003453,2026-07-30,2,0.46
L003454,2026-07-30,9,12.57
L003455,2026-07-30,4,2.11
L003456,2026-07-30,3,1.12
L003457,2026-07-30,1,0.1
L003458,2026-07-30,3,1.12
L003459,2026-07-30,3,1.12
L003460,2026-07-30,9,12.57
L003461,2026-07-30,2,0.46
L003462,2026-07-30,9,12.57
L003463,2026-07-30,2,0.46
L003464,2026-07-30,2,0.46
L003465,2026-07-30,2,0.46
L003466,2026-07-30,9,12.57
L003467,2026-07-30,2,0.46
L003468,2026-07-30,10,15.85
L003469,2026-07-30,2,0.46
L003470,2026-07-30,2,0.46
L003471,2026-07-30,1,0.1
L003472,2026-07-30,3,1.12
L003473,2026-07-30,1,0.1
L003474,2026-07-30,7,7.23
L003475,2026-07-30,7,7.23
L003476,2026-07-30,3,1.12
L003477,2026-07-30,1,0.1
L003478,2026-07-30,6,5.15
L003479,2026-07-30,1,0.1
L003480,2026-07-30,2,0.46
L003481,2026-07-30,3,1.12
L003482,2026-07-30,3,1.12
L003483,2026-07-30,3,1.12
L003484,2026-07-30,3,1.12
L003485,2026-07-30,8,9.7
L003486,2026-07-30,3,1.12
L003487,2026-07-30,1,0.1
L003488,2026-07-30,5,3.45
L003489,2026-07-30,3,1.12
L003490,2026-07-30,5,3.45
L003491,2026-07-30,3,1.12
L003492,2026-07-30,3,1.12
L003493,2026-07-30,6,5.15
L003494,2026-07-30,3,1.12
L003495,2026-07-30,2,0.46
L003496,2026-07-30,3,1.12
L003497,2026-07-30,3,1.12
L003498,2026-07-30,1,0.1
L003499,2026-07-30,2,0.46
L003500,2026-07-30,1,0.1
L003501,2026-07-30,3,1.12
L003502,2026-07-30,3,1.12
L003503,2026-07-30,3,1.12
L003504,2026-07-30,1,0.1
L003505,2026-07-30,3,1.12
L003506,2026-07-30,1,0.1
L003507,2026-07-30,3,1.12
L003508,2026-07-30,3,1.12
L003509,2026-07-30,1,0.1
L003510,2026-07-30,2,0.46
L003511,2026-07-30,3,1.12
L003512,2026-07-30,9,12.57
L003513,2026-07-30,1,0.1
L003514,2026-07-30,2,0.46
L003515,2026-07-30,2,0.46
L003516,2026-07-30,3,1.12
L003517,2026-07-30,5,3.45
L003518,2026-07-30,1,0.1
L003519,2026-07-30,2,0.46
L003520,2026-07-30,2,0.46
L003521,2026-07-30,2,0.46
L003522,2026-07-30,5,3.45
L003523,2026-07-30,2,0.46
L003524,2026-07-30,9,12.57
L003525,2026-07-30,1,0.1
L003526,2026-07-30,3,1.12
L003527,2026-07-30,3,1.12
L003528,2026-07-30,8,9.7
L003529,2026-07-30,3,1.12
L003530,2026-07-30,3,1.12
L003531,2026-07-30,6,5.15
L003532,2026-07-30,2,0.46
L003533,2026-07-30,1,0.1
L003534,2026-07-30,1,0.1
L003535,2026-07-30,3,1.12
L003536,2026-07-30,3,1.12
L003537,2026-07-30,10,15.85
L003538,2026-07-30,1,0.1
L003539,2026-07-30,8,9.7
L003540,2026-07-30,1,0.1
L003541,2026-07-30,3,1.12
L003542,2026-07-30,3,1.12
L003543,2026-07-30,10,15.85
L003544,2026-07-30,1,0.1
L003545,2026-07-30,3,1.12
L003546,2026-07-30,3,1.12
L003547,2026-07-30,4,2.11
L003548,2026-07-30,3,1.12
L003549,2026-07-30,2,0.46
L003550,2026-07-30,9,12.57
L003551,2026-07-30,4,2.11
L003552,2026-07-30,4,2.11
L003553,2026-07-30,1,0.1
L003554,2026-07-30,2,0.46
L003555,2026-07-30,7,7.23
L003556,2026-07-30,1,0.1
L003557,2026-07-30,3,1.12
L003558,2026-07-30,2,0.46
L003559,2026-07-30,6,5.15
L003560,2026-07-30,2,0.46
L003561,2026-07-30,1,0.1
L003562,2026-07-30,3,1.12
L003563,2026-07-30,4,2.11
L003564,2026-07-30,7,7.23
L003565,2026-07-30,7,7.23
L003566,2026-07-30,1,0.1
L003567,2026-07-30,2,0.46
L003568,2026-07-30,3,1.12
L003569,2026-07-30,1,0.1
L003570,2026-07-30,4,2.11
L003571,2026-07-30,4,2.11
L003572,2026-07-30,7,7.23
L003573,2026-07-30,8,9.7
L003574,2026-07-30,3,1.12
L003575,2026-07-30,2,0.46
L003576,2026-07-30,7,7.23
L003577,2026-07-30,3,1.12
L003578,2026-07-30,6,5.15
L003579,2026-07-30,5,3.45
L003580,2026-07-30,2,0.46
L003581,2026-07-30,2,0.46
L003582,2026-07-30,9,12.57
L003583,2026-07-30,2,0.46
L003584,2026-07-30,2,0.46
L003585,2026-07-30,1,0.1
L003586,2026-07-30,2,0.46
L003587,2026-07-30,1,0.1
L003588,2026-07-30,2,0.46
L003589,2026-07-30,5,3.45
L003590,2026-07-30,3,1.12
L003591,2026-07-30,4,2.11
L003592,2026-07-30,1,0.1
L003593,2026-07-30,2,0.46
L003594,2026-07-30,1,0.1
L003595,2026-07-30,6,5.15
L003596,2026-07-30,1,0.1
L003597,2026-07-30,9,12.57
L003598,2026-07-30,1,0.1
L003599,2026-07-30,5,3.45
L003600,2026-07-30,3,1.12
L003601,2026-07-30,10,15.85
L003602,2026-07-30,6,5.15
L003603,2026-07-30,3,1.12
L003604,2026-07-30,1,0.1
L003605,2026-07-30,6,5.15
L003606,2026-07-30,7,7.23
L003607,2026-07-30,1,0.1
L003608,2026-07-30,7,7.23
L003609,2026-07-30,4,2.11
L003610,2026-07-30,1,0.1
L003611,2026-07-30,1,0.1
L003612,2026-07-30,10,15.85
L003613,2026-07-30,3,1.12
L003614,2026-07-30,1,0.1
L003615,2026-07-30,3,1.12
L003616,2026-07-30,2,0.46
L003617,2026-07-30,6,5.15
L003618,2026-07-30,1,0.1
L003619,2026-07-30,3,1.12
L003620,2026-07-30,6,5.15
L003621,2026-07-30,1,0.1
L003622,2026-07-30,2,0.46
L003623,2026-07-30,2,0.46
L003624,2026-07-30,3,1.12
L003625,2026-07-30,7,7.23
L003626,2026-07-30,10,15.85
L003627,2026-07-30,1,0.1
L003628,2026-07-30,2,0.46
L003629,2026-07-30,8,9.7
L003630,2026-07-30,3,1.12
L003631,2026-07-30,1,0.1
L003632,2026-07-30,1,0.1
L003633,2026-07-30,2,0.46
L003634,2026-07-30,7,7.23
L003635,2026-07-30,2,0.46
L003636,2026-07-30,3,1.12
L003637,2026-07-30,3,1.12
L003638,2026-07-30,4,2.11
L003639,2026-07-30,1,0.1
L003640,2026-07-30,4,2.11
L003641,2026-07-30,1,0.1
L003642,2026-07-30,3,1.12
L003643,2026-07-30,4,2.11
L003644,2026-07-30,1,0.1
L003645,2026-07-30,2,0.46
L003646,2026-07-30,2,0.46
L003647,2026-07-30,3,1.12
L003648,2026-07-30,6,5.15
L003649,2026-07-30,2,0.46
L003650,2026-07-30,8,9.7
L003651,2026-07-30,2,0.46
L003652,2026-07-30,1,0.1
L003653,2026-07-30,1,0.1
L003654,2026-07-30,1,0.1
L003655,2026-07-30,3,1.12
L003656,2026-07-30,1,0.1
L003657,2026-07-30,2,0.46
L003658,2026-07-30,1,0.1
L003659,2026-07-30,6,5.15
L003660,2026-07-30,2,0.46
L003661,2026-07-30,1,0.1
L003662,2026-07-30,3,1.12
L003663,2026-07-30,9,12.57
L003664,2026-07-30,6,5.15
L003665,2026-07-30,1,0.1
L003666,2026-07-30,2,0.46
L003667,2026-07-30,3,1.12
L003668,2026-07-30,5,3.45
L003669,2026-07-30,3,1.12
L003670,2026-07-30,7,7.23
L003671,2026-07-30,1,0.1
L003672,2026-07-30,3,1.12
L003673,2026-07-30,1,0.1
L003674,2026-07-30,1,0.1
L003675,2026-07-30,6,5.15
L003676,2026-07-30,1,0.1
L003677,2026-07-30,8,9.7
L003678,2026-07-30,2,0.46
L003679,2026-07-30,2,0.46
L003680,2026-07-30,1,0.1
L003681,2026-07-30,2,0.46
L003682,2026-07-30,3,1.12
L003683,2026-07-30,2,0.46
L003684,2026-07-30,1,0.1
L003685,2026-07-30,3,1.12
L003686,2026-07-30,2,0.46
L003687,2026-07-30,5,3.45
L003688,2026-07-30,2,0.46
L003689,2026-07-30,2,0.46
L003690,2026-07-30,1,0.1
L003691,2026-07-30,7,7.23
L003692,2026-07-30,2,0.46
L003693,2026-07-30,6,5.15
L003694,2026-07-30,3,1.12
L003695,2026-07-30,3,1.12
L003696,2026-07-30,6,5.15
L003697,2026-07-30,2,0.46
L003698,2026-07-30,2,0.46
L003699,2026-07-30,2,0.46
L003700,2026-07-30,3,1.12
L003701,2026-07-30,4,2.11
L003702,2026-07-30,5,3.45
L003703,2026-07-30,8,9.7
L003704,2026-07-30,8,9.7
L003705,2026-07-30,8,9.7
L003706,2026-07-30,2,0.46
L003707,2026-07-30,6,5.15
L003708,2026-07-30,1,0.1
L003709,2026-07-30,2,0.46
L003710,2026-07-30,2,0.46
L003711,2026-07-30,5,3.45
L003712,2026-07-30,1,0.1
L003713,2026-07-30,7,7.23
L003714,2026-07-30,2,0.46
L003715,2026-07-30,1,0.1
L003716,2026-07-30,2,0.46
L003717,2026-07-30,4,2.11
L003718,2026-07-30,5,3.45
L003719,2026-07-30,6,5.15
L003720,2026-07-30,1,0.1
L003721,2026-07-30,1,0.1
L003722,2026-07-30,3,1.12
L003723,2026-07-30,3,1.12
L003724,2026-07-30,1,0.1
L003725,2026-07-30,6,5.15
L003726,2026-07-30,8,9.7
L003727,2026-07-30,3,1.12
L003728,2026-07-30,1,0.1
L003729,2026-07-30,6,5.15
L003730,2026-07-30,3,1.12
L003731,2026-07-30,2,0.46
L003732,2026-07-30,7,7.23
L003733,2026-07-30,3,1.12
L003734,2026-07-30,2,0.46
L003735,2026-07-30,3,1.12
L003736,2026-07-30,1,0.1
L003737,2026-07-30,2,0.46
L003738,2026-07-30,3,1.12
L003739,2026-07-30,1,0.1
L003740,2026-07-30,8,9.7
L003741,2026-07-30,1,0.1
L003742,2026-07-30,3,1.12
L003743,2026-07-30,8,9.7
L003744,2026-07-30,2,0.46
L003745,2026-07-30,1,0.1
L003746,2026-07-30,2,0.46
L003747,2026-07-30,3,1.12
L003748,2026-07-30,5,3.45
L003749,2026-07-30,8,9.7
L003750,2026-07-30,1,0.1
L003751,2026-07-30,7,7.23
L003752,2026-07-30,3,1.12
L003753,2026-07-30,3,1.12
L003754,2026-07-30,3,1.12
L003755,2026-07-30,2,0.46
L003756,2026-07-30,3,1.12
L003757,2026-07-30,1,0.1
L003758,2026-07-30,2,0.46
L003759,2026-07-30,1,0.1
L003760,2026-07-30,6,5.15
L003761,2026-07-30,7,7.23
L003762,2026-07-30,1,0.1
L003763,2026-07-30,1,0.1
L003764,2026-07-30,2,0.46
L003765,2026-07-30,5,3.45
L003766,2026-07-30,3,1.12
L003767,2026-07-30,8,9.7
L003768,2026-07-30,3,1.12
L003769,2026-07-30,2,0.46
L003770,2026-07-30,3,1.12
L003771,2026-07-30,1,0.1
L003772,2026-07-30,2,0.46
L003773,2026-07-30,8,9.7
L003774,2026-07-30,6,5.15
L003775,2026-07-30,3,1.12
L003776,2026-07-30,2,0.46
L003777,2026-07-30,1,0.1
L003778,2026-07-30,3,1.12
L003779,2026-07-30,6,5.15
L003780,2026-07-30,7,7.23
L003781,2026-07-30,1,0.1
L003782,2026-07-30,2,0.46
L003783,2026-07-30,7,7.23
L003784,2026-07-30,3,1.12
L003785,2026-07-30,3,1.12
L003786,2026-07-30,9,12.57
L003787,2026-07-30,2,0.46
L003788,2026-07-30,1,0.1
L003789,2026-07-30,3,1.12
L003790,2026-07-30,4,2.11
L003791,2026-07-30,9,12.57
L003792,2026-07-30,3,1.12
L003793,2026-07-30,3,1.12
L003794,2026-07-30,2,0.46
L003795,2026-07-30,1,0.1
L003796,2026-07-30,9,12.57
L003797,2026-07-30,2,0.46
L003798,2026-07-30,2,0.46
L003799,2026-07-30,3,1.12
L003800,2026-07-30,3,1.12
L003801,2026-07-30,7,7.23
L003802,2026-07-30,2,0.46
L003803,2026-07-30,7,7.23
L003804,2026-07-30,1,0.1
L003805,2026-07-30,3,1.12
L003806,2026-07-30,9,12.57
L003807,2026-07-30,6,5.15
L003808,2026-07-30,5,3.45
L003809,2026-07-30,1,0.1
L003810,2026-07-30,3,1.12
L003811,2026-07-30,3,1.12
L003812,2026-07-30,8,9.7
L003813,2026-07-30,1,0.1
L003814,2026-07-30,2,0.46
L003815,2026-07-30,9,12.57
L003816,2026-07-30,2,0.46
L003817,2026-07-30,4,2.11
L003818,2026-07-30,7,7.23
L003819,2026-07-30,4,2.11
L003820,2026-07-30,10,15.85
L003821,2026-07-30,4,2.11
L003822,2026-07-30,2,0.46
L003823,2026-07-30,2,0.46
L003824,2026-07-30,5,3.45
L003825,2026-07-30,3,1.12
L003826,2026-07-30,10,15.85
L003827,2026-07-30,1,0.1
L003828,2026-07-30,6,5.15
L003829,2026-07-30,7,7.23
L003830,2026-07-30,3,1.12
L003831,2026-07-30,2,0.46
L003832,2026-07-30,2,0.46
L003833,2026-07-30,1,0.1
L003834,2026-07-30,3,1.12
L003835,2026-07-30,2,0.46
L003836,2026-07-30,1,0.1
L003837,2026-07-30,2,0.46
L003838,2026-07-30,3,1.12
L003839,2026-07-30,4,2.11
L003840,2026-07-30,5,3.45
L003841,2026-07-30,2,0.46
L003842,2026-07-30,6,5.15
L003843,2026-07-30,3,1.12
L003844,2026-07-30,1,0.1
L003845,2026-07-30,8,9.7
L003846,2026-07-30,8,9.7
L003847,2026-07-30,1,0.1
L003848,2026-07-30,3,1.12
L003849,2026-07-30,2,0.46
L003850,2026-07-30,9,12.57
L003851,2026-07-30,1,0.1
L003852,2026-07-30,7,7.23
L003853,2026-07-30,5,3.45
L003854,2026-07-30,8,9.7
L003855,2026-07-30,3,1.12
L003856,2026-07-30,2,0.46
L003857,2026-07-30,6,5.15
L003858,2026-07-30,3,1.12
L003859,2026-07-30,2,0.46
L003860,2026-07-30,1,0.1
L003861,2026-07-30,1,0.1
L003862,2026-07-30,9,12.57
L003863,2026-07-30,3,1.12
L003864,2026-07-30,1,0.1
L003865,2026-07-30,6,5.15
L003866,2026-07-30,5,3.45
L003867,2026-07-30,1,0.1
L003868,2026-07-30,1,0.1
L003869,2026-07-30,1,0.1
L003870,2026-07-30,1,0.1
L003871,2026-07-30,1,0.1
L003872,2026-07-30,2,0.46
L003873,2026-07-30,10,15.85
L003874,2026-07-30,6,5.15
L003875,2026-07-30,7,7.23
L003876,2026-07-30,9,12.57
L003877,2026-07-30,2,0.46
L003878,2026-07-30,3,1.12
L003879,2026-07-30,2,0.46
L003880,2026-07-30,3,1.12
L003881,2026-07-30,5,3.45
L003882,2026-07-30,3,1.12
L003883,2026-07-30,3,1.12
L003884,2026-07-30,3,1.12
L003885,2026-07-30,3,1.12
L003886,2026-07-30,3,1.12
L003887,2026-07-30,10,15.85
L003888,2026-07-30,3,1.12
L003889,2026-07-30,2,0.46
L003890,2026-07-30,2,0.46
L003891,2026-07-30,1,0.1
L003892,2026-07-30,1,0.1
L003893,2026-07-30,2,0.46
L003894,2026-07-30,1,0.1
L003895,2026-07-30,5,3.45
L003896,2026-07-30,2,0.46
L003897,2026-07-30,1,0.1
L003898,2026-07-30,1,0.1
L003899,2026-07-30,1,0.1
L003900,2026-07-30,8,9.7
L003901,2026-07-30,10,15.85
L003902,2026-07-30,1,0.1
L003903,2026-07-30,2,0.46
L003904,2026-07-30,9,12.57
L003905,2026-07-30,3,1.12
L003906,2026-07-30,2,0.46
L003907,2026-07-30,3,1.12
L003908,2026-07-30,6,5.15
L003909,2026-07-30,3,1.12
L003910,2026-07-30,7,7.23
L003911,2026-07-30,1,0.1
L003912,2026-07-30,1,0.1
L003913,2026-07-30,2,0.46
L003914,2026-07-30,1,0.1
L003915,2026-07-30,1,0.1
L003916,2026-07-30,1,0.1
L003917,2026-07-30,3,1.12
L003918,2026-07-30,5,3.45
L003919,2026-07-30,3,1.12
L003920,2026-07-30,1,0.1
L003921,2026-07-30,3,1.12
L003922,2026-07-30,2,0.46
L003923,2026-07-30,2,0.46
L003924,2026-07-30,7,7.23
L003925,2026-07-30,4,2.11
L003926,2026-07-30,1,0.1
L003927,2026-07-30,3,1.12
L003928,2026-07-30,2,0.46
L003929,2026-07-30,3,1.12
L003930,2026-07-30,1,0.1
L003931,2026-07-30,1,0.1
L003932,2026-07-30,3,1.12
L003933,2026-07-30,3,1.12
L003934,2026-07-30,3,1.12
L003935,2026-07-30,2,0.46
L003936,2026-07-30,3,1.12
L003937,2026-07-30,3,1.12
L003938,2026-07-30,7,7.23
L003939,2026-07-30,2,0.46
L003940,2026-07-30,5,3.45
L003941,2026-07-30,3,1.12
L003942,2026-07-30,3,1.12
L003943,2026-07-30,8,9.7
L003944,2026-07-30,1,0.1
L003945,2026-07-30,4,2.11
L003946,2026-07-30,10,15.85
L003947,2026-07-30,2,0.46
L003948,2026-07-30,2,0.46
L003949,2026-07-30,3,1.12
L003950,2026-07-30,9,12.57
L003951,2026-07-30,5,3.45
L003952,2026-07-30,2,0.46
L003953,2026-07-30,9,12.57
L003954,2026-07-30,2,0.46
L003955,2026-07-30,1,0.1
L003956,2026-07-30,3,1.12
L003957,2026-07-30,10,15.85
L003958,2026-07-30,3,1.12
L003959,2026-07-30,4,2.11
L003960,2026-07-30,3,1.12
L003961,2026-07-30,5,3.45
L003962,2026-07-30,8,9.7
L003963,2026-07-30,2,0.46
L003964,2026-07-30,3,1.12
L003965,2026-07-30,3,1.12
L003966,2026-07-30,3,1.12
L003967,2026-07-30,4,2.11
L003968,2026-07-30,5,3.45
L003969,2026-07-30,3,1.12
L003970,2026-07-30,2,0.46
L003971,2026-07-30,4,2.11
L003972,2026-07-30,4,2.11
L003973,2026-07-30,2,0.46
L003974,2026-07-30,4,2.11
L003975,2026-07-30,8,9.7
L003976,2026-07-30,10,15.85
L003977,2026-07-30,1,0.1
L003978,2026-07-30,8,9.7
L003979,2026-07-30,4,2.11
L003980,2026-07-30,3,1.12
L003981,2026-07-30,10,15.85
L003982,2026-07-30,2,0.46
L003983,2026-07-30,1,0.1
L003984,2026-07-30,6,5.15
L003985,2026-07-30,7,7.23
L003986,2026-07-30,6,5.15
L003987,2026-07-30,1,0.1
L003988,2026-07-30,3,1.12
L003989,2026-07-30,10,15.85
L003990,2026-07-30,3,1.12
L003991,2026-07-30,3,1.12
L003992,2026-07-30,3,1.12
L003993,2026-07-30,3,1.12
L003994,2026-07-30,1,0.1
L003995,2026-07-30,8,9.7
L003996,2026-07-30,1,0.1
L003997,2026-07-30,6,5.15
L003998,2026-07-30,2,0.46
L003999,2026-07-30,2,0.46
L004000,2026-07-30,3,1.12
L004001,2026-07-30,1,0.1
L004002,2026-07-30,9,12.57
L004003,2026-07-30,2,0.46
L004004,2026-07-30,2,0.46
L004005,2026-07-30,6,5.15
L004006,2026-07-30,7,7.23
L004007,2026-07-30,1,0.1
L004008,2026-07-30,9,12.57
L004009,2026-07-30,1,0.1
L004010,2026-07-30,1,0.1
L004011,2026-07-30,6,5.15
L004012,2026-07-30,3,1.12
L004013,2026-07-30,2,0.46
L004014,2026-07-30,4,2.11
L004015,2026-07-30,2,0.46
L004016,2026-07-30,1,0.1
L004017,2026-07-30,2,0.46
L004018,2026-07-30,5,3.45
L004019,2026-07-30,3,1.12
L004020,2026-07-30,7,7.23
L004021,2026-07-30,6,5.15
L004022,2026-07-30,10,15.85
L004023,2026-07-30,1,0.1
L004024,2026-07-30,2,0.46
L004025,2026-07-30,2,0.46
L004026,2026-07-30,3,1.12
L004027,2026-07-30,1,0.1
L004028,2026-07-30,8,9.7
L004029,2026-07-30,3,1.12
L004030,2026-07-30,7,7.23
L004031,2026-07-30,3,1.12
L004032,2026-07-30,2,0.46
L004033,2026-07-30,3,1.12
L004034,2026-07-30,6,5.15
L004035,2026-07-30,1,0.1
L004036,2026-07-30,6,5.15
L004037,2026-07-30,3,1.12
L004038,2026-07-30,7,7.23
L004039,2026-07-30,3,1.12
L004040,2026-07-30,5,3.45
L004041,2026-07-30,7,7.23
L004042,2026-07-30,5,3.45
L004043,2026-07-30,7,7.23
L004044,2026-07-30,3,1.12
L004045,2026-07-30,1,0.1
L004046,2026-07-30,2,0.46
L004047,2026-07-30,2,0.46
L004048,2026-07-30,3,1.12
L004049,2026-07-30,4,2.11
L004050,2026-07-30,2,0.46
L004051,2026-07-30,9,12.57
L004052,2026-07-30,5,3.45
L004053,2026-07-30,1,0.1
L004054,2026-07-30,2,0.46
L004055,2026-07-30,3,1.12
L004056,2026-07-30,5,3.45
L004057,2026-07-30,3,1.12
L004058,2026-07-30,3,1.12
L004059,2026-07-30,3,1.12
L004060,2026-07-30,6,5.15
L004061,2026-07-30,2,0.46
L004062,2026-07-30,8,9.7
L004063,2026-07-30,10,15.85
L004064,2026-07-30,2,0.46
L004065,2026-07-30,3,1.12
L004066,2026-07-30,1,0.1
L004067,2026-07-30,2,0.46
L004068,2026-07-30,2,0.46
L004069,2026-07-30,1,0.1
L004070,2026-07-30,1,0.1
L004071,2026-07-30,6,5.15
L004072,2026-07-30,1,0.1
L004073,2026-07-30,3,1.12
L004074,2026-07-30,1,0.1
L004075,2026-07-30,2,0.46
L004076,2026-07-30,2,0.46
L004077,2026-07-30,2,0.46
L004078,2026-07-30,1,0.1
L004079,2026-07-30,2,0.46
L004080,2026-07-30,1,0.1
L004081,2026-07-30,5,3.45
L004082,2026-07-30,1,0.1
L004083,2026-07-30,3,1.12
L004084,2026-07-30,3,1.12
L004085,2026-07-30,9,12.57
L004086,2026-07-30,3,1.12
L004087,2026-07-30,1,0.1
L004088,2026-07-30,1,0.1
L004089,2026-07-30,1,0.1
L004090,2026-07-30,7,7.23
L004091,2026-07-30,2,0.46
L004092,2026-07-30,2,0.46
L004093,2026-07-30,2,0.46
L004094,2026-07-30,3,1.12
L004095,2026-07-30,1,0.1
L004096,2026-07-30,3,1.12
L004097,2026-07-30,4,2.11
L004098,2026-07-30,2,0.46
L004099,2026-07-30,3,1.12
L004100,2026-07-30,3,1.12
L004101,2026-07-30,7,7.23
L004102,2026-07-30,3,1.12
L004103,2026-07-30,1,0.1
L004104,2026-07-30,3,1.12
L004105,2026-07-30,1,0.1
L004106,2026-07-30,7,7.23
L004107,2026-07-30,4,2.11
L004108,2026-07-30,3,1.12
L004109,2026-07-30,2,0.46
L004110,2026-07-30,3,1.12
L004111,2026-07-30,8,9.7
L004112,2026-07-30,2,0.46
L004113,2026-07-30,1,0.1
L004114,2026-07-30,3,1.12
L004115,2026-07-30,5,3.45
L004116,2026-07-30,10,15.85
L004117,2026-07-30,2,0.46
L004118,2026-07-30,1,0.1
L004119,2026-07-30,2,0.46
L004120,2026-07-30,10,15.85
L004121,2026-07-30,8,9.7
L004122,2026-07-30,1,0.1
L004123,2026-07-30,10,15.85
L004124,2026-07-30,1,0.1
L004125,2026-07-30,3,1.12
L004126,2026-07-30,1,0.1
L004127,2026-07-30,7,7.23
L004128,2026-07-30,9,12.57
L004129,2026-07-30,9,12.57
L004130,2026-07-30,7,7.23
L004131,2026-07-30,1,0.1
L004132,2026-07-30,1,0.1
L004133,2026-07-30,2,0.46
L004134,2026-07-30,2,0.46
L004135,2026-07-30,5,3.45
L004136,2026-07-30,3,1.12
L004137,2026-07-30,3,1.12
L004138,2026-07-30,3,1.12
L004139,2026-07-30,8,9.7
L004140,2026-07-30,2,0.46
L004141,2026-07-30,3,1.12
L004142,2026-07-30,5,3.45
L004143,2026-07-30,4,2.11
L004144,2026-07-30,6,5.15
L004145,2026-07-30,10,15.85
L004146,2026-07-30,2,0.46
L004147,2026-07-30,2,0.46
L004148,2026-07-30,3,1.12
L004149,2026-07-30,6,5.15
L004150,2026-07-30,3,1.12
L004151,2026-07-30,4,2.11
L004152,2026-07-30,9,12.57
L004153,2026-07-30,3,1.12
L004154,2026-07-30,10,15.85
L004155,2026-07-30,1,0.1
L004156,2026-07-30,1,0.1
L004157,2026-07-30,2,0.46
L004158,2026-07-30,1,0.1
L004159,2026-07-30,8,9.7
L004160,2026-07-30,3,1.12
L004161,2026-07-30,1,0.1
L004162,2026-07-30,1,0.1
L004163,2026-07-30,2,0.46
L004164,2026-07-30,2,0.46
L004165,2026-07-30,7,7.23
L004166,2026-07-30,3,1.12
L004167,2026-07-30,1,0.1
L004168,2026-07-30,1,0.1
L004169,2026-07-30,5,3.45
L004170,2026-07-30,3,1.12
L004171,2026-07-30,4,2.11
L004172,2026-07-30,3,1.12
L004173,2026-07-30,7,7.23
L004174,2026-07-30,3,1.12
L004175,2026-07-30,7,7.23
L004176,2026-07-30,3,1.12
L004177,2026-07-30,1,0.1
L004178,2026-07-30,3,1.12
L004179,2026-07-30,1,0.1
L004180,2026-07-30,1,0.1
L004181,2026-07-30,10,15.85
L004182,2026-07-30,2,0.46
L004183,2026-07-30,1,0.1
L004184,2026-07-30,2,0.46
L004185,2026-07-30,2,0.46
L004186,2026-07-30,6,5.15
L004187,2026-07-30,1,0.1
L004188,2026-07-30,3,1.12
L004189,2026-07-30,3,1.12
L004190,2026-07-30,7,7.23
L004191,2026-07-30,1,0.1
L004192,2026-07-30,2,0.46
L004193,2026-07-30,2,0.46
L004194,2026-07-30,4,2.11
L004195,2026-07-30,1,0.1
L004196,2026-07-30,6,5.15
L004197,2026-07-30,1,0.1
L004198,2026-07-30,7,7.23
L004199,2026-07-30,6,5.15
L004200,2026-07-30,9,12.57
L004201,2026-07-30,2,0.46
L004202,2026-07-30,1,0.1
L004203,2026-07-30,2,0.46
L004204,2026-07-30,5,3.45
L004205,2026-07-30,10,15.85
L004206,2026-07-30,1,0.1
L004207,2026-07-30,3,1.12
L004208,2026-07-30,3,1.12
L004209,2026-07-30,2,0.46
L004210,2026-07-30,9,12.57
L004211,2026-07-30,4,2.11
L004212,2026-07-30,1,0.1
L004213,2026-07-30,9,12.57
L004214,2026-07-30,1,0.1
L004215,2026-07-30,9,12.57
L004216,2026-07-30,3,1.12
L004217,2026-07-30,1,0.1
L004218,2026-07-30,1,0.1
L004219,2026-07-30,8,9.7
L004220,2026-07-30,8,9.7
L004221,2026-07-30,2,0.46
L004222,2026-07-30,2,0.46
L004223,2026-07-30,1,0.1
L004224,2026-07-30,3,1.12
L004225,2026-07-30,3,1.12
L004226,2026-07-30,1,0.1
L004227,2026-07-30,2,0.46
L004228,2026-07-30,10,15.85
L004229,2026-07-30,9,12.57
L004230,2026-07-30,1,0.1
L004231,2026-07-30,7,7.23
L004232,2026-07-30,6,5.15
L004233,2026-07-30,1,0.1
L004234,2026-07-30,2,0.46
L004235,2026-07-30,1,0.1
L004236,2026-07-30,1,0.1
L004237,2026-07-30,2,0.46
L004238,2026-07-30,3,1.12
L004239,2026-07-30,3,1.12
L004240,2026-07-30,3,1.12
L004241,2026-07-30,2,0.46
L004242,2026-07-30,1,0.1
L004243,2026-07-30,5,3.45
L004244,2026-07-30,2,0.46
L004245,2026-07-30,8,9.7
L004246,2026-07-30,2,0.46
L004247,2026-07-30,3,1.12
L004248,2026-07-30,5,3.45
L004249,2026-07-30,4,2.11
L004250,2026-07-30,4,2.11
L004251,2026-07-30,5,3.45
L004252,2026-07-30,2,0.46
L004253,2026-07-30,1,0.1
L004254,2026-07-30,2,0.46
L004255,2026-07-30,7,7.23
L004256,2026-07-30,8,9.7
L004257,2026-07-30,4,2.11
L004258,2026-07-30,1,0.1
L004259,2026-07-30,3,1.12
L004260,2026-07-30,3,1.12
L004261,2026-07-30,3,1.12
L004262,2026-07-30,3,1.12
L004263,2026-07-30,1,0.1
L004264,2026-07-30,2,0.46
L004265,2026-07-30,2,0.46
L004266,2026-07-30,1,0.1
L004267,2026-07-30,1,0.1
L004268,2026-07-30,2,0.46
L004269,2026-07-30,1,0.1
L004270,2026-07-30,5,3.45
L004271,2026-07-30,7,7.23
L004272,2026-07-30,3,1.12
L004273,2026-07-30,2,0.46
L004274,2026-07-30,9,12.57
L004275,2026-07-30,1,0.1
L004276,2026-07-30,8,9.7
L004277,2026-07-30,2,0.46
L004278,2026-07-30,4,2.11
L004279,2026-07-30,1,0.1
L004280,2026-07-30,9,12.57
L004281,2026-07-30,6,5.15
L004282,2026-07-30,2,0.46
L004283,2026-07-30,4,2.11
L004284,2026-07-30,1,0.1
L004285,2026-07-30,3,1.12
L004286,2026-07-30,1,0.1
L004287,2026-07-30,3,1.12
L004288,2026-07-30,3,1.12
L004289,2026-07-30,8,9.7
L004290,2026-07-30,2,0.46
L004291,2026-07-30,8,9.7
L004292,2026-07-30,3,1.12
L004293,2026-07-30,2,0.46
L004294,2026-07-30,2,0.46
L004295,2026-07-30,3,1.12
L004296,2026-07-30,1,0.1
L004297,2026-07-30,7,7.23
L004298,2026-07-30,7,7.23
L004299,2026-07-30,1,0.1
L004300,2026-07-30,2,0.46
L004301,2026-07-30,5,3.45
L004302,2026-07-30,3,1.12
L004303,2026-07-30,2,0.46
L004304,2026-07-30,7,7.23
L004305,2026-07-30,3,1.12
L004306,2026-07-30,3,1.12
L004307,2026-07-30,1,0.1
L004308,2026-07-30,8,9.7
L004309,2026-07-30,4,2.11
L004310,2026-07-30,3,1.12
L004311,2026-07-30,2,0.46
L004312,2026-07-30,1,0.1
L004313,2026-07-30,1,0.1
L004314,2026-07-30,2,0.46
L004315,2026-07-30,8,9.7
L004316,2026-07-30,3,1.12
L004317,2026-07-30,2,0.46
L004318,2026-07-30,3,1.12
L004319,2026-07-30,4,2.11
L004320,2026-07-30,4,2.11
L004321,2026-07-30,5,3.45
L004322,2026-07-30,3,1.12
L004323,2026-07-30,10,15.85
L004324,2026-07-30,3,1.12
L004325,2026-07-30,2,0.46
L004326,2026-07-30,3,1.12
L004327,2026-07-30,3,1.12
L004328,2026-07-30,3,1.12
L004329,2026-07-30,3,1.12
L004330,2026-07-30,2,0.46
L004331,2026-07-30,1,0.1
L004332,2026-07-30,1,0.1
L004333,2026-07-30,2,0.46
L004334,2026-07-30,5,3.45
L004335,2026-07-30,3,1.12
L004336,2026-07-30,6,5.15
L004337,2026-07-30,1,0.1
L004338,2026-07-30,1,0.1
L004339,2026-07-30,3,1.12
L004340,2026-07-30,6,5.15
L004341,2026-07-30,5,3.45
L004342,2026-07-30,1,0.1
L004343,2026-07-30,7,7.23
L004344,2026-07-30,3,1.12
L004345,2026-07-30,1,0.1
L004346,2026-07-30,1,0.1
L004347,2026-07-30,3,1.12
L004348,2026-07-30,1,0.1
L004349,2026-07-30,8,9.7
L004350,2026-07-30,1,0.1
L004351,2026-07-30,2,0.46
L004352,2026-07-30,2,0.46
L004353,2026-07-30,1,0.1
L004354,2026-07-30,2,0.46
L004355,2026-07-30,3,1.12
L004356,2026-07-30,2,0.46
L004357,2026-07-30,10,15.85
L004358,2026-07-30,1,0.1
L004359,2026-07-30,3,1.12
L004360,2026-07-30,3,1.12
L004361,2026-07-30,1,0.1
L004362,2026-07-30,2,0.46
L004363,2026-07-30,3,1.12
L004364,2026-07-30,3,1.12
L004365,2026-07-30,1,0.1
L004366,2026-07-30,8,9.7
L004367,2026-07-30,1,0.1
L004368,2026-07-30,2,0.46
L004369,2026-07-30,2,0.46
L004370,2026-07-30,3,1.12
L004371,2026-07-30,3,1.12
L004372,2026-07-30,6,5.15
L004373,2026-07-30,3,1.12
L004374,2026-07-30,2,0.46
L004375,2026-07-30,1,0.1
L004376,2026-07-30,6,5.15
L004377,2026-07-30,3,1.12
L004378,2026-07-30,2,0.46
L004379,2026-07-30,9,12.57
L004380,2026-07-30,6,5.15
L004381,2026-07-30,2,0.46
L004382,2026-07-30,8,9.7
L004383,2026-07-30,4,2.11
L004384,2026-07-30,10,15.85
L004385,2026-07-30,2,0.46
L004386,2026-07-30,9,12.57
L004387,2026-07-30,7,7.23
L004388,2026-07-30,8,9.7
L004389,2026-07-30,1,0.1
L004390,2026-07-30,3,1.12
L004391,2026-07-30,6,5.15
L004392,2026-07-30,2,0.46
L004393,2026-07-30,5,3.45
L004394,2026-07-30,3,1.12
L004395,2026-07-30,3,1.12
L004396,2026-07-30,8,9.7
L004397,2026-07-30,2,0.46
L004398,2026-07-30,2,0.46
L004399,2026-07-30,4,2.11
L004400,2026-07-30,3,1.12
L004401,2026-07-30,1,0.1
L004402,2026-07-30,2,0.46
L004403,2026-07-30,3,1.12
L004404,2026-07-30,1,0.1
L004405,2026-07-30,9,12.57
L004406,2026-07-30,1,0.1
L004407,2026-07-30,3,1.12
L004408,2026-07-30,3,1.12
L004409,2026-07-30,3,1.12
L004410,2026-07-30,1,0.1
L004411,2026-07-30,1,0.1
L004412,2026-07-30,2,0.46
L004413,2026-07-30,3,1.12
L004414,2026-07-30,1,0.1
L004415,2026-07-30,7,7.23
L004416,2026-07-30,8,9.7
L004417,2026-07-30,5,3.45
L004418,2026-07-30,1,0.1
L004419,2026-07-30,7,7.23
L004420,2026-07-30,1,0.1
L004421,2026-07-30,3,1.12
L004422,2026-07-30,2,0.46
L004423,2026-07-30,1,0.1
L004424,2026-07-30,4,2.11
L004425,2026-07-30,10,15.85
L004426,2026-07-30,1,0.1
L004427,2026-07-30,1,0.1
L004428,2026-07-30,1,0.1
L004429,2026-07-30,2,0.46
L004430,2026-07-30,9,12.57
L004431,2026-07-30,1,0.1
L004432,2026-07-30,2,0.46
L004433,2026-07-30,2,0.46
L004434,2026-07-30,9,12.57
L004435,2026-07-30,3,1.12
L004436,2026-07-30,6,5.15
L004437,2026-07-30,3,1.12
L004438,2026-07-30,2,0.46
L004439,2026-07-30,3,1.12
L004440,2026-07-30,1,0.1
L004441,2026-07-30,2,0.46
L004442,2026-07-30,1,0.1
L004443,2026-07-30,1,0.1
L004444,2026-07-30,3,1.12
L004445,2026-07-30,8,9.7
L004446,2026-07-30,2,0.46
L004447,2026-07-30,2,0.46
L004448,2026-07-30,1,0.1
L004449,2026-07-30,1,0.1
L004450,2026-07-30,1,0.1
L004451,2026-07-30,1,0.1
L004452,2026-07-30,8,9.7
L004453,2026-07-30,3,1.12
L004454,2026-07-30,9,12.57
L004455,2026-07-30,1,0.1
L004456,2026-07-30,8,9.7
L004457,2026-07-30,3,1.12
L004458,2026-07-30,3,1.12
L004459,2026-07-30,6,5.15
L004460,2026-07-30,4,2.11
L004461,2026-07-30,1,0.1
L004462,2026-07-30,3,1.12
L004463,2026-07-30,2,0.46
L004464,2026-07-30,7,7.23
L004465,2026-07-30,7,7.23
L004466,2026-07-30,8,9.7
L004467,2026-07-30,3,1.12
L004468,2026-07-30,7,7.23
L004469,2026-07-30,10,15.85
L004470,2026-07-30,4,2.11
L004471,2026-07-30,3,1.12
L004472,2026-07-30,1,0.1
L004473,2026-07-30,9,12.57
L004474,2026-07-30,3,1.12
L004475,2026-07-30,1,0.1
L004476,2026-07-30,6,5.15
L004477,2026-07-30,1,0.1
L004478,2026-07-30,2,0.46
L004479,2026-07-30,3,1.12
L004480,2026-07-30,8,9.7
L004481,2026-07-30,5,3.45
L004482,2026-07-30,3,1.12
L004483,2026-07-30,2,0.46
L004484,2026-07-30,3,1.12
L004485,2026-07-30,3,1.12
L004486,2026-07-30,6,5.15
L004487,2026-07-30,2,0.46
L004488,2026-07-30,2,0.46
L004489,2026-07-30,2,0.46
L004490,2026-07-30,5,3.45
L004491,2026-07-30,1,0.1
L004492,2026-07-30,7,7.23
L004493,2026-07-30,3,1.12
L004494,2026-07-30,3,1.12
L004495,2026-07-30,7,7.23
L004496,2026-07-30,1,0.1
L004497,2026-07-30,2,0.46
L004498,2026-07-30,1,0.1
L004499,2026-07-30,3,1.12
L004500,2026-07-30,6,5.15
L004501,2026-07-30,1,0.1
L004502,2026-07-30,9,12.57
L004503,2026-07-30,3,1.12
L004504,2026-07-30,3,1.12
L004505,2026-07-30,2,0.46
L004506,2026-07-30,2,0.46
L004507,2026-07-30,7,7.23
L004508,2026-07-30,9,12.57
L004509,2026-07-30,1,0.1
L004510,2026-07-30,1,0.1
L004511,2026-07-30,1,0.1
L004512,2026-07-30,5,3.45
L004513,2026-07-30,1,0.1
L004514,2026-07-30,2,0.46
L004515,2026-07-30,3,1.12
L004516,2026-07-30,1,0.1
L004517,2026-07-30,1,0.1
L004518,2026-07-30,4,2.11
L004519,2026-07-30,7,7.23
L004520,2026-07-30,1,0.1
L004521,2026-07-30,1,0.1
L004522,2026-07-30,8,9.7
L004523,2026-07-30,6,5.15
L004524,2026-07-30,2,0.46
L004525,2026-07-30,2,0.46
L004526,2026-07-30,3,1.12
L004527,2026-07-30,6,5.15
L004528,2026-07-30,8,9.7
L004529,2026-07-30,2,0.46
L004530,2026-07-30,1,0.1
L004531,2026-07-30,3,1.12
L004532,2026-07-30,1,0.1
L004533,2026-07-30,1,0.1
L004534,2026-07-30,10,15.85
L004535,2026-07-30,2,0.46
L004536,2026-07-30,2,0.46
L004537,2026-07-30,8,9.7
L004538,2026-07-30,3,1.12
L004539,2026-07-30,1,0.1
L004540,2026-07-30,10,15.85
L004541,2026-07-30,9,12.57
L004542,2026-07-30,10,15.85
L004543,2026-07-30,3,1.12
L004544,2026-07-30,3,1.12
L004545,2026-07-30,8,9.7
L004546,2026-07-30,3,1.12
L004547,2026-07-30,5,3.45
L004548,2026-07-30,1,0.1
L004549,2026-07-30,3,1.12
L004550,2026-07-30,3,1.12
L004551,2026-07-30,3,1.12
L004552,2026-07-30,4,2.11
L004553,2026-07-30,3,1.12
L004554,2026-07-30,2,0.46
L004555,2026-07-30,2,0.46
L004556,2026-07-30,9,12.57
L004557,2026-07-30,1,0.1
L004558,2026-07-30,10,15.85
L004559,2026-07-30,1,0.1
L004560,2026-07-30,3,1.12
L004561,2026-07-30,10,15.85
L004562,2026-07-30,3,1.12
L004563,2026-07-30,1,0.1
L004564,2026-07-30,1,0.1
L004565,2026-07-30,2,0.46
L004566,2026-07-30,10,15.85
L004567,2026-07-30,1,0.1
L004568,2026-07-30,7,7.23
L004569,2026-07-30,1,0.1
L004570,2026-07-30,1,0.1
L004571,2026-07-30,1,0.1
L004572,2026-07-30,3,1.12
L004573,2026-07-30,2,0.46
L004574,2026-07-30,3,1.12
L004575,2026-07-30,2,0.46
L004576,2026-07-30,2,0.46
L004577,2026-07-30,1,0.1
L004578,2026-07-30,3,1.12
L004579,2026-07-30,2,0.46
L004580,2026-07-30,2,0.46
L004581,2026-07-30,3,1.12
L004582,2026-07-30,2,0.46
L004583,2026-07-30,2,0.46
L004584,2026-07-30,3,1.12
L004585,2026-07-30,1,0.1
L004586,2026-07-30,2,0.46
L004587,2026-07-30,10,15.85
L004588,2026-07-30,7,7.23
L004589,2026-07-30,4,2.11
L004590,2026-07-30,2,0.46
L004591,2026-07-30,3,1.12
L004592,2026-07-30,3,1.12
L004593,2026-07-30,1,0.1
L004594,2026-07-30,2,0.46
L004595,2026-07-30,9,12.57
L004596,2026-07-30,2,0.46
L004597,2026-07-30,5,3.45
L004598,2026-07-30,2,0.46
L004599,2026-07-30,9,12.57
L004600,2026-07-30,1,0.1
L004601,2026-07-30,3,1.12
L004602,2026-07-30,2,0.46
L004603,2026-07-30,2,0.46
L004604,2026-07-30,8,9.7
L004605,2026-07-30,1,0.1
L004606,2026-07-30,2,0.46
L004607,2026-07-30,3,1.12
L004608,2026-07-30,4,2.11
L004609,2026-07-30,3,1.12
L004610,2026-07-30,6,5.15
L004611,2026-07-30,2,0.46
L004612,2026-07-30,3,1.12
L004613,2026-07-30,1,0.1
L004614,2026-07-30,2,0.46
L004615,2026-07-30,1,0.1
L004616,2026-07-30,1,0.1
L004617,2026-07-30,3,1.12
L004618,2026-07-30,6,5.15
L004619,2026-07-30,4,2.11
L004620,2026-07-30,2,0.46
L004621,2026-07-30,9,12.57
L004622,2026-07-30,8,9.7
L004623,2026-07-30,1,0.1
L004624,2026-07-30,1,0.1
L004625,2026-07-30,1,0.1
L004626,2026-07-30,2,0.46
L004627,2026-07-30,2,0.46
L004628,2026-07-30,2,0.46
L004629,2026-07-30,2,0.46
L004630,2026-07-30,3,1.12
L004631,2026-07-30,10,15.85
L004632,2026-07-30,3,1.12
L004633,2026-07-30,3,1.12
L004634,2026-07-30,5,3.45
L004635,2026-07-30,7,7.23
L004636,2026-07-30,4,2.11
L004637,2026-07-30,2,0.46
L004638,2026-07-30,4,2.11
L004639,2026-07-30,2,0.46
L004640,2026-07-30,3,1.12
L004641,2026-07-30,1,0.1
L004642,2026-07-30,3,1.12
L004643,2026-07-30,2,0.46
L004644,2026-07-30,3,1.12
L004645,2026-07-30,3,1.12
L004646,2026-07-30,3,1.12
L004647,2026-07-30,10,15.85
L004648,2026-07-30,1,0.1
L004649,2026-07-30,3,1.12
L004650,2026-07-30,3,1.12
L004651,2026-07-30,9,12.57
L004652,2026-07-30,2,0.46
L004653,2026-07-30,2,0.46
L004654,2026-07-30,1,0.1
L004655,2026-07-30,2,0.46
L004656,2026-07-30,3,1.12
L004657,2026-07-30,3,1.12
L004658,2026-07-30,3,1.12
L004659,2026-07-30,7,7.23
L004660,2026-07-30,2,0.46
L004661,2026-07-30,9,12.57
L004662,2026-07-30,7,7.23
L004663,2026-07-30,3,1.12
L004664,2026-07-30,7,7.23
L004665,2026-07-30,1,0.1
L004666,2026-07-30,2,0.46
L004667,2026-07-30,10,15.85
L004668,2026-07-30,3,1.12
L004669,2026-07-30,1,0.1
L004670,2026-07-30,1,0.1
L004671,2026-07-30,1,0.1
L004672,2026-07-30,7,7.23
L004673,2026-07-30,1,0.1
L004674,2026-07-30,7,7.23
L004675,2026-07-30,7,7.23
L004676,2026-07-30,3,1.12
L004677,2026-07-30,2,0.46
L004678,2026-07-30,2,0.46
L004679,2026-07-30,3,1.12
L004680,2026-07-30,6,5.15
L004681,2026-07-30,5,3.45
L004682,2026-07-30,1,0.1
L004683,2026-07-30,7,7.23
L004684,2026-07-30,5,3.45
L004685,2026-07-30,2,0.46
L004686,2026-07-30,10,15.85
L004687,2026-07-30,2,0.46
L004688,2026-07-30,8,9.7
L004689,2026-07-30,1,0.1
L004690,2026-07-30,9,12.57
L004691,2026-07-30,3,1.12
L004692,2026-07-30,2,0.46
L004693,2026-07-30,2,0.46
L004694,2026-07-30,5,3.45
L004695,2026-07-30,2,0.46
L004696,2026-07-30,1,0.1
L004697,2026-07-30,3,1.12
L004698,2026-07-30,1,0.1
L004699,2026-07-30,10,15.85
L004700,2026-07-30,1,0.1
L004701,2026-07-30,4,2.11
L004702,2026-07-30,3,1.12
L004703,2026-07-30,2,0.46
L004704,2026-07-30,6,5.15
L004705,2026-07-30,4,2.11
L004706,2026-07-30,3,1.12
L004707,2026-07-30,8,9.7
L004708,2026-07-30,3,1.12
L004709,2026-07-30,10,15.85
L004710,2026-07-30,1,0.1
L004711,2026-07-30,10,15.85
L004712,2026-07-30,1,0.1
L004713,2026-07-30,4,2.11
L004714,2026-07-30,2,0.46
L004715,2026-07-30,7,7.23
L004716,2026-07-30,9,12.57
L004717,2026-07-30,2,0.46
L004718,2026-07-30,2,0.46
L004719,2026-07-30,3,1.12
L004720,2026-07-30,7,7.23
L004721,2026-07-30,3,1.12
L004722,2026-07-30,1,0.1
L004723,2026-07-30,3,1.12
L004724,2026-07-30,10,15.85
L004725,2026-07-30,2,0.46
L004726,2026-07-30,1,0.1
L004727,2026-07-30,3,1.12
L004728,2026-07-30,2,0.46
L004729,2026-07-30,1,0.1
L004730,2026-07-30,2,0.46
L004731,2026-07-30,9,12.57
L004732,2026-07-30,8,9.7
L004733,2026-07-30,3,1.12
L004734,2026-07-30,3,1.12
L004735,2026-07-30,3,1.12
L004736,2026-07-30,3,1.12
L004737,2026-07-30,3,1.12
L004738,2026-07-30,3,1.12
L004739,2026-07-30,2,0.46
L004740,2026-07-30,3,1.12
L004741,2026-07-30,7,7.23
L004742,2026-07-30,3,1.12
L004743,2026-07-30,2,0.46
L004744,2026-07-30,1,0.1
L004745,2026-07-30,7,7.23
L004746,2026-07-30,3,1.12
L004747,2026-07-30,2,0.46
L004748,2026-07-30,5,3.45
L004749,2026-07-30,10,15.85
L004750,2026-07-30,2,0.46
L004751,2026-07-30,3,1.12
L004752,2026-07-30,1,0.1
L004753,2026-07-30,1,0.1
L004754,2026-07-30,6,5.15
L004755,2026-07-30,2,0.46
L004756,2026-07-30,7,7.23
L004757,2026-07-30,1,0.1
L004758,2026-07-30,2,0.46
L004759,2026-07-30,2,0.46
L004760,2026-07-30,9,12.57
L004761,2026-07-30,5,3.45
L004762,2026-07-30,2,0.46
L004763,2026-07-30,3,1.12
L004764,2026-07-30,1,0.1
L004765,2026-07-30,4,2.11
L004766,2026-07-30,8,9.7
L004767,2026-07-30,1,0.1
L004768,2026-07-30,3,1.12
L004769,2026-07-30,10,15.85
L004770,2026-07-30,1,0.1
L004771,2026-07-30,9,12.57
L004772,2026-07-30,3,1.12
L004773,2026-07-30,9,12.57
L004774,2026-07-30,7,7.23
L004775,2026-07-30,3,1.12
L004776,2026-07-30,1,0.1
L004777,2026-07-30,3,1.12
L004778,2026-07-30,2,0.46
L004779,2026-07-30,9,12.57
L004780,2026-07-30,2,0.46
L004781,2026-07-30,3,1.12
L004782,2026-07-30,2,0.46
L004783,2026-07-30,3,1.12
L004784,2026-07-30,1,0.1
L004785,2026-07-30,1,0.1
L004786,2026-07-30,2,0.46
L004787,2026-07-30,1,0.1
L004788,2026-07-30,3,1.12
L004789,2026-07-30,1,0.1
L004790,2026-07-30,9,12.57
L004791,2026-07-30,3,1.12
L004792,2026-07-30,9,12.57
L004793,2026-07-30,4,2.11
L004794,2026-07-30,1,0.1
L004795,2026-07-30,2,0.46
L004796,2026-07-30,2,0.46
L004797,2026-07-30,9,12.57
L004798,2026-07-30,3,1.12
L004799,2026-07-30,3,1.12
L004800,2026-07-30,5,3.45
L004801,2026-07-30,2,0.46
L004802,2026-07-30,1,0.1
L004803,2026-07-30,1,0.1
L004804,2026-07-30,5,3.45
L004805,2026-07-30,1,0.1
L004806,2026-07-30,4,2.11
L004807,2026-07-30,3,1.12
L004808,2026-07-30,1,0.1
L004809,2026-07-30,6,5.15
L004810,2026-07-30,3,1.12
L004811,2026-07-30,6,5.15
L004812,2026-07-30,6,5.15
L004813,2026-07-30,5,3.45
L004814,2026-07-30,1,0.1
L004815,2026-07-30,5,3.45
L004816,2026-07-30,1,0.1
L004817,2026-07-30,6,5.15
L004818,2026-07-30,3,1.12
L004819,2026-07-30,5,3.45
L004820,2026-07-30,1,0.1
L004821,2026-07-30,3,1.12
L004822,2026-07-30,9,12.57
L004823,2026-07-30,1,0.1
L004824,2026-07-30,2,0.46
L004825,2026-07-30,3,1.12
L004826,2026-07-30,3,1.12
L004827,2026-07-30,3,1.12
L004828,2026-07-30,1,0.1
L004829,2026-07-30,8,9.7
L004830,2026-07-30,3,1.12
L004831,2026-07-30,3,1.12
L004832,2026-07-30,1,0.1
L004833,2026-07-30,10,15.85
L004834,2026-07-30,3,1.12
L004835,2026-07-30,3,1.12
L004836,2026-07-30,7,7.23
L004837,2026-07-30,3,1.12
L004838,2026-07-30,9,12.57
L004839,2026-07-30,2,0.46
L004840,2026-07-30,3,1.12
L004841,2026-07-30,7,7.23
L004842,2026-07-30,3,1.12
L004843,2026-07-30,3,1.12
L004844,2026-07-30,2,0.46
L004845,2026-07-30,2,0.46
L004846,2026-07-30,10,15.85
L004847,2026-07-30,1,0.1
L004848,2026-07-30,1,0.1
L004849,2026-07-30,2,0.46
L004850,2026-07-30,3,1.12
L004851,2026-07-30,9,12.57
L004852,2026-07-30,10,15.85
L004853,2026-07-30,7,7.23
L004854,2026-07-30,3,1.12
L004855,2026-07-30,6,5.15
L004856,2026-07-30,10,15.85
L004857,2026-07-30,5,3.45
L004858,2026-07-30,6,5.15
L004859,2026-07-30,3,1.12
L004860,2026-07-30,10,15.85
L004861,2026-07-30,1,0.1
L004862,2026-07-30,10,15.85
L004863,2026-07-30,2,0.46
L004864,2026-07-30,2,0.46
L004865,2026-07-30,2,0.46
L004866,2026-07-30,2,0.46
L004867,2026-07-30,10,15.85
L004868,2026-07-30,9,12.57
L004869,2026-07-30,2,0.46
L004870,2026-07-30,1,0.1
L004871,2026-07-30,4,2.11
L004872,2026-07-30,3,1.12
L004873,2026-07-30,6,5.15
L004874,2026-07-30,2,0.46
L004875,2026-07-30,3,1.12
L004876,2026-07-30,4,2.11
L004877,2026-07-30,1,0.1
L004878,2026-07-30,1,0.1
L004879,2026-07-30,1,0.1
L004880,2026-07-30,3,1.12
L004881,2026-07-30,6,5.15
L004882,2026-07-30,4,2.11
L004883,2026-07-30,2,0.46
L004884,2026-07-30,4,2.11
L004885,2026-07-30,4,2.11
L004886,2026-07-30,8,9.7
L004887,2026-07-30,2,0.46
L004888,2026-07-30,2,0.46
L004889,2026-07-30,2,0.46
L004890,2026-07-30,3,1.12
L004891,2026-07-30,3,1.12
L004892,2026-07-30,1,0.1
L004893,2026-07-30,1,0.1
L004894,2026-07-30,4,2.11
L004895,2026-07-30,6,5.15
L004896,2026-07-30,2,0.46
L004897,2026-07-30,2,0.46
L004898,2026-07-30,1,0.1
L004899,2026-07-30,3,1.12
L004900,2026-07-30,3,1.12
L004901,2026-07-30,3,1.12
L004902,2026-07-30,3,1.12
L004903,2026-07-30,1,0.1
L004904,2026-07-30,1,0.1
L004905,2026-07-30,1,0.1
L004906,2026-07-30,2,0.46
L004907,2026-07-30,1,0.1
L004908,2026-07-30,3,1.12
L004909,2026-07-30,1,0.1
L004910,2026-07-30,2,0.46
L004911,2026-07-30,3,1.12
L004912,2026-07-30,3,1.12
L004913,2026-07-30,1,0.1
L004914,2026-07-30,9,12.57
L004915,2026-07-30,1,0.1
L004916,2026-07-30,2,0.46
L004917,2026-07-30,1,0.1
L004918,2026-07-30,3,1.12
L004919,2026-07-30,2,0.46
L004920,2026-07-30,1,0.1
L004921,2026-07-30,3,1.12
L004922,2026-07-30,1,0.1
L004923,2026-07-30,7,7.23
L004924,2026-07-30,1,0.1
L004925,2026-07-30,1,0.1
L004926,2026-07-30,3,1.12
L004927,2026-07-30,2,0.46
L004928,2026-07-30,3,1.12
L004929,2026-07-30,3,1.12
L004930,2026-07-30,5,3.45
L004931,2026-07-30,10,15.85
L004932,2026-07-30,2,0.46
L004933,2026-07-30,3,1.12
L004934,2026-07-30,1,0.1
L004935,2026-07-30,1,0.1
L004936,2026-07-30,3,1.12
L004937,2026-07-30,1,0.1
L004938,2026-07-30,3,1.12
L004939,2026-07-30,1,0.1
L004940,2026-07-30,2,0.46
L004941,2026-07-30,5,3.45
L004942,2026-07-30,1,0.1
L004943,2026-07-30,1,0.1
L004944,2026-07-30,3,1.12
L004945,2026-07-30,2,0.46
L004946,2026-07-30,6,5.15
L004947,2026-07-30,1,0.1
L004948,2026-07-30,3,1.12
L004949,2026-07-30,7,7.23
L004950,2026-07-30,3,1.12
L004951,2026-07-30,3,1.12
L004952,2026-07-30,9,12.57
L004953,2026-07-30,2,0.46
L004954,2026-07-30,3,1.12
L004955,2026-07-30,5,3.45
L004956,2026-07-30,3,1.12
L004957,2026-07-30,3,1.12
L004958,2026-07-30,1,0.1
L004959,2026-07-30,2,0.46
L004960,2026-07-30,8,9.7
L004961,2026-07-30,3,1.12
L004962,2026-07-30,1,0.1
L004963,2026-07-30,2,0.46
L004964,2026-07-30,1,0.1
L004965,2026-07-30,7,7.23
L004966,2026-07-30,2,0.46
L004967,2026-07-30,3,1.12
L004968,2026-07-30,2,0.46
L004969,2026-07-30,3,1.12
L004970,2026-07-30,7,7.23
L004971,2026-07-30,3,1.12
L004972,2026-07-30,1,0.1
L004973,2026-07-30,1,0.1
L004974,2026-07-30,1,0.1
L004975,2026-07-30,2,0.46
L004976,2026-07-30,5,3.45
L004977,2026-07-30,1,0.1
L004978,2026-07-30,10,15.85
L004979,2026-07-30,9,12.57
L004980,2026-07-30,2,0.46
L004981,2026-07-30,6,5.15
L004982,2026-07-30,4,2.11
L004983,2026-07-30,3,1.12
L004984,2026-07-30,1,0.1
L004985,2026-07-30,6,5.15
L004986,2026-07-30,4,2.11
L004987,2026-07-30,2,0.46
L004988,2026-07-30,3,1.12
L004989,2026-07-30,8,9.7
L004990,2026-07-30,2,0.46
L004991,2026-07-30,3,1.12
L004992,2026-07-30,1,0.1
L004993,2026-07-30,2,0.46
L004994,2026-07-30,8,9.7
L004995,2026-07-30,3,1.12
L004996,2026-07-30,1,0.1
L004997,2026-07-30,3,1.12
L004998,2026-07-30,1,0.1
L004999,2026-07-30,3,1.12
L005000,2026-07-30,9,12.57
L005001,2026-07-30,5,3.45
L005002,2026-07-30,1,0.1
L005003,2026-07-30,2,0.46
L005004,2026-07-30,1,0.1
L005005,2026-07-30,1,0.1
L005006,2026-07-30,2,0.46
L005007,2026-07-30,2,0.46
L005008,2026-07-30,2,0.46
L005009,2026-07-30,3,1.12
L005010,2026-07-30,3,1.12
L005011,2026-07-30,1,0.1
L005012,2026-07-30,1,0.1
L005013,2026-07-30,9,12.57
L005014,2026-07-30,10,15.85
L005015,2026-07-30,3,1.12
L005016,2026-07-30,2,0.46
L005017,2026-07-30,9,12.57
L005018,2026-07-30,3,1.12
L005019,2026-07-30,1,0.1
L005020,2026-07-30,2,0.46
L005021,2026-07-30,2,0.46
L005022,2026-07-30,1,0.1
L005023,2026-07-30,1,0.1
L005024,2026-07-30,1,0.1
L005025,2026-07-30,3,1.12
L005026,2026-07-30,5,3.45
L005027,2026-07-30,2,0.46
L005028,2026-07-30,7,7.23
L005029,2026-07-30,10,15.85
L005030,2026-07-30,1,0.1
L005031,2026-07-30,1,0.1
L005032,2026-07-30,1,0.1
L005033,2026-07-30,6,5.15
L005034,2026-07-30,1,0.1
L005035,2026-07-30,5,3.45
L005036,2026-07-30,1,0.1
L005037,2026-07-30,9,12.57
L005038,2026-07-30,2,0.46
L005039,2026-07-30,2,0.46
L005040,2026-07-30,3,1.12
L005041,2026-07-30,10,15.85
L005042,2026-07-30,6,5.15
L005043,2026-07-30,2,0.46
L005044,2026-07-30,5,3.45
L005045,2026-07-30,5,3.45
L005046,2026-07-30,7,7.23
L005047,2026-07-30,1,0.1
L005048,2026-07-30,1,0.1
L005049,2026-07-30,7,7.23
L005050,2026-07-30,5,3.45
L005051,2026-07-30,7,7.23
L005052,2026-07-30,3,1.12
L005053,2026-07-30,3,1.12
L005054,2026-07-30,2,0.46
L005055,2026-07-30,4,2.11
L005056,2026-07-30,9,12.57
L005057,2026-07-30,3,1.12
L005058,2026-07-30,2,0.46
L005059,2026-07-30,1,0.1
L005060,2026-07-30,10,15.85
L005061,2026-07-30,3,1.12
L005062,2026-07-30,3,1.12
L005063,2026-07-30,6,5.15
L005064,2026-07-30,1,0.1
L005065,2026-07-30,1,0.1
L005066,2026-07-30,1,0.1
L005067,2026-07-30,1,0.1
L005068,2026-07-30,10,15.85
L005069,2026-07-30,2,0.46
L005070,2026-07-30,1,0.1
L005071,2026-07-30,5,3.45
L005072,2026-07-30,4,2.11
L005073,2026-07-30,6,5.15
L005074,2026-07-30,3,1.12
L005075,2026-07-30,2,0.46
L005076,2026-07-30,5,3.45
L005077,2026-07-30,1,0.1
L005078,2026-07-30,3,1.12
L005079,2026-07-30,4,2.11
L005080,2026-07-30,3,1.12
L005081,2026-07-30,7,7.23
L005082,2026-07-30,8,9.7
L005083,2026-07-30,4,2.11
L005084,2026-07-30,3,1.12
L005085,2026-07-30,2,0.46
L005086,2026-07-30,10,15.85
L005087,2026-07-30,10,15.85
L005088,2026-07-30,2,0.46
L005089,2026-07-30,3,1.12
L005090,2026-07-30,5,3.45
L005091,2026-07-30,1,0.1
L005092,2026-07-30,7,7.23
L005093,2026-07-30,1,0.1
L005094,2026-07-30,1,0.1
L005095,2026-07-30,9,12.57
L005096,2026-07-30,2,0.46
L005097,2026-07-30,3,1.12
L005098,2026-07-30,1,0.1
L005099,2026-07-30,6,5.15
L005100,2026-07-30,3,1.12
L005101,2026-07-30,9,12.57
L005102,2026-07-30,3,1.12
L005103,2026-07-30,1,0.1
L005104,2026-07-30,2,0.46
L005105,2026-07-30,2,0.46
L005106,2026-07-30,2,0.46
L005107,2026-07-30,1,0.1
L005108,2026-07-30,2,0.46
L005109,2026-07-30,6,5.15
L005110,2026-07-30,4,2.11
L005111,2026-07-30,2,0.46
L005112,2026-07-30,2,0.46
L005113,2026-07-30,2,0.46
L005114,2026-07-30,1,0.1
L005115,2026-07-30,2,0.46
L005116,2026-07-30,7,7.23
L005117,2026-07-30,2,0.46
L005118,2026-07-30,1,0.1
L005119,2026-07-30,6,5.15
L005120,2026-07-30,10,15.85
L005121,2026-07-30,4,2.11
L005122,2026-07-30,1,0.1
L005123,2026-07-30,2,0.46
L005124,2026-07-30,2,0.46
L005125,2026-07-30,1,0.1
L005126,2026-07-30,2,0.46
L005127,2026-07-30,4,2.11
L005128,2026-07-30,4,2.11
L005129,2026-07-30,4,2.11
L005130,2026-07-30,9,12.57
L005131,2026-07-30,2,0.46
L005132,2026-07-30,1,0.1
L005133,2026-07-30,3,1.12
L005134,2026-07-30,7,7.23
L005135,2026-07-30,1,0.1
L005136,2026-07-30,8,9.7
L005137,2026-07-30,1,0.1
L005138,2026-07-30,3,1.12
L005139,2026-07-30,1,0.1
L005140,2026-07-30,1,0.1
L005141,2026-07-30,2,0.46
L005142,2026-07-30,3,1.12
L005143,2026-07-30,1,0.1
L005144,2026-07-30,2,0.46
L005145,2026-07-30,2,0.46
L005146,2026-07-30,2,0.46
L005147,2026-07-30,3,1.12
L005148,2026-07-30,2,0.46
L005149,2026-07-30,9,12.57
L005150,2026-07-30,1,0.1
L005151,2026-07-30,1,0.1
L005152,2026-07-30,6,5.15
L005153,2026-07-30,1,0.1
L005154,2026-07-30,10,15.85
L005155,2026-07-30,3,1.12
L005156,2026-07-30,1,0.1
L005157,2026-07-30,2,0.46
L005158,2026-07-30,3,1.12
L005159,2026-07-30,2,0.46
L005160,2026-07-30,1,0.1
L005161,2026-07-30,3,1.12
L005162,2026-07-30,1,0.1
L005163,2026-07-30,1,0.1
L005164,2026-07-30,3,1.12
L005165,2026-07-30,10,15.85
L005166,2026-07-30,2,0.46
L005167,2026-07-30,2,0.46
L005168,2026-07-30,2,0.46
L005169,2026-07-30,3,1.12
L005170,2026-07-30,2,0.46
L005171,2026-07-30,6,5.15
L005172,2026-07-30,2,0.46
L005173,2026-07-30,3,1.12
L005174,2026-07-30,2,0.46
L005175,2026-07-30,1,0.1
L005176,2026-07-30,2,0.46
L005177,2026-07-30,10,15.85
L005178,2026-07-30,6,5.15
L005179,2026-07-30,2,0.46
L005180,2026-07-30,6,5.15
L005181,2026-07-30,2,0.46
L005182,2026-07-30,3,1.12
L005183,2026-07-30,4,2.11
L005184,2026-07-30,6,5.15
L005185,2026-07-30,2,0.46
L005186,2026-07-30,5,3.45
L005187,2026-07-30,7,7.23
L005188,2026-07-30,4,2.11
L005189,2026-07-30,3,1.12
L005190,2026-07-30,1,0.1
L005191,2026-07-30,1,0.1
L005192,2026-07-30,10,15.85
L005193,2026-07-30,5,3.45
L005194,2026-07-30,3,1.12
L005195,2026-07-30,4,2.11
L005196,2026-07-30,1,0.1
L005197,2026-07-30,2,0.46
L005198,2026-07-30,3,1.12
L005199,2026-07-30,2,0.46
L005200,2026-07-30,7,7.23
L005201,2026-07-30,6,5.15
L005202,2026-07-30,1,0.1
L005203,2026-07-30,2,0.46
L005204,2026-07-30,3,1.12
L005205,2026-07-30,4,2.11
L005206,2026-07-30,1,0.1
L005207,2026-07-30,4,2.11
L005208,2026-07-30,2,0.46
L005209,2026-07-30,2,0.46
L005210,2026-07-30,2,0.46
L005211,2026-07-30,7,7.23
L005212,2026-07-30,1,0.1
L005213,2026-07-30,4,2.11
L005214,2026-07-30,3,1.12
L005215,2026-07-30,10,15.85
L005216,2026-07-30,2,0.46
L005217,2026-07-30,6,5.15
L005218,2026-07-30,7,7.23
L005219,2026-07-30,3,1.12
L005220,2026-07-30,6,5.15
L005221,2026-07-30,3,1.12
L005222,2026-07-30,5,3.45
L005223,2026-07-30,2,0.46
L005224,2026-07-30,4,2.11
L005225,2026-07-30,3,1.12
L005226,2026-07-30,2,0.46
L005227,2026-07-30,1,0.1
L005228,2026-07-30,2,0.46
L005229,2026-07-30,2,0.46
L005230,2026-07-30,2,0.46
L005231,2026-07-30,1,0.1
L005232,2026-07-30,6,5.15
L005233,2026-07-30,3,1.12
L005234,2026-07-30,9,12.57
L005235,2026-07-30,1,0.1
L005236,2026-07-30,2,0.46
L005237,2026-07-30,6,5.15
L005238,2026-07-30,2,0.46
L005239,2026-07-30,10,15.85
L005240,2026-07-30,3,1.12
L005241,2026-07-30,4,2.11
L005242,2026-07-30,2,0.46
L005243,2026-07-30,1,0.1
L005244,2026-07-30,1,0.1
L005245,2026-07-30,1,0.1
L005246,2026-07-30,3,1.12
L005247,2026-07-30,3,1.12
L005248,2026-07-30,4,2.11
L005249,2026-07-30,1,0.1
L005250,2026-07-30,1,0.1
L005251,2026-07-30,1,0.1
L005252,2026-07-30,1,0.1
L005253,2026-07-30,2,0.46
L005254,2026-07-30,4,2.11
L005255,2026-07-30,3,1.12
L005256,2026-07-30,2,0.46
L005257,2026-07-30,2,0.46
L005258,2026-07-30,2,0.46
L005259,2026-07-30,2,0.46
L005260,2026-07-30,3,1.12
L005261,2026-07-30,2,0.46
L005262,2026-07-30,3,1.12
L005263,2026-07-30,3,1.12
L005264,2026-07-30,7,7.23
L005265,2026-07-30,3,1.12
L005266,2026-07-30,5,3.45
L005267,2026-07-30,1,0.1
L005268,2026-07-30,7,7.23
L005269,2026-07-30,6,5.15
L005270,2026-07-30,7,7.23
L005271,2026-07-30,10,15.85
L005272,2026-07-30,5,3.45
L005273,2026-07-30,3,1.12
L005274,2026-07-30,10,15.85
L005275,2026-07-30,8,9.7
L005276,2026-07-30,3,1.12
L005277,2026-07-30,8,9.7
L005278,2026-07-30,8,9.7
L005279,2026-07-30,1,0.1
L005280,2026-07-30,1,0.1
L005281,2026-07-30,2,0.46
L005282,2026-07-30,6,5.15
L005283,2026-07-30,1,0.1
L005284,2026-07-30,6,5.15
L005285,2026-07-30,9,12.57
L005286,2026-07-30,1,0.1
L005287,2026-07-30,1,0.1
L005288,2026-07-30,2,0.46
L005289,2026-07-30,7,7.23
L005290,2026-07-30,10,15.85
L005291,2026-07-30,2,0.46
L005292,2026-07-30,5,3.45
L005293,2026-07-30,2,0.46
L005294,2026-07-30,2,0.46
L005295,2026-07-30,1,0.1
L005296,2026-07-30,3,1.12
L005297,2026-07-30,3,1.12
L005298,2026-07-30,1,0.1
L005299,2026-07-30,3,1.12
L005300,2026-07-30,2,0.46
L005301,2026-07-30,4,2.11
L005302,2026-07-30,3,1.12
L005303,2026-07-30,7,7.23
L005304,2026-07-30,2,0.46
L005305,2026-07-30,3,1.12
L005306,2026-07-30,2,0.46
L005307,2026-07-30,6,5.15
L005308,2026-07-30,8,9.7
L005309,2026-07-30,6,5.15
L005310,2026-07-30,4,2.11
L005311,2026-07-30,8,9.7
L005312,2026-07-30,3,1.12
L005313,2026-07-30,1,0.1
L005314,2026-07-30,2,0.46
L005315,2026-07-30,1,0.1
L005316,2026-07-30,2,0.46
L005317,2026-07-30,8,9.7
L005318,2026-07-30,3,1.12
L005319,2026-07-30,8,9.7
L005320,2026-07-30,1,0.1
L005321,2026-07-30,2,0.46
L005322,2026-07-30,2,0.46
L005323,2026-07-30,2,0.46
L005324,2026-07-30,5,3.45
L005325,2026-07-30,3,1.12
L005326,2026-07-30,3,1.12
L005327,2026-07-30,4,2.11
L005328,2026-07-30,5,3.45
L005329,2026-07-30,1,0.1
L005330,2026-07-30,2,0.46
L005331,2026-07-30,2,0.46
L005332,2026-07-30,9,12.57
L005333,2026-07-30,1,0.1
L005334,2026-07-30,9,12.57
L005335,2026-07-30,1,0.1
L005336,2026-07-30,2,0.46
L005337,2026-07-30,8,9.7
L005338,2026-07-30,1,0.1
L005339,2026-07-30,1,0.1
L005340,2026-07-30,3,1.12
L005341,2026-07-30,5,3.45
L005342,2026-07-30,1,0.1
L005343,2026-07-30,3,1.12
L005344,2026-07-30,8,9.7
L005345,2026-07-30,5,3.45
L005346,2026-07-30,1,0.1
L005347,2026-07-30,10,15.85
L005348,2026-07-30,3,1.12
L005349,2026-07-30,1,0.1
L005350,2026-07-30,3,1.12
L005351,2026-07-30,10,15.85
L005352,2026-07-30,3,1.12
L005353,2026-07-30,1,0.1
L005354,2026-07-30,2,0.46
L005355,2026-07-30,7,7.23
L005356,2026-07-30,3,1.12
L005357,2026-07-30,5,3.45
L005358,2026-07-30,3,1.12
L005359,2026-07-30,2,0.46
L005360,2026-07-30,6,5.15
L005361,2026-07-30,10,15.85
L005362,2026-07-30,1,0.1
L005363,2026-07-30,2,0.46
L005364,2026-07-30,5,3.45
L005365,2026-07-30,4,2.11
L005366,2026-07-30,1,0.1
L005367,2026-07-30,2,0.46
L005368,2026-07-30,9,12.57
L005369,2026-07-30,6,5.15
L005370,2026-07-30,2,0.46
L005371,2026-07-30,5,3.45
L005372,2026-07-30,10,15.85
L005373,2026-07-30,2,0.46
L005374,2026-07-30,1,0.1
L005375,2026-07-30,2,0.46
L005376,2026-07-30,6,5.15
L005377,2026-07-30,1,0.1
L005378,2026-07-30,2,0.46
L005379,2026-07-30,1,0.1
L005380,2026-07-30,2,0.46
L005381,2026-07-30,6,5.15
L005382,2026-07-30,3,1.12
L005383,2026-07-30,3,1.12
L005384,2026-07-30,2,0.46
L005385,2026-07-30,4,2.11
L005386,2026-07-30,7,7.23
L005387,2026-07-30,9,12.57
L005388,2026-07-30,2,0.46
L005389,2026-07-30,4,2.11
L005390,2026-07-30,3,1.12
L005391,2026-07-30,1,0.1
L005392,2026-07-30,1,0.1
L005393,2026-07-30,1,0.1
L005394,2026-07-30,1,0.1
L005395,2026-07-30,2,0.46
L005396,2026-07-30,2,0.46
L005397,2026-07-30,1,0.1
L005398,2026-07-30,1,0.1
L005399,2026-07-30,2,0.46
L005400,2026-07-30,2,0.46
L005401,2026-07-30,3,1.12
L005402,2026-07-30,5,3.45
L005403,2026-07-30,2,0.46
L005404,2026-07-30,3,1.12
L005405,2026-07-30,1,0.1
L005406,2026-07-30,10,15.85
L005407,2026-07-30,9,12.57
L005408,2026-07-30,3,1.12
L005409,2026-07-30,1,0.1
L005410,2026-07-30,6,5.15
L005411,2026-07-30,2,0.46
L005412,2026-07-30,3,1.12
L005413,2026-07-30,3,1.12
L005414,2026-07-30,2,0.46
L005415,2026-07-30,5,3.45
L005416,2026-07-30,10,15.85
L005417,2026-07-30,3,1.12
L005418,2026-07-30,3,1.12
L005419,2026-07-30,2,0.46
L005420,2026-07-30,3,1.12
L005421,2026-07-30,1,0.1
L005422,2026-07-30,2,0.46
L005423,2026-07-30,8,9.7
L005424,2026-07-30,1,0.1
L005425,2026-07-30,10,15.85
L005426,2026-07-30,3,1.12
L005427,2026-07-30,2,0.46
L005428,2026-07-30,10,15.85
L005429,2026-07-30,3,1.12
L005430,2026-07-30,3,1.12
L005431,2026-07-30,1,0.1
L005432,2026-07-30,1,0.1
L005433,2026-07-30,2,0.46
L005434,2026-07-30,3,1.12
L005435,2026-07-30,4,2.11
L005436,2026-07-30,4,2.11
L005437,2026-07-30,1,0.1
L005438,2026-07-30,7,7.23
L005439,2026-07-30,8,9.7
L005440,2026-07-30,7,7.23
L005441,2026-07-30,5,3.45
L005442,2026-07-30,2,0.46
L005443,2026-07-30,3,1.12
L005444,2026-07-30,2,0.46
L005445,2026-07-30,3,1.12
L005446,2026-07-30,2,0.46
L005447,2026-07-30,1,0.1
L005448,2026-07-30,3,1.12
L005449,2026-07-30,3,1.12
L005450,2026-07-30,1,0.1
L005451,2026-07-30,1,0.1
L005452,2026-07-30,3,1.12
L005453,2026-07-30,3,1.12
L005454,2026-07-30,3,1.12
L005455,2026-07-30,3,1.12
L005456,2026-07-30,1,0.1
L005457,2026-07-30,2,0.46
L005458,2026-07-30,2,0.46
L005459,2026-07-30,3,1.12
L005460,2026-07-30,10,15.85
L005461,2026-07-30,10,15.85
L005462,2026-07-30,2,0.46
L005463,2026-07-30,10,15.85
L005464,2026-07-30,4,2.11
L005465,2026-07-30,9,12.57
L005466,2026-07-30,10,15.85
L005467,2026-07-30,1,0.1
L005468,2026-07-30,6,5.15
L005469,2026-07-30,1,0.1
L005470,2026-07-30,1,0.1
L005471,2026-07-30,3,1.12
L005472,2026-07-30,5,3.45
L005473,2026-07-30,6,5.15
L005474,2026-07-30,3,1.12
L005475,2026-07-30,2,0.46
L005476,2026-07-30,2,0.46
L005477,2026-07-30,5,3.45
L005478,2026-07-30,3,1.12
L005479,2026-07-30,7,7.23
L005480,2026-07-30,3,1.12
L005481,2026-07-30,1,0.1
L005482,2026-07-30,1,0.1
L005483,2026-07-30,5,3.45
L005484,2026-07-30,2,0.46
L005485,2026-07-30,8,9.7
L005486,2026-07-30,1,0.1
L005487,2026-07-30,2,0.46
L005488,2026-07-30,2,0.46
L005489,2026-07-30,1,0.1
L005490,2026-07-30,2,0.46
L005491,2026-07-30,1,0.1
L005492,2026-07-30,9,12.57
L005493,2026-07-30,2,0.46
L005494,2026-07-30,2,0.46
L005495,2026-07-30,2,0.46
L005496,2026-07-30,9,12.57
L005497,2026-07-30,3,1.12
L005498,2026-07-30,1,0.1
L005499,2026-07-30,2,0.46
L005500,2026-07-30,3,1.12
L005501,2026-07-30,3,1.12
L005502,2026-07-30,3,1.12
L005503,2026-07-30,1,0.1
L005504,2026-07-30,1,0.1
L005505,2026-07-30,2,0.46
L005506,2026-07-30,3,1.12
L005507,2026-07-30,3,1.12
L005508,2026-07-30,5,3.45
L005509,2026-07-30,1,0.1
L005510,2026-07-30,5,3.45
L005511,2026-07-30,1,0.1
L005512,2026-07-30,5,3.45
L005513,2026-07-30,10,15.85
L005514,2026-07-30,2,0.46
L005515,2026-07-30,2,0.46
L005516,2026-07-30,7,7.23
L005517,2026-07-30,10,15.85
L005518,2026-07-30,1,0.1
L005519,2026-07-30,3,1.12
L005520,2026-07-30,1,0.1
L005521,2026-07-30,4,2.11
L005522,2026-07-30,2,0.46
L005523,2026-07-30,2,0.46
L005524,2026-07-30,3,1.12
L005525,2026-07-30,3,1.12
L005526,2026-07-30,2,0.46
L005527,2026-07-30,2,0.46
L005528,2026-07-30,1,0.1
L005529,2026-07-30,4,2.11
L005530,2026-07-30,2,0.46
L005531,2026-07-30,2,0.46
L005532,2026-07-30,5,3.45
L005533,2026-07-30,3,1.12
L005534,2026-07-30,1,0.1
L005535,2026-07-30,3,1.12
L005536,2026-07-30,1,0.1
L005537,2026-07-30,4,2.11
L005538,2026-07-30,4,2.11
L005539,2026-07-30,2,0.46
L005540,2026-07-30,2,0.46
L005541,2026-07-30,6,5.15
L005542,2026-07-30,3,1.12
L005543,2026-07-30,3,1.12
L005544,2026-07-30,4,2.11
L005545,2026-07-30,3,1.12
L005546,2026-07-30,2,0.46
L005547,2026-07-30,3,1.12
L005548,2026-07-30,1,0.1
L005549,2026-07-30,1,0.1
L005550,2026-07-30,4,2.11
L005551,2026-07-30,2,0.46
L005552,2026-07-30,7,7.23
L005553,2026-07-30,2,0.46
L005554,2026-07-30,2,0.46
L005555,2026-07-30,7,7.23
L005556,2026-07-30,10,15.85
L005557,2026-07-30,3,1.12
L005558,2026-07-30,8,9.7
L005559,2026-07-30,1,0.1
L005560,2026-07-30,6,5.15
L005561,2026-07-30,4,2.11
L005562,2026-07-30,6,5.15
L005563,2026-07-30,3,1.12
L005564,2026-07-30,7,7.23
L005565,2026-07-30,1,0.1
L005566,2026-07-30,3,1.12
L005567,2026-07-30,2,0.46
L005568,2026-07-30,3,1.12
L005569,2026-07-30,6,5.15
L005570,2026-07-30,9,12.57
L005571,2026-07-30,3,1.12
L005572,2026-07-30,10,15.85
L005573,2026-07-30,7,7.23
L005574,2026-07-30,2,0.46
L005575,2026-07-30,3,1.12
L005576,2026-07-30,2,0.46
L005577,2026-07-30,3,1.12
L005578,2026-07-30,3,1.12
L005579,2026-07-30,2,0.46
L005580,2026-07-30,1,0.1
L005581,2026-07-30,7,7.23
L005582,2026-07-30,3,1.12
L005583,2026-07-30,2,0.46
L005584,2026-07-30,8,9.7
L005585,2026-07-30,3,1.12
L005586,2026-07-30,5,3.45
L005587,2026-07-30,8,9.7
L005588,2026-07-30,3,1.12
L005589,2026-07-30,1,0.1
L005590,2026-07-30,2,0.46
L005591,2026-07-30,2,0.46
L005592,2026-07-30,6,5.15
L005593,2026-07-30,3,1.12
L005594,2026-07-30,6,5.15
L005595,2026-07-30,7,7.23
L005596,2026-07-30,3,1.12
L005597,2026-07-30,1,0.1
L005598,2026-07-30,1,0.1
L005599,2026-07-30,2,0.46
L005600,2026-07-30,6,5.15
L005601,2026-07-30,1,0.1
L005602,2026-07-30,7,7.23
L005603,2026-07-30,1,0.1
L005604,2026-07-30,3,1.12
L005605,2026-07-30,2,0.46
L005606,2026-07-30,1,0.1
L005607,2026-07-30,6,5.15
L005608,2026-07-30,2,0.46
L005609,2026-07-30,2,0.46
L005610,2026-07-30,3,1.12
L005611,2026-07-30,8,9.7
L005612,2026-07-30,2,0.46
L005613,2026-07-30,1,0.1
L005614,2026-07-30,1,0.1
L005615,2026-07-30,1,0.1
L005616,2026-07-30,2,0.46
L005617,2026-07-30,1,0.1
L005618,2026-07-30,6,5.15
L005619,2026-07-30,5,3.45
L005620,2026-07-30,9,12.57
L005621,2026-07-30,2,0.46
L005622,2026-07-30,6,5.15
L005623,2026-07-30,1,0.1
L005624,2026-07-30,2,0.46
L005625,2026-07-30,4,2.11
L005626,2026-07-30,4,2.11
L005627,2026-07-30,3,1.12
L005628,2026-07-30,9,12.57
L005629,2026-07-30,5,3.45
L005630,2026-07-30,9,12.57
L005631,2026-07-30,10,15.85
L005632,2026-07-30,4,2.11
L005633,2026-07-30,6,5.15
L005634,2026-07-30,3,1.12
L005635,2026-07-30,2,0.46
L005636,2026-07-30,4,2.11
L005637,2026-07-30,2,0.46
L005638,2026-07-30,2,0.46
L005639,2026-07-30,2,0.46
L005640,2026-07-30,3,1.12
L005641,2026-07-30,1,0.1
L005642,2026-07-30,2,0.46
L005643,2026-07-30,2,0.46
L005644,2026-07-30,5,3.45
L005645,2026-07-30,1,0.1
L005646,2026-07-30,9,12.57
L005647,2026-07-30,2,0.46
L005648,2026-07-30,2,0.46
L005649,2026-07-30,1,0.1
L005650,2026-07-30,9,12.57
L005651,2026-07-30,4,2.11
L005652,2026-07-30,8,9.7
L005653,2026-07-30,2,0.46
L005654,2026-07-30,1,0.1
L005655,2026-07-30,7,7.23
L005656,2026-07-30,2,0.46
L005657,2026-07-30,7,7.23
L005658,2026-07-30,3,1.12
L005659,2026-07-30,3,1.12
L005660,2026-07-30,7,7.23
L005661,2026-07-30,1,0.1
L005662,2026-07-30,4,2.11
L005663,2026-07-30,1,0.1
L005664,2026-07-30,1,0.1
L005665,2026-07-30,1,0.1
L005666,2026-07-30,9,12.57
L005667,2026-07-30,3,1.12
L005668,2026-07-30,2,0.46
L005669,2026-07-30,5,3.45
L005670,2026-07-30,2,0.46
L005671,2026-07-30,4,2.11
L005672,2026-07-30,3,1.12
L005673,2026-07-30,3,1.12
L005674,2026-07-30,2,0.46
L005675,2026-07-30,2,0.46
L005676,2026-07-30,3,1.12
L005677,2026-07-30,2,0.46
L005678,2026-07-30,1,0.1
L005679,2026-07-30,1,0.1
L005680,2026-07-30,2,0.46
L005681,2026-07-30,8,9.7
L005682,2026-07-30,1,0.1
L005683,2026-07-30,2,0.46
L005684,2026-07-30,2,0.46
L005685,2026-07-30,4,2.11
L005686,2026-07-30,2,0.46
L005687,2026-07-30,9,12.57
L005688,2026-07-30,2,0.46
L005689,2026-07-30,1,0.1
L005690,2026-07-30,2,0.46
L005691,2026-07-30,3,1.12
L005692,2026-07-30,3,1.12
L005693,2026-07-30,10,15.85
L005694,2026-07-30,3,1.12
L005695,2026-07-30,2,0.46
L005696,2026-07-30,3,1.12
L005697,2026-07-30,5,3.45
L005698,2026-07-30,3,1.12
L005699,2026-07-30,2,0.46
L005700,2026-07-30,2,0.46
L005701,2026-07-30,1,0.1
L005702,2026-07-30,3,1.12
L005703,2026-07-30,2,0.46
L005704,2026-07-30,8,9.7
L005705,2026-07-30,2,0.46
L005706,2026-07-30,10,15.85
L005707,2026-07-30,2,0.46
L005708,2026-07-30,4,2.11
L005709,2026-07-30,2,0.46
L005710,2026-07-30,3,1.12
L005711,2026-07-30,2,0.46
L005712,2026-07-30,2,0.46
L005713,2026-07-30,2,0.46
L005714,2026-07-30,2,0.46
L005715,2026-07-30,6,5.15
L005716,2026-07-30,1,0.1
L005717,2026-07-30,2,0.46
L005718,2026-07-30,2,0.46
L005719,2026-07-30,7,7.23
L005720,2026-07-30,2,0.46
L005721,2026-07-30,3,1.12
L005722,2026-07-30,2,0.46
L005723,2026-07-30,8,9.7
L005724,2026-07-30,9,12.57
L005725,2026-07-30,3,1.12
L005726,2026-07-30,2,0.46
L005727,2026-07-30,1,0.1
L005728,2026-07-30,3,1.12
L005729,2026-07-30,9,12.57
L005730,2026-07-30,1,0.1
L005731,2026-07-30,7,7.23
L005732,2026-07-30,8,9.7
L005733,2026-07-30,4,2.11
L005734,2026-07-30,2,0.46
L005735,2026-07-30,10,15.85
L005736,2026-07-30,10,15.85
L005737,2026-07-30,5,3.45
L005738,2026-07-30,6,5.15
L005739,2026-07-30,3,1.12
L005740,2026-07-30,1,0.1
L005741,2026-07-30,1,0.1
L005742,2026-07-30,2,0.46
L005743,2026-07-30,7,7.23
L005744,2026-07-30,1,0.1
L005745,2026-07-30,3,1.12
L005746,2026-07-30,1,0.1
L005747,2026-07-30,1,0.1
L005748,2026-07-30,1,0.1
L005749,2026-07-30,5,3.45
L005750,2026-07-30,8,9.7
L005751,2026-07-30,7,7.23
L005752,2026-07-30,8,9.7
L005753,2026-07-30,2,0.46
L005754,2026-07-30,2,0.46
L005755,2026-07-30,1,0.1
L005756,2026-07-30,2,0.46
L005757,2026-07-30,1,0.1
L005758,2026-07-30,3,1.12
L005759,2026-07-30,6,5.15
L005760,2026-07-30,10,15.85
L005761,2026-07-30,1,0.1
L005762,2026-07-30,3,1.12
L005763,2026-07-30,2,0.46
L005764,2026-07-30,3,1.12
L005765,2026-07-30,2,0.46
L005766,2026-07-30,1,0.1
L005767,2026-07-30,1,0.1
L005768,2026-07-30,2,0.46
L005769,2026-07-30,3,1.12
L005770,2026-07-30,3,1.12
L005771,2026-07-30,3,1.12
L005772,2026-07-30,7,7.23
L005773,2026-07-30,1,0.1
L005774,2026-07-30,1,0.1
L005775,2026-07-30,10,15.85
L005776,2026-07-30,2,0.46
L005777,2026-07-30,2,0.46
L005778,2026-07-30,3,1.12
L005779,2026-07-30,2,0.46
L005780,2026-07-30,1,0.1
L005781,2026-07-30,8,9.7
L005782,2026-07-30,4,2.11
L005783,2026-07-30,2,0.46
L005784,2026-07-30,3,1.12
L005785,2026-07-30,7,7.23
L005786,2026-07-30,1,0.1
L005787,2026-07-30,3,1.12
L005788,2026-07-30,1,0.1
L005789,2026-07-30,3,1.12
L005790,2026-07-30,2,0.46
L005791,2026-07-30,1,0.1
L005792,2026-07-30,1,0.1
L005793,2026-07-30,2,0.46
L005794,2026-07-30,1,0.1
L005795,2026-07-30,5,3.45
L005796,2026-07-30,2,0.46
L005797,2026-07-30,5,3.45
L005798,2026-07-30,7,7.23
L005799,2026-07-30,2,0.46
L005800,2026-07-30,9,12.57
L005801,2026-07-30,1,0.1
L005802,2026-07-30,6,5.15
L005803,2026-07-30,3,1.12
L005804,2026-07-30,1,0.1
L005805,2026-07-30,2,0.46
L005806,2026-07-30,2,0.46
L005807,2026-07-30,2,0.46
L005808,2026-07-30,3,1.12
L005809,2026-07-30,1,0.1
L005810,2026-07-30,3,1.12
L005811,2026-07-30,2,0.46
L005812,2026-07-30,9,12.57
L005813,2026-07-30,1,0.1
L005814,2026-07-30,3,1.12
L005815,2026-07-30,1,0.1
L005816,2026-07-30,2,0.46
L005817,2026-07-30,2,0.46
L005818,2026-07-30,3,1.12
L005819,2026-07-30,3,1.12
L005820,2026-07-30,3,1.12
L005821,2026-07-30,3,1.12
L005822,2026-07-30,9,12.57
L005823,2026-07-30,2,0.46
L005824,2026-07-30,5,3.45
L005825,2026-07-30,8,9.7
L005826,2026-07-30,5,3.45
L005827,2026-07-30,9,12.57
L005828,2026-07-30,6,5.15
L005829,2026-07-30,10,15.85
L005830,2026-07-30,2,0.46
L005831,2026-07-30,2,0.46
L005832,2026-07-30,2,0.46
L005833,2026-07-30,3,1.12
L005834,2026-07-30,2,0.46
L005835,2026-07-30,1,0.1
L005836,2026-07-30,2,0.46
L005837,2026-07-30,1,0.1
L005838,2026-07-30,1,0.1
L005839,2026-07-30,2,0.46
L005840,2026-07-30,8,9.7
L005841,2026-07-30,1,0.1
L005842,2026-07-30,2,0.46
L005843,2026-07-30,7,7.23
L005844,2026-07-30,3,1.12
L005845,2026-07-30,2,0.46
L005846,2026-07-30,8,9.7
L005847,2026-07-30,1,0.1
L005848,2026-07-30,2,0.46
L005849,2026-07-30,6,5.15
L005850,2026-07-30,2,0.46
L005851,2026-07-30,7,7.23
L005852,2026-07-30,2,0.46
L005853,2026-07-30,2,0.46
L005854,2026-07-30,9,12.57
L005855,2026-07-30,3,1.12
L005856,2026-07-30,10,15.85
L005857,2026-07-30,2,0.46
L005858,2026-07-30,2,0.46
L005859,2026-07-30,1,0.1
L005860,2026-07-30,2,0.46
L005861,2026-07-30,3,1.12
L005862,2026-07-30,3,1.12
L005863,2026-07-30,1,0.1
L005864,2026-07-30,3,1.12
L005865,2026-07-30,3,1.12
L005866,2026-07-30,3,1.12
L005867,2026-07-30,1,0.1
L005868,2026-07-30,9,12.57
L005869,2026-07-30,5,3.45
L005870,2026-07-30,3,1.12
L005871,2026-07-30,3,1.12
L005872,2026-07-30,2,0.46
L005873,2026-07-30,8,9.7
L005874,2026-07-30,2,0.46
L005875,2026-07-30,1,0.1
L005876,2026-07-30,7,7.23
L005877,2026-07-30,1,0.1
L005878,2026-07-30,4,2.11
L005879,2026-07-30,2,0.46
L005880,2026-07-30,1,0.1
L005881,2026-07-30,3,1.12
L005882,2026-07-30,7,7.23
L005883,2026-07-30,2,0.46
L005884,2026-07-30,2,0.46
L005885,2026-07-30,6,5.15
L005886,2026-07-30,2,0.46
L005887,2026-07-30,5,3.45
L005888,2026-07-30,2,0.46
L005889,2026-07-30,8,9.7
L005890,2026-07-30,2,0.46
L005891,2026-07-30,2,0.46
L005892,2026-07-30,2,0.46
L005893,2026-07-30,4,2.11
L005894,2026-07-30,1,0.1
L005895,2026-07-30,9,12.57
L005896,2026-07-30,1,0.1
L005897,2026-07-30,1,0.1
L005898,2026-07-30,1,0.1
L005899,2026-07-30,2,0.46
L005900,2026-07-30,3,1.12
L005901,2026-07-30,8,9.7
L005902,2026-07-30,6,5.15
L005903,2026-07-30,3,1.12
L005904,2026-07-30,9,12.57
L005905,2026-07-30,1,0.1
L005906,2026-07-30,9,12.57
L005907,2026-07-30,1,0.1
L005908,2026-07-30,7,7.23
L005909,2026-07-30,2,0.46
L005910,2026-07-30,1,0.1
L005911,2026-07-30,3,1.12
L005912,2026-07-30,1,0.1
L005913,2026-07-30,9,12.57
L005914,2026-07-30,1,0.1
L005915,2026-07-30,9,12.57
L005916,2026-07-30,8,9.7
L005917,2026-07-30,2,0.46
L005918,2026-07-30,1,0.1
L005919,2026-07-30,2,0.46
L005920,2026-07-30,7,7.23
L005921,2026-07-30,2,0.46
L005922,2026-07-30,3,1.12
L005923,2026-07-30,3,1.12
L005924,2026-07-30,1,0.1
L005925,2026-07-30,3,1.12
L005926,2026-07-30,9,12.57
L005927,2026-07-30,2,0.46
L005928,2026-07-30,4,2.11
L005929,2026-07-30,6,5.15
L005930,2026-07-30,4,2.11
L005931,2026-07-30,1,0.1
L005932,2026-07-30,3,1.12
L005933,2026-07-30,2,0.46
L005934,2026-07-30,3,1.12
L005935,2026-07-30,8,9.7
L005936,2026-07-30,2,0.46
L005937,2026-07-30,3,1.12
L005938,2026-07-30,1,0.1
L005939,2026-07-30,8,9.7
L005940,2026-07-30,2,0.46
L005941,2026-07-30,8,9.7
L005942,2026-07-30,2,0.46
L005943,2026-07-30,2,0.46
L005944,2026-07-30,9,12.57
L005945,2026-07-30,10,15.85
L005946,2026-07-30,3,1.12
L005947,2026-07-30,2,0.46
L005948,2026-07-30,1,0.1
L005949,2026-07-30,7,7.23
L005950,2026-07-30,3,1.12
L005951,2026-07-30,3,1.12
L005952,2026-07-30,3,1.12
L005953,2026-07-30,3,1.12
L005954,2026-07-30,1,0.1
L005955,2026-07-30,2,0.46
L005956,2026-07-30,1,0.1
L005957,2026-07-30,4,2.11
L005958,2026-07-30,3,1.12
L005959,2026-07-30,6,5.15
L005960,2026-07-30,3,1.12
L005961,2026-07-30,7,7.23
L005962,2026-07-30,5,3.45
L005963,2026-07-30,2,0.46
L005964,2026-07-30,1,0.1
L005965,2026-07-30,3,1.12
L005966,2026-07-30,3,1.12
L005967,2026-07-30,2,0.46
L005968,2026-07-30,2,0.46
L005969,2026-07-30,2,0.46
L005970,2026-07-30,1,0.1
L005971,2026-07-30,10,15.85
L005972,2026-07-30,3,1.12
L005973,2026-07-30,10,15.85
L005974,2026-07-30,3,1.12
L005975,2026-07-30,2,0.46
L005976,2026-07-30,2,0.46
L005977,2026-07-30,7,7.23
L005978,2026-07-30,1,0.1
L005979,2026-07-30,3,1.12
L005980,2026-07-30,2,0.46
L005981,2026-07-30,1,0.1
L005982,2026-07-30,2,0.46
L005983,2026-07-30,3,1.12
L005984,2026-07-30,9,12.57
L005985,2026-07-30,5,3.45
L005986,2026-07-30,3,1.12
L005987,2026-07-30,2,0.46
L005988,2026-07-30,4,2.11
L005989,2026-07-30,1,0.1
L005990,2026-07-30,3,1.12
L005991,2026-07-30,3,1.12
L005992,2026-07-30,2,0.46
L005993,2026-07-30,5,3.45
L005994,2026-07-30,3,1.12
L005995,2026-07-30,1,0.1
L005996,2026-07-30,7,7.23
L005997,2026-07-30,8,9.7
L005998,2026-07-30,6,5.15
L005999,2026-07-30,7,7.23
L006000,2026-07-30,1,0.1
L006001,2026-07-30,1,0.1
L006002,2026-07-30,6,5.15
L006003,2026-07-30,3,1.12
L006004,2026-07-30,5,3.45
L006005,2026-07-30,2,0.46
L006006,2026-07-30,7,7.23
L006007,2026-07-30,3,1.12
L006008,2026-07-30,2,0.46
L006009,2026-07-30,9,12.57
L006010,2026-07-30,2,0.46
L006011,2026-07-30,9,12.57
L006012,2026-07-30,3,1.12
L006013,2026-07-30,1,0.1
L006014,2026-07-30,4,2.11
L006015,2026-07-30,6,5.15
L006016,2026-07-30,3,1.12
L006017,2026-07-30,3,1.12
L006018,2026-07-30,1,0.1
L006019,2026-07-30,8,9.7
L006020,2026-07-30,3,1.12
L006021,2026-07-30,3,1.12
L006022,2026-07-30,4,2.11
L006023,2026-07-30,2,0.46
L006024,2026-07-30,9,12.57
L006025,2026-07-30,1,0.1
L006026,2026-07-30,3,1.12
L006027,2026-07-30,4,2.11
L006028,2026-07-30,3,1.12
L006029,2026-07-30,7,7.23
L006030,2026-07-30,3,1.12
L006031,2026-07-30,3,1.12
L006032,2026-07-30,3,1.12
L006033,2026-07-30,3,1.12
L006034,2026-07-30,1,0.1
L006035,2026-07-30,1,0.1
L006036,2026-07-30,3,1.12
L006037,2026-07-30,1,0.1
L006038,2026-07-30,9,12.57
L006039,2026-07-30,2,0.46
L006040,2026-07-30,5,3.45
L006041,2026-07-30,9,12.57
L006042,2026-07-30,1,0.1
L006043,2026-07-30,3,1.12
L006044,2026-07-30,10,15.85
L006045,2026-07-30,6,5.15
L006046,2026-07-30,10,15.85
L006047,2026-07-30,1,0.1
L006048,2026-07-30,7,7.23
L006049,2026-07-30,7,7.23
L006050,2026-07-30,1,0.1
L006051,2026-07-30,8,9.7
L006052,2026-07-30,1,0.1
L006053,2026-07-30,2,0.46
L006054,2026-07-30,1,0.1
L006055,2026-07-30,2,0.46
L006056,2026-07-30,3,1.12
L006057,2026-07-30,1,0.1
L006058,2026-07-30,2,0.46
L006059,2026-07-30,5,3.45
L006060,2026-07-30,9,12.57
L006061,2026-07-30,3,1.12
L006062,2026-07-30,6,5.15
L006063,2026-07-30,2,0.46
L006064,2026-07-30,2,0.46
L006065,2026-07-30,3,1.12
L006066,2026-07-30,2,0.46
L006067,2026-07-30,3,1.12
L006068,2026-07-30,2,0.46
L006069,2026-07-30,2,0.46
L006070,2026-07-30,5,3.45
L006071,2026-07-30,2,0.46
L006072,2026-07-30,3,1.12
L006073,2026-07-30,6,5.15
L006074,2026-07-30,1,0.1
L006075,2026-07-30,1,0.1
L006076,2026-07-30,3,1.12
L006077,2026-07-30,2,0.46
L006078,2026-07-30,3,1.12
L006079,2026-07-30,2,0.46
L006080,2026-07-30,1,0.1
L006081,2026-07-30,8,9.7
L006082,2026-07-30,4,2.11
L006083,2026-07-30,4,2.11
L006084,2026-07-30,3,1.12
L006085,2026-07-30,1,0.1
L006086,2026-07-30,9,12.57
L006087,2026-07-30,5,3.45
L006088,2026-07-30,1,0.1
L006089,2026-07-30,2,0.46
L006090,2026-07-30,3,1.12
L006091,2026-07-30,6,5.15
L006092,2026-07-30,1,0.1
L006093,2026-07-30,8,9.7
L006094,2026-07-30,9,12.57
L006095,2026-07-30,1,0.1
L006096,2026-07-30,3,1.12
L006097,2026-07-30,1,0.1
L006098,2026-07-30,2,0.46
L006099,2026-07-30,3,1.12
L006100,2026-07-30,8,9.7
L006101,2026-07-30,2,0.46
L006102,2026-07-30,2,0.46
L006103,2026-07-30,3,1.12
L006104,2026-07-30,2,0.46
L006105,2026-07-30,8,9.7
L006106,2026-07-30,3,1.12
L006107,2026-07-30,5,3.45
L006108,2026-07-30,3,1.12
L006109,2026-07-30,8,9.7
L006110,2026-07-30,2,0.46
L006111,2026-07-30,2,0.46
L006112,2026-07-30,2,0.46
L006113,2026-07-30,10,15.85
L006114,2026-07-30,3,1.12
L006115,2026-07-30,1,0.1
L006116,2026-07-30,4,2.11
L006117,2026-07-30,2,0.46
L006118,2026-07-30,6,5.15
L006119,2026-07-30,9,12.57
L006120,2026-07-30,4,2.11
L006121,2026-07-30,2,0.46
L006122,2026-07-30,2,0.46
L006123,2026-07-30,1,0.1
L006124,2026-07-30,10,15.85
L006125,2026-07-30,2,0.46
L006126,2026-07-30,2,0.46
L006127,2026-07-30,1,0.1
L006128,2026-07-30,8,9.7
L006129,2026-07-30,1,0.1
L006130,2026-07-30,1,0.1
L006131,2026-07-30,3,1.12
L006132,2026-07-30,3,1.12
L006133,2026-07-30,2,0.46
L006134,2026-07-30,2,0.46
L006135,2026-07-30,8,9.7
L006136,2026-07-30,1,0.1
L006137,2026-07-30,3,1.12
L006138,2026-07-30,5,3.45
L006139,2026-07-30,3,1.12
L006140,2026-07-30,10,15.85
L006141,2026-07-30,2,0.46
L006142,2026-07-30,2,0.46
L006143,2026-07-30,3,1.12
L006144,2026-07-30,6,5.15
L006145,2026-07-30,1,0.1
L006146,2026-07-30,2,0.46
L006147,2026-07-30,2,0.46
L006148,2026-07-30,5,3.45
L006149,2026-07-30,2,0.46
L006150,2026-07-30,2,0.46
L006151,2026-07-30,1,0.1
L006152,2026-07-30,9,12.57
L006153,2026-07-30,8,9.7
L006154,2026-07-30,2,0.46
L006155,2026-07-30,2,0.46
L006156,2026-07-30,1,0.1
L006157,2026-07-30,2,0.46
L006158,2026-07-30,2,0.46
L006159,2026-07-30,3,1.12
L006160,2026-07-30,2,0.46
L006161,2026-07-30,2,0.46
L006162,2026-07-30,9,12.57
L006163,2026-07-30,1,0.1
L006164,2026-07-30,2,0.46
L006165,2026-07-30,5,3.45
L006166,2026-07-30,1,0.1
L006167,2026-07-30,2,0.46
L006168,2026-07-30,3,1.12
L006169,2026-07-30,7,7.23
L006170,2026-07-30,3,1.12
L006171,2026-07-30,8,9.7
L006172,2026-07-30,2,0.46
L006173,2026-07-30,3,1.12
L006174,2026-07-30,1,0.1
L006175,2026-07-30,2,0.46
L006176,2026-07-30,2,0.46
L006177,2026-07-30,2,0.46
L006178,2026-07-30,10,15.85
L006179,2026-07-30,1,0.1
L006180,2026-07-30,7,7.23
L006181,2026-07-30,1,0.1
L006182,2026-07-30,8,9.7
L006183,2026-07-30,2,0.46
L006184,2026-07-30,6,5.15
L006185,2026-07-30,1,0.1
L006186,2026-07-30,1,0.1
L006187,2026-07-30,7,7.23
L006188,2026-07-30,4,2.11
L006189,2026-07-30,4,2.11
L006190,2026-07-30,1,0.1
L006191,2026-07-30,1,0.1
L006192,2026-07-30,1,0.1
L006193,2026-07-30,1,0.1
L006194,2026-07-30,3,1.12
L006195,2026-07-30,7,7.23
L006196,2026-07-30,7,7.23
L006197,2026-07-30,8,9.7
L006198,2026-07-30,3,1.12
L006199,2026-07-30,3,1.12
L006200,2026-07-30,6,5.15
L006201,2026-07-30,3,1.12
L006202,2026-07-30,3,1.12
L006203,2026-07-30,3,1.12
L006204,2026-07-30,1,0.1
L006205,2026-07-30,2,0.46
L006206,2026-07-30,5,3.45
L006207,2026-07-30,1,0.1
L006208,2026-07-30,1,0.1
L006209,2026-07-30,3,1.12
L006210,2026-07-30,8,9.7
L006211,2026-07-30,2,0.46
L006212,2026-07-30,3,1.12
L006213,2026-07-30,3,1.12
L006214,2026-07-30,1,0.1
L006215,2026-07-30,2,0.46
L006216,2026-07-30,5,3.45
L006217,2026-07-30,1,0.1
L006218,2026-07-30,8,9.7
L006219,2026-07-30,3,1.12
L006220,2026-07-30,7,7.23
L006221,2026-07-30,8,9.7
L006222,2026-07-30,10,15.85
L006223,2026-07-30,1,0.1
L006224,2026-07-30,2,0.46
L006225,2026-07-30,5,3.45
L006226,2026-07-30,3,1.12
L006227,2026-07-30,1,0.1
L006228,2026-07-30,1,0.1
L006229,2026-07-30,2,0.46
L006230,2026-07-30,2,0.46
L006231,2026-07-30,7,7.23
L006232,2026-07-30,3,1.12
L006233,2026-07-30,4,2.11
L006234,2026-07-30,2,0.46
L006235,2026-07-30,2,0.46
L006236,2026-07-30,2,0.46
L006237,2026-07-30,2,0.46
L006238,2026-07-30,2,0.46
L006239,2026-07-30,3,1.12
L006240,2026-07-30,2,0.46
L006241,2026-07-30,4,2.11
L006242,2026-07-30,10,15.85
L006243,2026-07-30,5,3.45
L006244,2026-07-30,7,7.23
L006245,2026-07-30,3,1.12
L006246,2026-07-30,1,0.1
L006247,2026-07-30,8,9.7
L006248,2026-07-30,6,5.15
L006249,2026-07-30,8,9.7
L006250,2026-07-30,6,5.15
L006251,2026-07-30,4,2.11
L006252,2026-07-30,3,1.12
L006253,2026-07-30,1,0.1
L006254,2026-07-30,4,2.11
L006255,2026-07-30,9,12.57
L006256,2026-07-30,10,15.85
L006257,2026-07-30,3,1.12
L006258,2026-07-30,1,0.1
L006259,2026-07-30,1,0.1
L006260,2026-07-30,1,0.1
L006261,2026-07-30,2,0.46
L006262,2026-07-30,3,1.12
L006263,2026-07-30,3,1.12
L006264,2026-07-30,10,15.85
L006265,2026-07-30,1,0.1
L006266,2026-07-30,9,12.57
L006267,2026-07-30,3,1.12
L006268,2026-07-30,8,9.7
L006269,2026-07-30,3,1.12
L006270,2026-07-30,3,1.12
L006271,2026-07-30,1,0.1
L006272,2026-07-30,5,3.45
L006273,2026-07-30,1,0.1
L006274,2026-07-30,2,0.46
L006275,2026-07-30,5,3.45
L006276,2026-07-30,10,15.85
L006277,2026-07-30,3,1.12
L006278,2026-07-30,9,12.57
L006279,2026-07-30,8,9.7
L006280,2026-07-30,2,0.46
L006281,2026-07-30,1,0.1
L006282,2026-07-30,3,1.12
L006283,2026-07-30,1,0.1
L006284,2026-07-30,1,0.1
L006285,2026-07-30,2,0.46
L006286,2026-07-30,1,0.1
L006287,2026-07-30,1,0.1
L006288,2026-07-30,1,0.1
L006289,2026-07-30,9,12.57
L006290,2026-07-30,4,2.11
L006291,2026-07-30,1,0.1
L006292,2026-07-30,2,0.46
L006293,2026-07-30,2,0.46
L006294,2026-07-30,3,1.12
L006295,2026-07-30,2,0.46
L006296,2026-07-30,2,0.46
L006297,2026-07-30,3,1.12
L006298,2026-07-30,8,9.7
L006299,2026-07-30,7,7.23
L006300,2026-07-30,3,1.12
L006301,2026-07-30,2,0.46
L006302,2026-07-30,7,7.23
L006303,2026-07-30,6,5.15
L006304,2026-07-30,3,1.12
L006305,2026-07-30,3,1.12
L006306,2026-07-30,3,1.12
L006307,2026-07-30,5,3.45
L006308,2026-07-30,1,0.1
L006309,2026-07-30,2,0.46
L006310,2026-07-30,9,12.57
L006311,2026-07-30,2,0.46
L006312,2026-07-30,2,0.46
L006313,2026-07-30,2,0.46
L006314,2026-07-30,1,0.1
L006315,2026-07-30,4,2.11
L006316,2026-07-30,3,1.12
L006317,2026-07-30,3,1.12
L006318,2026-07-30,6,5.15
L006319,2026-07-30,1,0.1
L006320,2026-07-30,7,7.23
L006321,2026-07-30,2,0.46
L006322,2026-07-30,1,0.1
L006323,2026-07-30,1,0.1
L006324,2026-07-30,1,0.1
L006325,2026-07-30,3,1.12
L006326,2026-07-30,3,1.12
L006327,2026-07-30,10,15.85
L006328,2026-07-30,2,0.46
L006329,2026-07-30,2,0.46
L006330,2026-07-30,6,5.15
L006331,2026-07-30,1,0.1
L006332,2026-07-30,5,3.45
L006333,2026-07-30,5,3.45
L006334,2026-07-30,2,0.46
L006335,2026-07-30,3,1.12
L006336,2026-07-30,3,1.12
L006337,2026-07-30,3,1.12
L006338,2026-07-30,8,9.7
L006339,2026-07-30,4,2.11
L006340,2026-07-30,6,5.15
L006341,2026-07-30,1,0.1
L006342,2026-07-30,1,0.1
L006343,2026-07-30,1,0.1
L006344,2026-07-30,2,0.46
L006345,2026-07-30,2,0.46
L006346,2026-07-30,7,7.23
L006347,2026-07-30,3,1.12
L006348,2026-07-30,2,0.46
L006349,2026-07-30,9,12.57
L006350,2026-07-30,8,9.7
L006351,2026-07-30,1,0.1
L006352,2026-07-30,8,9.7
L006353,2026-07-30,10,15.85
L006354,2026-07-30,3,1.12
L006355,2026-07-30,6,5.15
L006356,2026-07-30,3,1.12
L006357,2026-07-30,9,12.57
L006358,2026-07-30,3,1.12
L006359,2026-07-30,2,0.46
L006360,2026-07-30,8,9.7
L006361,2026-07-30,9,12.57
L006362,2026-07-30,4,2.11
L006363,2026-07-30,3,1.12
L006364,2026-07-30,2,0.46
L006365,2026-07-30,2,0.46
L006366,2026-07-30,3,1.12
L006367,2026-07-30,3,1.12
L006368,2026-07-30,1,0.1
L006369,2026-07-30,2,0.46
L006370,2026-07-30,2,0.46
L006371,2026-07-30,3,1.12
L006372,2026-07-30,5,3.45
L006373,2026-07-30,1,0.1
L006374,2026-07-30,2,0.46
L006375,2026-07-30,3,1.12
L006376,2026-07-30,1,0.1
L006377,2026-07-30,10,15.85
L006378,2026-07-30,1,0.1
L006379,2026-07-30,5,3.45
L006380,2026-07-30,3,1.12
L006381,2026-07-30,10,15.85
L006382,2026-07-30,2,0.46
L006383,2026-07-30,8,9.7
L006384,2026-07-30,4,2.11
L006385,2026-07-30,2,0.46
L006386,2026-07-30,4,2.11
L006387,2026-07-30,3,1.12
L006388,2026-07-30,2,0.46
L006389,2026-07-30,4,2.11
L006390,2026-07-30,3,1.12
L006391,2026-07-30,3,1.12
L006392,2026-07-30,1,0.1
L006393,2026-07-30,1,0.1
L006394,2026-07-30,2,0.46
L006395,2026-07-30,1,0.1
L006396,2026-07-30,2,0.46
L006397,2026-07-30,6,5.15
L006398,2026-07-30,3,1.12
L006399,2026-07-30,1,0.1
L006400,2026-07-30,2,0.46
L006401,2026-07-30,10,15.85
L006402,2026-07-30,2,0.46
L006403,2026-07-30,8,9.7
L006404,2026-07-30,1,0.1
L006405,2026-07-30,2,0.46
L006406,2026-07-30,1,0.1
L006407,2026-07-30,1,0.1
L006408,2026-07-30,1,0.1
L006409,2026-07-30,3,1.12
L006410,2026-07-30,1,0.1
L006411,2026-07-30,1,0.1
L006412,2026-07-30,7,7.23
L006413,2026-07-30,5,3.45
L006414,2026-07-30,3,1.12
L006415,2026-07-30,2,0.46
L006416,2026-07-30,3,1.12
L006417,2026-07-30,1,0.1
L006418,2026-07-30,1,0.1
L006419,2026-07-30,9,12.57
L006420,2026-07-30,3,1.12
L006421,2026-07-30,5,3.45
L006422,2026-07-30,1,0.1
L006423,2026-07-30,1,0.1
L006424,2026-07-30,2,0.46
L006425,2026-07-30,1,0.1
L006426,2026-07-30,1,0.1
L006427,2026-07-30,1,0.1
L006428,2026-07-30,3,1.12
L006429,2026-07-30,1,0.1
L006430,2026-07-30,7,7.23
L006431,2026-07-30,1,0.1
L006432,2026-07-30,10,15.85
L006433,2026-07-30,3,1.12
L006434,2026-07-30,3,1.12
L006435,2026-07-30,7,7.23
L006436,2026-07-30,3,1.12
L006437,2026-07-30,2,0.46
L006438,2026-07-30,2,0.46
L006439,2026-07-30,1,0.1
L006440,2026-07-30,2,0.46
L006441,2026-07-30,5,3.45
L006442,2026-07-30,3,1.12
L006443,2026-07-30,2,0.46
L006444,2026-07-30,1,0.1
L006445,2026-07-30,7,7.23
L006446,2026-07-30,6,5.15
L006447,2026-07-30,1,0.1
L006448,2026-07-30,9,12.57
L006449,2026-07-30,6,5.15
L006450,2026-07-30,1,0.1
L006451,2026-07-30,5,3.45
L006452,2026-07-30,4,2.11
L006453,2026-07-30,1,0.1
L006454,2026-07-30,8,9.7
L006455,2026-07-30,1,0.1
L006456,2026-07-30,1,0.1
L006457,2026-07-30,9,12.57
L006458,2026-07-30,3,1.12
L006459,2026-07-30,3,1.12
L006460,2026-07-30,5,3.45
L006461,2026-07-30,3,1.12
L006462,2026-07-30,1,0.1
L006463,2026-07-30,2,0.46
L006464,2026-07-30,5,3.45
L006465,2026-07-30,2,0.46
L006466,2026-07-30,3,1.12
L006467,2026-07-30,1,0.1
L006468,2026-07-30,9,12.57
L006469,2026-07-30,3,1.12
L006470,2026-07-30,3,1.12
L006471,2026-07-30,3,1.12
L006472,2026-07-30,2,0.46
L006473,2026-07-30,3,1.12
L006474,2026-07-30,3,1.12
L006475,2026-07-30,1,0.1
L006476,2026-07-30,3,1.12
L006477,2026-07-30,2,0.46
L006478,2026-07-30,3,1.12
L006479,2026-07-30,2,0.46
L006480,2026-07-30,4,2.11
L006481,2026-07-30,6,5.15
L006482,2026-07-30,2,0.46
L006483,2026-07-30,2,0.46
L006484,2026-07-30,7,7.23
L006485,2026-07-30,2,0.46
L006486,2026-07-30,9,12.57
L006487,2026-07-30,1,0.1
L006488,2026-07-30,7,7.23
L006489,2026-07-30,1,0.1
L006490,2026-07-30,1,0.1
L006491,2026-07-30,3,1.12
L006492,2026-07-30,1,0.1
L006493,2026-07-30,5,3.45
L006494,2026-07-30,2,0.46
L006495,2026-07-30,2,0.46
L006496,2026-07-30,2,0.46
L006497,2026-07-30,6,5.15
L006498,2026-07-30,2,0.46
L006499,2026-07-30,9,12.57
L006500,2026-07-30,1,0.1
L006501,2026-07-30,3,1.12
L006502,2026-07-30,5,3.45
L006503,2026-07-30,6,5.15
L006504,2026-07-30,2,0.46
L006505,2026-07-30,1,0.1
L006506,2026-07-30,1,0.1
L006507,2026-07-30,1,0.1
L006508,2026-07-30,6,5.15
L006509,2026-07-30,3,1.12
L006510,2026-07-30,8,9.7
L006511,2026-07-30,8,9.7
L006512,2026-07-30,1,0.1
L006513,2026-07-30,7,7.23
L006514,2026-07-30,1,0.1
L006515,2026-07-30,3,1.12
L006516,2026-07-30,7,7.23
L006517,2026-07-30,2,0.46
L006518,2026-07-30,9,12.57
L006519,2026-07-30,2,0.46
L006520,2026-07-30,2,0.46
L006521,2026-07-30,1,0.1
L006522,2026-07-30,1,0.1
L006523,2026-07-30,3,1.12
L006524,2026-07-30,1,0.1
L006525,2026-07-30,1,0.1
L006526,2026-07-30,2,0.46
L006527,2026-07-30,1,0.1
L006528,2026-07-30,2,0.46
L006529,2026-07-30,3,1.12
L006530,2026-07-30,1,0.1
L006531,2026-07-30,1,0.1
L006532,2026-07-30,10,15.85
L006533,2026-07-30,1,0.1
L006534,2026-07-30,1,0.1
L006535,2026-07-30,2,0.46
L006536,2026-07-30,3,1.12
L006537,2026-07-30,2,0.46
L006538,2026-07-30,2,0.46
L006539,2026-07-30,3,1.12
L006540,2026-07-30,5,3.45
L006541,2026-07-30,1,0.1
L006542,2026-07-30,1,0.1
L006543,2026-07-30,1,0.1
L006544,2026-07-30,2,0.46
L006545,2026-07-30,2,0.46
L006546,2026-07-30,1,0.1
L006547,2026-07-30,1,0.1
L006548,2026-07-30,2,0.46
L006549,2026-07-30,1,0.1
L006550,2026-07-30,2,0.46
L006551,2026-07-30,2,0.46
L006552,2026-07-30,3,1.12
L006553,2026-07-30,1,0.1
L006554,2026-07-30,7,7.23
L006555,2026-07-30,5,3.45
L006556,2026-07-30,2,0.46
L006557,2026-07-30,3,1.12
L006558,2026-07-30,7,7.23
L006559,2026-07-30,10,15.85
L006560,2026-07-30,4,2.11
L006561,2026-07-30,2,0.46
L006562,2026-07-30,3,1.12
L006563,2026-07-30,1,0.1
L006564,2026-07-30,8,9.7
L006565,2026-07-30,1,0.1
L006566,2026-07-30,5,3.45
L006567,2026-07-30,10,15.85
L006568,2026-07-30,1,0.1
L006569,2026-07-30,1,0.1
L006570,2026-07-30,3,1.12
L006571,2026-07-30,2,0.46
L006572,2026-07-30,5,3.45
L006573,2026-07-30,1,0.1
L006574,2026-07-30,7,7.23
L006575,2026-07-30,3,1.12
L006576,2026-07-30,3,1.12
L006577,2026-07-30,2,0.46
L006578,2026-07-30,1,0.1
L006579,2026-07-30,5,3.45
L006580,2026-07-30,2,0.46
L006581,2026-07-30,3,1.12
L006582,2026-07-30,2,0.46
L006583,2026-07-30,2,0.46
L006584,2026-07-30,1,0.1
L006585,2026-07-30,3,1.12
L006586,2026-07-30,1,0.1
L006587,2026-07-30,4,2.11
L006588,2026-07-30,4,2.11
L006589,2026-07-30,2,0.46
L006590,2026-07-30,2,0.46
L006591,2026-07-30,3,1.12
L006592,2026-07-30,3,1.12
L006593,2026-07-30,1,0.1
L006594,2026-07-30,2,0.46
L006595,2026-07-30,1,0.1
L006596,2026-07-30,1,0.1
L006597,2026-07-30,1,0.1
L006598,2026-07-30,10,15.85
L006599,2026-07-30,10,15.85
L006600,2026-07-30,9,12.57
L006601,2026-07-30,6,5.15
L006602,2026-07-30,10,15.85
L006603,2026-07-30,1,0.1
L006604,2026-07-30,2,0.46
L006605,2026-07-30,3,1.12
L006606,2026-07-30,1,0.1
L006607,2026-07-30,2,0.46
L006608,2026-07-30,3,1.12
L006609,2026-07-30,3,1.12
L006610,2026-07-30,1,0.1
L006611,2026-07-30,1,0.1
L006612,2026-07-30,10,15.85
L006613,2026-07-30,1,0.1
L006614,2026-07-30,1,0.1
L006615,2026-07-30,2,0.46
L006616,2026-07-30,1,0.1
L006617,2026-07-30,3,1.12
L006618,2026-07-30,2,0.46
L006619,2026-07-30,1,0.1
L006620,2026-07-30,8,9.7
L006621,2026-07-30,4,2.11
L006622,2026-07-30,7,7.23
L006623,2026-07-30,1,0.1
L006624,2026-07-30,2,0.46
L006625,2026-07-30,7,7.23
L006626,2026-07-30,1,0.1
L006627,2026-07-30,7,7.23
L006628,2026-07-30,2,0.46
L006629,2026-07-30,1,0.1
L006630,2026-07-30,1,0.1
L006631,2026-07-30,2,0.46
L006632,2026-07-30,7,7.23
L006633,2026-07-30,3,1.12
L006634,2026-07-30,4,2.11
L006635,2026-07-30,3,1.12
L006636,2026-07-30,1,0.1
L006637,2026-07-30,8,9.7
L006638,2026-07-30,2,0.46
L006639,2026-07-30,1,0.1
L006640,2026-07-30,3,1.12
L006641,2026-07-30,3,1.12
L006642,2026-07-30,3,1.12
L006643,2026-07-30,9,12.57
L006644,2026-07-30,2,0.46
L006645,2026-07-30,3,1.12
L006646,2026-07-30,1,0.1
L006647,2026-07-30,3,1.12
L006648,2026-07-30,2,0.46
L006649,2026-07-30,1,0.1
L006650,2026-07-30,1,0.1
L006651,2026-07-30,1,0.1
L006652,2026-07-30,2,0.46
L006653,2026-07-30,3,1.12
L006654,2026-07-30,3,1.12
L006655,2026-07-30,2,0.46
L006656,2026-07-30,9,12.57
L006657,2026-07-30,4,2.11
L006658,2026-07-30,9,12.57
L006659,2026-07-30,2,0.46
L006660,2026-07-30,1,0.1
L006661,2026-07-30,1,0.1
L006662,2026-07-30,1,0.1
L006663,2026-07-30,1,0.1
L006664,2026-07-30,1,0.1
L006665,2026-07-30,1,0.1
L006666,2026-07-30,1,0.1
L006667,2026-07-30,1,0.1
L006668,2026-07-30,7,7.23
L006669,2026-07-30,5,3.45
L006670,2026-07-30,7,7.23
L006671,2026-07-30,1,0.1
L006672,2026-07-30,3,1.12
L006673,2026-07-30,2,0.46
L006674,2026-07-30,1,0.1
L006675,2026-07-30,10,15.85
L006676,2026-07-30,2,0.46
L006677,2026-07-30,2,0.46
L006678,2026-07-30,3,1.12
L006679,2026-07-30,2,0.46
L006680,2026-07-30,1,0.1
L006681,2026-07-30,2,0.46
L006682,2026-07-30,3,1.12
L006683,2026-07-30,4,2.11
L006684,2026-07-30,1,0.1
L006685,2026-07-30,2,0.46
L006686,2026-07-30,1,0.1
L006687,2026-07-30,6,5.15
L006688,2026-07-30,1,0.1
L006689,2026-07-30,7,7.23
L006690,2026-07-30,3,1.12
L006691,2026-07-30,3,1.12
L006692,2026-07-30,3,1.12
L006693,2026-07-30,7,7.23
L006694,2026-07-30,3,1.12
L006695,2026-07-30,2,0.46
L006696,2026-07-30,3,1.12
L006697,2026-07-30,2,0.46
L006698,2026-07-30,6,5.15
L006699,2026-07-30,1,0.1
L006700,2026-07-30,1,0.1
L006701,2026-07-30,1,0.1
L006702,2026-07-30,3,1.12
L006703,2026-07-30,3,1.12
L006704,2026-07-30,1,0.1
L006705,2026-07-30,8,9.7
L006706,2026-07-30,9,12.57
L006707,2026-07-30,1,0.1
L006708,2026-07-30,3,1.12
L006709,2026-07-30,7,7.23
L006710,2026-07-30,1,0.1
L006711,2026-07-30,1,0.1
L006712,2026-07-30,1,0.1
L006713,2026-07-30,1,0.1
L006714,2026-07-30,3,1.12
L006715,2026-07-30,2,0.46
L006716,2026-07-30,9,12.57
L006717,2026-07-30,2,0.46
L006718,2026-07-30,2,0.46
L006719,2026-07-30,9,12.57
L006720,2026-07-30,1,0.1
L006721,2026-07-30,10,15.85
L006722,2026-07-30,6,5.15
L006723,2026-07-30,5,3.45
L006724,2026-07-30,3,1.12
L006725,2026-07-30,1,0.1
L006726,2026-07-30,7,7.23
L006727,2026-07-30,10,15.85
L006728,2026-07-30,1,0.1
L006729,2026-07-30,2,0.46
L006730,2026-07-30,10,15.85
L006731,2026-07-30,8,9.7
L006732,2026-07-30,1,0.1
L006733,2026-07-30,4,2.11
L006734,2026-07-30,1,0.1
L006735,2026-07-30,1,0.1
L006736,2026-07-30,9,12.57
L006737,2026-07-30,3,1.12
L006738,2026-07-30,2,0.46
L006739,2026-07-30,3,1.12
L006740,2026-07-30,1,0.1
L006741,2026-07-30,2,0.46
L006742,2026-07-30,3,1.12
L006743,2026-07-30,1,0.1
L006744,2026-07-30,2,0.46
L006745,2026-07-30,1,0.1
L006746,2026-07-30,7,7.23
L006747,2026-07-30,2,0.46
L006748,2026-07-30,3,1.12
L006749,2026-07-30,3,1.12
L006750,2026-07-30,2,0.46
L006751,2026-07-30,3,1.12
L006752,2026-07-30,3,1.12
L006753,2026-07-30,1,0.1
L006754,2026-07-30,1,0.1
L006755,2026-07-30,1,0.1
L006756,2026-07-30,6,5.15
L006757,2026-07-30,1,0.1
L006758,2026-07-30,1,0.1
L006759,2026-07-30,8,9.7
L006760,2026-07-30,1,0.1
L006761,2026-07-30,1,0.1
L006762,2026-07-30,1,0.1
L006763,2026-07-30,2,0.46
L006764,2026-07-30,3,1.12
L006765,2026-07-30,3,1.12
L006766,2026-07-30,9,12.57
L006767,2026-07-30,4,2.11
L006768,2026-07-30,3,1.12
L006769,2026-07-30,1,0.1
L006770,2026-07-30,2,0.46
L006771,2026-07-30,7,7.23
L006772,2026-07-30,2,0.46
L006773,2026-07-30,3,1.12
L006774,2026-07-30,4,2.11
L006775,2026-07-30,8,9.7
L006776,2026-07-30,2,0.46
L006777,2026-07-30,5,3.45
L006778,2026-07-30,2,0.46
L006779,2026-07-30,6,5.15
L006780,2026-07-30,3,1.12
L006781,2026-07-30,5,3.45
L006782,2026-07-30,2,0.46
L006783,2026-07-30,3,1.12
L006784,2026-07-30,3,1.12
L006785,2026-07-30,7,7.23
L006786,2026-07-30,1,0.1
L006787,2026-07-30,3,1.12
L006788,2026-07-30,5,3.45
L006789,2026-07-30,2,0.46
L006790,2026-07-30,1,0.1
L006791,2026-07-30,6,5.15
L006792,2026-07-30,7,7.23
L006793,2026-07-30,6,5.15
L006794,2026-07-30,4,2.11
L006795,2026-07-30,3,1.12
L006796,2026-07-30,3,1.12
L006797,2026-07-30,7,7.23
L006798,2026-07-30,2,0.46
L006799,2026-07-30,7,7.23
L006800,2026-07-30,2,0.46
L006801,2026-07-30,1,0.1
L006802,2026-07-30,3,1.12
L006803,2026-07-30,1,0.1
L006804,2026-07-30,3,1.12
L006805,2026-07-30,1,0.1
L006806,2026-07-30,2,0.46
L006807,2026-07-30,3,1.12
L006808,2026-07-30,3,1.12
L006809,2026-07-30,1,0.1
L006810,2026-07-30,9,12.57
L006811,2026-07-30,2,0.46
L006812,2026-07-30,2,0.46
L006813,2026-07-30,3,1.12
L006814,2026-07-30,2,0.46
L006815,2026-07-30,1,0.1
L006816,2026-07-30,1,0.1
L006817,2026-07-30,2,0.46
L006818,2026-07-30,1,0.1
L006819,2026-07-30,1,0.1
L006820,2026-07-30,7,7.23
L006821,2026-07-30,1,0.1
L006822,2026-07-30,1,0.1
L006823,2026-07-30,1,0.1
L006824,2026-07-30,3,1.12
L006825,2026-07-30,3,1.12
L006826,2026-07-30,3,1.12
L006827,2026-07-30,6,5.15
L006828,2026-07-30,6,5.15
L006829,2026-07-30,2,0.46
L006830,2026-07-30,1,0.1
L006831,2026-07-30,1,0.1
L006832,2026-07-30,2,0.46
L006833,2026-07-30,1,0.1
L006834,2026-07-30,5,3.45
L006835,2026-07-30,9,12.57
L006836,2026-07-30,4,2.11
L006837,2026-07-30,2,0.46
L006838,2026-07-30,1,0.1
L006839,2026-07-30,2,0.46
L006840,2026-07-30,3,1.12
L006841,2026-07-30,3,1.12
L006842,2026-07-30,3,1.12
L006843,2026-07-30,1,0.1
L006844,2026-07-30,3,1.12
L006845,2026-07-30,1,0.1
L006846,2026-07-30,10,15.85
L006847,2026-07-30,3,1.12
L006848,2026-07-30,1,0.1
L006849,2026-07-30,3,1.12
L006850,2026-07-30,3,1.12
L006851,2026-07-30,3,1.12
L006852,2026-07-30,1,0.1
L006853,2026-07-30,2,0.46
L006854,2026-07-30,3,1.12
L006855,2026-07-30,1,0.1
L006856,2026-07-30,6,5.15
L006857,2026-07-30,1,0.1
L006858,2026-07-30,3,1.12
L006859,2026-07-30,1,0.1
L006860,2026-07-30,1,0.1
L006861,2026-07-30,1,0.1
L006862,2026-07-30,1,0.1
L006863,2026-07-30,2,0.46
L006864,2026-07-30,3,1.12
L006865,2026-07-30,1,0.1
L006866,2026-07-30,3,1.12
L006867,2026-07-30,1,0.1
L006868,2026-07-30,2,0.46
L006869,2026-07-30,2,0.46
L006870,2026-07-30,2,0.46
L006871,2026-07-30,8,9.7
L006872,2026-07-30,5,3.45
L006873,2026-07-30,1,0.1
L006874,2026-07-30,3,1.12
L006875,2026-07-30,1,0.1
L006876,2026-07-30,3,1.12
L006877,2026-07-30,3,1.12
L006878,2026-07-30,3,1.12
L006879,2026-07-30,2,0.46
L006880,2026-07-30,1,0.1
L006881,2026-07-30,3,1.12
L006882,2026-07-30,3,1.12
L006883,2026-07-30,9,12.57
L006884,2026-07-30,2,0.46
L006885,2026-07-30,3,1.12
L006886,2026-07-30,3,1.12
L006887,2026-07-30,3,1.12
L006888,2026-07-30,5,3.45
L006889,2026-07-30,3,1.12
L006890,2026-07-30,3,1.12
L006891,2026-07-30,6,5.15
L006892,2026-07-30,3,1.12
L006893,2026-07-30,1,0.1
L006894,2026-07-30,3,1.12
L006895,2026-07-30,3,1.12
L006896,2026-07-30,1,0.1
L006897,2026-07-30,3,1.12
L006898,2026-07-30,6,5.15
L006899,2026-07-30,1,0.1
L006900,2026-07-30,3,1.12
L006901,2026-07-30,2,0.46
L006902,2026-07-30,1,0.1
L006903,2026-07-30,1,0.1
L006904,2026-07-30,1,0.1
L006905,2026-07-30,2,0.46
L006906,2026-07-30,1,0.1
L006907,2026-07-30,7,7.23
L006908,2026-07-30,2,0.46
L006909,2026-07-30,3,1.12
L006910,2026-07-30,3,1.12
L006911,2026-07-30,3,1.12
L006912,2026-07-30,2,0.46
L006913,2026-07-30,2,0.46
L006914,2026-07-30,2,0.46
L006915,2026-07-30,1,0.1
L006916,2026-07-30,9,12.57
L006917,2026-07-30,3,1.12
L006918,2026-07-30,8,9.7
L006919,2026-07-30,4,2.11
L006920,2026-07-30,1,0.1
L006921,2026-07-30,3,1.12
L006922,2026-07-30,3,1.12
L006923,2026-07-30,3,1.12
L006924,2026-07-30,6,5.15
L006925,2026-07-30,2,0.46
L006926,2026-07-30,3,1.12
L006927,2026-07-30,2,0.46
L006928,2026-07-30,7,7.23
L006929,2026-07-30,9,12.57
L006930,2026-07-30,3,1.12
L006931,2026-07-30,3,1.12
L006932,2026-07-30,9,12.57
L006933,2026-07-30,7,7.23
L006934,2026-07-30,1,0.1
L006935,2026-07-30,1,0.1
L006936,2026-07-30,1,0.1
L006937,2026-07-30,4,2.11
L006938,2026-07-30,2,0.46
L006939,2026-07-30,2,0.46
L006940,2026-07-30,4,2.11
L006941,2026-07-30,2,0.46
L006942,2026-07-30,2,0.46
L006943,2026-07-30,3,1.12
L006944,2026-07-30,4,2.11
L006945,2026-07-30,2,0.46
L006946,2026-07-30,9,12.57
L006947,2026-07-30,4,2.11
L006948,2026-07-30,4,2.11
L006949,2026-07-30,2,0.46
L006950,2026-07-30,6,5.15
L006951,2026-07-30,1,0.1
L006952,2026-07-30,9,12.57
L006953,2026-07-30,2,0.46
L006954,2026-07-30,9,12.57
L006955,2026-07-30,3,1.12
L006956,2026-07-30,2,0.46
L006957,2026-07-30,7,7.23
L006958,2026-07-30,3,1.12
L006959,2026-07-30,9,12.57
L006960,2026-07-30,1,0.1
L006961,2026-07-30,3,1.12
L006962,2026-07-30,3,1.12
L006963,2026-07-30,2,0.46
L006964,2026-07-30,10,15.85
L006965,2026-07-30,9,12.57
L006966,2026-07-30,1,0.1
L006967,2026-07-30,4,2.11
L006968,2026-07-30,9,12.57
L006969,2026-07-30,1,0.1
L006970,2026-07-30,3,1.12
L006971,2026-07-30,7,7.23
L006972,2026-07-30,10,15.85
L006973,2026-07-30,2,0.46
L006974,2026-07-30,6,5.15
L006975,2026-07-30,9,12.57
L006976,2026-07-30,4,2.11
L006977,2026-07-30,5,3.45
L006978,2026-07-30,2,0.46
L006979,2026-07-30,3,1.12
L006980,2026-07-30,4,2.11
L006981,2026-07-30,1,0.1
L006982,2026-07-30,3,1.12
L006983,2026-07-30,3,1.12
L006984,2026-07-30,1,0.1
L006985,2026-07-30,2,0.46
L006986,2026-07-30,7,7.23
L006987,2026-07-30,1,0.1
L006988,2026-07-30,2,0.46
L006989,2026-07-30,5,3.45
L006990,2026-07-30,1,0.1
L006991,2026-07-30,3,1.12
L006992,2026-07-30,1,0.1
L006993,2026-07-30,3,1.12
L006994,2026-07-30,4,2.11
L006995,2026-07-30,1,0.1
L006996,2026-07-30,8,9.7
L006997,2026-07-30,10,15.85
L006998,2026-07-30,1,0.1
L006999,2026-07-30,7,7.23
L007000,2026-07-30,6,5.15
L007001,2026-07-30,2,0.46
L007002,2026-07-30,2,0.46
L007003,2026-07-30,4,2.11
L007004,2026-07-30,1,0.1
L007005,2026-07-30,1,0.1
L007006,2026-07-30,2,0.46
L007007,2026-07-30,1,0.1
L007008,2026-07-30,3,1.12
L007009,2026-07-30,2,0.46
L007010,2026-07-30,7,7.23
L007011,2026-07-30,1,0.1
L007012,2026-07-30,5,3.45
L007013,2026-07-30,5,3.45
L007014,2026-07-30,2,0.46
L007015,2026-07-30,7,7.23
L007016,2026-07-30,2,0.46
L007017,2026-07-30,2,0.46
L007018,2026-07-30,3,1.12
L007019,2026-07-30,2,0.46
L007020,2026-07-30,6,5.15
L007021,2026-07-30,3,1.12
L007022,2026-07-30,1,0.1
L007023,2026-07-30,9,12.57
L007024,2026-07-30,1,0.1
L007025,2026-07-30,1,0.1
L007026,2026-07-30,6,5.15
L007027,2026-07-30,1,0.1
L007028,2026-07-30,4,2.11
L007029,2026-07-30,3,1.12
L007030,2026-07-30,2,0.46
L007031,2026-07-30,1,0.1
L007032,2026-07-30,3,1.12
L007033,2026-07-30,1,0.1
L007034,2026-07-30,1,0.1
L007035,2026-07-30,2,0.46
L007036,2026-07-30,1,0.1
L007037,2026-07-30,4,2.11
L007038,2026-07-30,3,1.12
L007039,2026-07-30,3,1.12
L007040,2026-07-30,1,0.1
L007041,2026-07-30,2,0.46
L007042,2026-07-30,9,12.57
L007043,2026-07-30,3,1.12
L007044,2026-07-30,2,0.46
L007045,2026-07-30,9,12.57
L007046,2026-07-30,1,0.1
L007047,2026-07-30,1,0.1
L007048,2026-07-30,1,0.1
L007049,2026-07-30,9,12.57
L007050,2026-07-30,1,0.1
L007051,2026-07-30,1,0.1
L007052,2026-07-30,2,0.46
L007053,2026-07-30,3,1.12
L007054,2026-07-30,6,5.15
L007055,2026-07-30,2,0.46
L007056,2026-07-30,4,2.11
L007057,2026-07-30,1,0.1
L007058,2026-07-30,3,1.12
L007059,2026-07-30,1,0.1
L007060,2026-07-30,2,0.46
L007061,2026-07-30,1,0.1
L007062,2026-07-30,3,1.12
L007063,2026-07-30,2,0.46
L007064,2026-07-30,3,1.12
L007065,2026-07-30,1,0.1
L007066,2026-07-30,1,0.1
L007067,2026-07-30,2,0.46
L007068,2026-07-30,10,15.85
L007069,2026-07-30,3,1.12
L007070,2026-07-30,1,0.1
L007071,2026-07-30,1,0.1
L007072,2026-07-30,3,1.12
L007073,2026-07-30,2,0.46
L007074,2026-07-30,5,3.45
L007075,2026-07-30,2,0.46
L007076,2026-07-30,3,1.12
L007077,2026-07-30,8,9.7
L007078,2026-07-30,5,3.45
L007079,2026-07-30,4,2.11
L007080,2026-07-30,2,0.46
L007081,2026-07-30,3,1.12
L007082,2026-07-30,10,15.85
L007083,2026-07-30,1,0.1
L007084,2026-07-30,10,15.85
L007085,2026-07-30,1,0.1
L007086,2026-07-30,1,0.1
L007087,2026-07-30,1,0.1
L007088,2026-07-30,6,5.15
L007089,2026-07-30,1,0.1
L007090,2026-07-30,1,0.1
L007091,2026-07-30,2,0.46
L007092,2026-07-30,1,0.1
L007093,2026-07-30,2,0.46
L007094,2026-07-30,10,15.85
L007095,2026-07-30,3,1.12
L007096,2026-07-30,4,2.11
L007097,2026-07-30,5,3.45
L007098,2026-07-30,10,15.85
L007099,2026-07-30,3,1.12
L007100,2026-07-30,3,1.12
L007101,2026-07-30,2,0.46
L007102,2026-07-30,2,0.46
L007103,2026-07-30,6,5.15
L007104,2026-07-30,3,1.12
L007105,2026-07-30,2,0.46
L007106,2026-07-30,4,2.11
L007107,2026-07-30,6,5.15
L007108,2026-07-30,8,9.7
L007109,2026-07-30,3,1.12
L007110,2026-07-30,1,0.1
L007111,2026-07-30,1,0.1
L007112,2026-07-30,3,1.12
L007113,2026-07-30,3,1.12
L007114,2026-07-30,3,1.12
L007115,2026-07-30,1,0.1
L007116,2026-07-30,5,3.45
L007117,2026-07-30,9,12.57
L007118,2026-07-30,3,1.12
L007119,2026-07-30,2,0.46
L007120,2026-07-30,10,15.85
L007121,2026-07-30,1,0.1
L007122,2026-07-30,2,0.46
L007123,2026-07-30,8,9.7
L007124,2026-07-30,2,0.46
L007125,2026-07-30,1,0.1
L007126,2026-07-30,5,3.45
L007127,2026-07-30,3,1.12
L007128,2026-07-30,2,0.46
L007129,2026-07-30,2,0.46
L007130,2026-07-30,1,0.1
L007131,2026-07-30,2,0.46
L007132,2026-07-30,2,0.46
L007133,2026-07-30,7,7.23
L007134,2026-07-30,3,1.12
L007135,2026-07-30,2,0.46
L007136,2026-07-30,1,0.1
L007137,2026-07-30,2,0.46
L007138,2026-07-30,1,0.1
L007139,2026-07-30,3,1.12
L007140,2026-07-30,3,1.12
L007141,2026-07-30,1,0.1
L007142,2026-07-30,2,0.46
L007143,2026-07-30,3,1.12
L007144,2026-07-30,2,0.46
L007145,2026-07-30,2,0.46
L007146,2026-07-30,8,9.7
L007147,2026-07-30,2,0.46
L007148,2026-07-30,7,7.23
L007149,2026-07-30,8,9.7
L007150,2026-07-30,9,12.57
L007151,2026-07-30,2,0.46
L007152,2026-07-30,1,0.1
L007153,2026-07-30,9,12.57
L007154,2026-07-30,6,5.15
L007155,2026-07-30,9,12.57
L007156,2026-07-30,8,9.7
L007157,2026-07-30,5,3.45
L007158,2026-07-30,4,2.11
L007159,2026-07-30,1,0.1
L007160,2026-07-30,2,0.46
L007161,2026-07-30,5,3.45
L007162,2026-07-30,2,0.46
L007163,2026-07-30,3,1.12
L007164,2026-07-30,2,0.46
L007165,2026-07-30,1,0.1
L007166,2026-07-30,2,0.46
L007167,2026-07-30,1,0.1
L007168,2026-07-30,1,0.1
L007169,2026-07-30,4,2.11
L007170,2026-07-30,8,9.7
L007171,2026-07-30,3,1.12
L007172,2026-07-30,2,0.46
L007173,2026-07-30,1,0.1
L007174,2026-07-30,3,1.12
L007175,2026-07-30,2,0.46
L007176,2026-07-30,3,1.12
L007177,2026-07-30,2,0.46
L007178,2026-07-30,1,0.1
L007179,2026-07-30,6,5.15
L007180,2026-07-30,3,1.12
L007181,2026-07-30,1,0.1
L007182,2026-07-30,4,2.11
L007183,2026-07-30,2,0.46
L007184,2026-07-30,2,0.46
L007185,2026-07-30,7,7.23
L007186,2026-07-30,5,3.45
L007187,2026-07-30,1,0.1
L007188,2026-07-30,7,7.23
L007189,2026-07-30,6,5.15
L007190,2026-07-30,2,0.46
L007191,2026-07-30,1,0.1
L007192,2026-07-30,1,0.1
L007193,2026-07-30,2,0.46
L007194,2026-07-30,2,0.46
L007195,2026-07-30,1,0.1
L007196,2026-07-30,3,1.12
L007197,2026-07-30,3,1.12
L007198,2026-07-30,5,3.45
L007199,2026-07-30,4,2.11
L007200,2026-07-30,5,3.45
L007201,2026-07-30,3,1.12
L007202,2026-07-30,2,0.46
L007203,2026-07-30,2,0.46
L007204,2026-07-30,2,0.46
L007205,2026-07-30,2,0.46
L007206,2026-07-30,2,0.46
L007207,2026-07-30,3,1.12
L007208,2026-07-30,7,7.23
L007209,2026-07-30,3,1.12
L007210,2026-07-30,1,0.1
L007211,2026-07-30,9,12.57
L007212,2026-07-30,1,0.1
L007213,2026-07-30,1,0.1
L007214,2026-07-30,2,0.46
L007215,2026-07-30,9,12.57
L007216,2026-07-30,1,0.1
L007217,2026-07-30,1,0.1
L007218,2026-07-30,3,1.12
L007219,2026-07-30,2,0.46
L007220,2026-07-30,2,0.46
L007221,2026-07-30,9,12.57
L007222,2026-07-30,9,12.57
L007223,2026-07-30,2,0.46
L007224,2026-07-30,2,0.46
L007225,2026-07-30,3,1.12
L007226,2026-07-30,3,1.12
L007227,2026-07-30,2,0.46
L007228,2026-07-30,3,1.12
L007229,2026-07-30,3,1.12
L007230,2026-07-30,9,12.57
L007231,2026-07-30,3,1.12
L007232,2026-07-30,1,0.1
L007233,2026-07-30,2,0.46
L007234,2026-07-30,9,12.57
L007235,2026-07-30,2,0.46
L007236,2026-07-30,6,5.15
L007237,2026-07-30,8,9.7
L007238,2026-07-30,10,15.85
L007239,2026-07-30,4,2.11
L007240,2026-07-30,7,7.23
L007241,2026-07-30,1,0.1
L007242,2026-07-30,2,0.46
L007243,2026-07-30,3,1.12
L007244,2026-07-30,7,7.23
L007245,2026-07-30,3,1.12
L007246,2026-07-30,2,0.46
L007247,2026-07-30,5,3.45
L007248,2026-07-30,3,1.12
L007249,2026-07-30,9,12.57
L007250,2026-07-30,7,7.23
L007251,2026-07-30,1,0.1
L007252,2026-07-30,5,3.45
L007253,2026-07-30,7,7.23
L007254,2026-07-30,1,0.1
L007255,2026-07-30,3,1.12
L007256,2026-07-30,1,0.1
L007257,2026-07-30,6,5.15
L007258,2026-07-30,2,0.46
L007259,2026-07-30,3,1.12
L007260,2026-07-30,3,1.12
L007261,2026-07-30,3,1.12
L007262,2026-07-30,1,0.1
L007263,2026-07-30,2,0.46
L007264,2026-07-30,10,15.85
L007265,2026-07-30,3,1.12
L007266,2026-07-30,1,0.1
L007267,2026-07-30,5,3.45
L007268,2026-07-30,2,0.46
L007269,2026-07-30,2,0.46
L007270,2026-07-30,6,5.15
L007271,2026-07-30,3,1.12
L007272,2026-07-30,2,0.46
L007273,2026-07-30,2,0.46
L007274,2026-07-30,8,9.7
L007275,2026-07-30,2,0.46
L007276,2026-07-30,3,1.12
L007277,2026-07-30,1,0.1
L007278,2026-07-30,7,7.23
L007279,2026-07-30,1,0.1
L007280,2026-07-30,1,0.1
L007281,2026-07-30,1,0.1
L007282,2026-07-30,2,0.46
L007283,2026-07-30,3,1.12
L007284,2026-07-30,2,0.46
L007285,2026-07-30,1,0.1
L007286,2026-07-30,9,12.57
L007287,2026-07-30,3,1.12
L007288,2026-07-30,2,0.46
L007289,2026-07-30,2,0.46
L007290,2026-07-30,1,0.1
L007291,2026-07-30,3,1.12
L007292,2026-07-30,3,1.12
L007293,2026-07-30,3,1.12
L007294,2026-07-30,2,0.46
L007295,2026-07-30,9,12.57
L007296,2026-07-30,3,1.12
L007297,2026-07-30,5,3.45
L007298,2026-07-30,4,2.11
L007299,2026-07-30,3,1.12
L007300,2026-07-30,2,0.46
L007301,2026-07-30,10,15.85
L007302,2026-07-30,1,0.1
L007303,2026-07-30,10,15.85
L007304,2026-07-30,1,0.1
L007305,2026-07-30,7,7.23
L007306,2026-07-30,1,0.1
L007307,2026-07-30,10,15.85
L007308,2026-07-30,7,7.23
L007309,2026-07-30,9,12.57
L007310,2026-07-30,5,3.45
L007311,2026-07-30,5,3.45
L007312,2026-07-30,1,0.1
L007313,2026-07-30,2,0.46
L007314,2026-07-30,1,0.1
L007315,2026-07-30,7,7.23
L007316,2026-07-30,4,2.11
L007317,2026-07-30,3,1.12
L007318,2026-07-30,9,12.57
L007319,2026-07-30,3,1.12
L007320,2026-07-30,2,0.46
L007321,2026-07-30,3,1.12
L007322,2026-07-30,1,0.1
L007323,2026-07-30,1,0.1
L007324,2026-07-30,3,1.12
L007325,2026-07-30,2,0.46
L007326,2026-07-30,2,0.46
L007327,2026-07-30,6,5.15
L007328,2026-07-30,4,2.11
L007329,2026-07-30,3,1.12
L007330,2026-07-30,2,0.46
L007331,2026-07-30,9,12.57
L007332,2026-07-30,4,2.11
L007333,2026-07-30,1,0.1
L007334,2026-07-30,3,1.12
L007335,2026-07-30,3,1.12
L007336,2026-07-30,2,0.46
L007337,2026-07-30,3,1.12
L007338,2026-07-30,8,9.7
L007339,2026-07-30,3,1.12
L007340,2026-07-30,3,1.12
L007341,2026-07-30,3,1.12
L007342,2026-07-30,1,0.1
L007343,2026-07-30,7,7.23
L007344,2026-07-30,1,0.1
L007345,2026-07-30,5,3.45
L007346,2026-07-30,5,3.45
L007347,2026-07-30,2,0.46
L007348,2026-07-30,3,1.12
L007349,2026-07-30,8,9.7
L007350,2026-07-30,1,0.1
L007351,2026-07-30,3,1.12
L007352,2026-07-30,1,0.1
L007353,2026-07-30,6,5.15
L007354,2026-07-30,6,5.15
L007355,2026-07-30,6,5.15
L007356,2026-07-30,2,0.46
L007357,2026-07-30,1,0.1
L007358,2026-07-30,7,7.23
L007359,2026-07-30,1,0.1
L007360,2026-07-30,9,12.57
L007361,2026-07-30,3,1.12
L007362,2026-07-30,9,12.57
L007363,2026-07-30,4,2.11
L007364,2026-07-30,3,1.12
L007365,2026-07-30,9,12.57
L007366,2026-07-30,3,1.12
L007367,2026-07-30,1,0.1
L007368,2026-07-30,5,3.45
L007369,2026-07-30,8,9.7
L007370,2026-07-30,10,15.85
L007371,2026-07-30,3,1.12
L007372,2026-07-30,4,2.11
L007373,2026-07-30,1,0.1
L007374,2026-07-30,9,12.57
L007375,2026-07-30,2,0.46
L007376,2026-07-30,1,0.1
L007377,2026-07-30,2,0.46
L007378,2026-07-30,2,0.46
L007379,2026-07-30,3,1.12
L007380,2026-07-30,3,1.12
L007381,2026-07-30,3,1.12
L007382,2026-07-30,3,1.12
L007383,2026-07-30,10,15.85
L007384,2026-07-30,8,9.7
L007385,2026-07-30,3,1.12
L007386,2026-07-30,3,1.12
L007387,2026-07-30,3,1.12
L007388,2026-07-30,5,3.45
L007389,2026-07-30,2,0.46
L007390,2026-07-30,2,0.46
L007391,2026-07-30,1,0.1
L007392,2026-07-30,3,1.12
L007393,2026-07-30,3,1.12
L007394,2026-07-30,4,2.11
L007395,2026-07-30,1,0.1
L007396,2026-07-30,1,0.1
L007397,2026-07-30,2,0.46
L007398,2026-07-30,4,2.11
L007399,2026-07-30,2,0.46
L007400,2026-07-30,1,0.1
L007401,2026-07-30,6,5.15
L007402,2026-07-30,2,0.46
L007403,2026-07-30,3,1.12
L007404,2026-07-30,3,1.12
L007405,2026-07-30,1,0.1
L007406,2026-07-30,2,0.46
L007407,2026-07-30,10,15.85
L007408,2026-07-30,4,2.11
L007409,2026-07-30,5,3.45
L007410,2026-07-30,4,2.11
L007411,2026-07-30,2,0.46
L007412,2026-07-30,3,1.12
L007413,2026-07-30,1,0.1
L007414,2026-07-30,4,2.11
L007415,2026-07-30,3,1.12
L007416,2026-07-30,1,0.1
L007417,2026-07-30,3,1.12
L007418,2026-07-30,1,0.1
L007419,2026-07-30,9,12.57
L007420,2026-07-30,1,0.1
L007421,2026-07-30,1,0.1
L007422,2026-07-30,8,9.7
L007423,2026-07-30,3,1.12
L007424,2026-07-30,3,1.12
L007425,2026-07-30,1,0.1
L007426,2026-07-30,3,1.12
L007427,2026-07-30,1,0.1
L007428,2026-07-30,2,0.46
L007429,2026-07-30,3,1.12
L007430,2026-07-30,7,7.23
L007431,2026-07-30,8,9.7
L007432,2026-07-30,2,0.46
L007433,2026-07-30,1,0.1
L007434,2026-07-30,2,0.46
L007435,2026-07-30,2,0.46
L007436,2026-07-30,1,0.1
L007437,2026-07-30,3,1.12
L007438,2026-07-30,1,0.1
L007439,2026-07-30,4,2.11
L007440,2026-07-30,3,1.12
L007441,2026-07-30,1,0.1
L007442,2026-07-30,3,1.12
L007443,2026-07-30,3,1.12
L007444,2026-07-30,5,3.45
L007445,2026-07-30,6,5.15
L007446,2026-07-30,3,1.12
L007447,2026-07-30,2,0.46
L007448,2026-07-30,8,9.7
L007449,2026-07-30,3,1.12
L007450,2026-07-30,2,0.46
L007451,2026-07-30,10,15.85
L007452,2026-07-30,4,2.11
L007453,2026-07-30,4,2.11
L007454,2026-07-30,2,0.46
L007455,2026-07-30,3,1.12
L007456,2026-07-30,1,0.1
L007457,2026-07-30,1,0.1
L007458,2026-07-30,3,1.12
L007459,2026-07-30,3,1.12
L007460,2026-07-30,1,0.1
L007461,2026-07-30,3,1.12
L007462,2026-07-30,2,0.46
L007463,2026-07-30,3,1.12
L007464,2026-07-30,3,1.12
L007465,2026-07-30,2,0.46
L007466,2026-07-30,1,0.1
L007467,2026-07-30,9,12.57
L007468,2026-07-30,7,7.23
L007469,2026-07-30,3,1.12
L007470,2026-07-30,5,3.45
L007471,2026-07-30,7,7.23
L007472,2026-07-30,2,0.46
L007473,2026-07-30,2,0.46
L007474,2026-07-30,1,0.1
L007475,2026-07-30,5,3.45
L007476,2026-07-30,10,15.85
L007477,2026-07-30,5,3.45
L007478,2026-07-30,1,0.1
L007479,2026-07-30,6,5.15
L007480,2026-07-30,1,0.1
L007481,2026-07-30,2,0.46
L007482,2026-07-30,2,0.46
L007483,2026-07-30,1,0.1
L007484,2026-07-30,2,0.46
L007485,2026-07-30,4,2.11
L007486,2026-07-30,2,0.46
L007487,2026-07-30,8,9.7
L007488,2026-07-30,7,7.23
L007489,2026-07-30,1,0.1
L007490,2026-07-30,10,15.85
L007491,2026-07-30,5,3.45
L007492,2026-07-30,2,0.46
L007493,2026-07-30,3,1.12
L007494,2026-07-30,1,0.1
L007495,2026-07-30,10,15.85
L007496,2026-07-30,1,0.1
L007497,2026-07-30,3,1.12
L007498,2026-07-30,3,1.12
L007499,2026-07-30,1,0.1
L007500,2026-07-30,1,0.1
L007501,2026-07-30,3,1.12
L007502,2026-07-30,2,0.46
L007503,2026-07-30,5,3.45
L007504,2026-07-30,1,0.1
L007505,2026-07-30,1,0.1
L007506,2026-07-30,2,0.46
L007507,2026-07-30,1,0.1
L007508,2026-07-30,4,2.11
L007509,2026-07-30,2,0.46
L007510,2026-07-30,2,0.46
L007511,2026-07-30,3,1.12
L007512,2026-07-30,1,0.1
L007513,2026-07-30,3,1.12
L007514,2026-07-30,8,9.7
L007515,2026-07-30,8,9.7
L007516,2026-07-30,5,3.45
L007517,2026-07-30,3,1.12
L007518,2026-07-30,7,7.23
L007519,2026-07-30,1,0.1
L007520,2026-07-30,2,0.46
L007521,2026-07-30,4,2.11
L007522,2026-07-30,1,0.1
L007523,2026-07-30,2,0.46
L007524,2026-07-30,3,1.12
L007525,2026-07-30,1,0.1
L007526,2026-07-30,2,0.46
L007527,2026-07-30,3,1.12
L007528,2026-07-30,2,0.46
L007529,2026-07-30,3,1.12
L007530,2026-07-30,3,1.12
L007531,2026-07-30,4,2.11
L007532,2026-07-30,10,15.85
L007533,2026-07-30,7,7.23
L007534,2026-07-30,4,2.11
L007535,2026-07-30,10,15.85
L007536,2026-07-30,6,5.15
L007537,2026-07-30,2,0.46
L007538,2026-07-30,1,0.1
L007539,2026-07-30,2,0.46
L007540,2026-07-30,1,0.1
L007541,2026-07-30,2,0.46
L007542,2026-07-30,8,9.7
L007543,2026-07-30,7,7.23
L007544,2026-07-30,2,0.46
L007545,2026-07-30,1,0.1
L007546,2026-07-30,3,1.12
L007547,2026-07-30,4,2.11
L007548,2026-07-30,8,9.7
L007549,2026-07-30,1,0.1
L007550,2026-07-30,2,0.46
L007551,2026-07-30,4,2.11
L007552,2026-07-30,1,0.1
L007553,2026-07-30,9,12.57
L007554,2026-07-30,1,0.1
L007555,2026-07-30,9,12.57
L007556,2026-07-30,2,0.46
L007557,2026-07-30,1,0.1
L007558,2026-07-30,1,0.1
L007559,2026-07-30,6,5.15
L007560,2026-07-30,3,1.12
L007561,2026-07-30,2,0.46
L007562,2026-07-30,6,5.15
L007563,2026-07-30,8,9.7
L007564,2026-07-30,8,9.7
L007565,2026-07-30,2,0.46
L007566,2026-07-30,5,3.45
L007567,2026-07-30,7,7.23
L007568,2026-07-30,3,1.12
L007569,2026-07-30,1,0.1
L007570,2026-07-30,3,1.12
L007571,2026-07-30,1,0.1
L007572,2026-07-30,3,1.12
L007573,2026-07-30,2,0.46
L007574,2026-07-30,7,7.23
L007575,2026-07-30,3,1.12
L007576,2026-07-30,2,0.46
L007577,2026-07-30,3,1.12
L007578,2026-07-30,8,9.7
L007579,2026-07-30,5,3.45
L007580,2026-07-30,5,3.45
L007581,2026-07-30,1,0.1
L007582,2026-07-30,3,1.12
L007583,2026-07-30,1,0.1
L007584,2026-07-30,3,1.12
L007585,2026-07-30,3,1.12
L007586,2026-07-30,1,0.1
L007587,2026-07-30,1,0.1
L007588,2026-07-30,3,1.12
L007589,2026-07-30,3,1.12
L007590,2026-07-30,2,0.46
L007591,2026-07-30,5,3.45
L007592,2026-07-30,2,0.46
L007593,2026-07-30,3,1.12
L007594,2026-07-30,3,1.12
L007595,2026-07-30,1,0.1
L007596,2026-07-30,5,3.45
L007597,2026-07-30,1,0.1
L007598,2026-07-30,4,2.11
L007599,2026-07-30,2,0.46
L007600,2026-07-30,1,0.1
L007601,2026-07-30,5,3.45
L007602,2026-07-30,1,0.1
L007603,2026-07-30,7,7.23
L007604,2026-07-30,3,1.12
L007605,2026-07-30,1,0.1
L007606,2026-07-30,3,1.12
L007607,2026-07-30,2,0.46
L007608,2026-07-30,2,0.46
L007609,2026-07-30,8,9.7
L007610,2026-07-30,5,3.45
L007611,2026-07-30,1,0.1
L007612,2026-07-30,1,0.1
L007613,2026-07-30,9,12.57
L007614,2026-07-30,6,5.15
L007615,2026-07-30,3,1.12
L007616,2026-07-30,1,0.1
L007617,2026-07-30,9,12.57
L007618,2026-07-30,1,0.1
L007619,2026-07-30,1,0.1
L007620,2026-07-30,3,1.12
L007621,2026-07-30,1,0.1
L007622,2026-07-30,2,0.46
L007623,2026-07-30,7,7.23
L007624,2026-07-30,3,1.12
L007625,2026-07-30,1,0.1
L007626,2026-07-30,8,9.7
L007627,2026-07-30,3,1.12
L007628,2026-07-30,3,1.12
L007629,2026-07-30,3,1.12
L007630,2026-07-30,10,15.85
L007631,2026-07-30,1,0.1
L007632,2026-07-30,1,0.1
L007633,2026-07-30,2,0.46
L007634,2026-07-30,1,0.1
L007635,2026-07-30,1,0.1
L007636,2026-07-30,2,0.46
L007637,2026-07-30,2,0.46
L007638,2026-07-30,5,3.45
L007639,2026-07-30,1,0.1
L007640,2026-07-30,3,1.12
L007641,2026-07-30,1,0.1
L007642,2026-07-30,8,9.7
L007643,2026-07-30,1,0.1
L007644,2026-07-30,9,12.57
L007645,2026-07-30,2,0.46
L007646,2026-07-30,10,15.85
L007647,2026-07-30,3,1.12
L007648,2026-07-30,5,3.45
L007649,2026-07-30,1,0.1
L007650,2026-07-30,5,3.45
L007651,2026-07-30,3,1.12
L007652,2026-07-30,2,0.46
L007653,2026-07-30,7,7.23
L007654,2026-07-30,3,1.12
L007655,2026-07-30,7,7.23
L007656,2026-07-30,3,1.12
L007657,2026-07-30,2,0.46
L007658,2026-07-30,4,2.11
L007659,2026-07-30,3,1.12
L007660,2026-07-30,2,0.46
L007661,2026-07-30,5,3.45
L007662,2026-07-30,1,0.1
L007663,2026-07-30,1,0.1
L007664,2026-07-30,2,0.46
L007665,2026-07-30,1,0.1
L007666,2026-07-30,3,1.12
L007667,2026-07-30,3,1.12
L007668,2026-07-30,6,5.15
L007669,2026-07-30,2,0.46
L007670,2026-07-30,3,1.12
L007671,2026-07-30,3,1.12
L007672,2026-07-30,3,1.12
L007673,2026-07-30,2,0.46
L007674,2026-07-30,3,1.12
L007675,2026-07-30,2,0.46
L007676,2026-07-30,1,0.1
L007677,2026-07-30,6,5.15
L007678,2026-07-30,6,5.15
L007679,2026-07-30,3,1.12
L007680,2026-07-30,3,1.12
L007681,2026-07-30,2,0.46
L007682,2026-07-30,2,0.46
L007683,2026-07-30,2,0.46
L007684,2026-07-30,2,0.46
L007685,2026-07-30,6,5.15
L007686,2026-07-30,6,5.15
L007687,2026-07-30,2,0.46
L007688,2026-07-30,2,0.46
L007689,2026-07-30,5,3.45
L007690,2026-07-30,3,1.12
L007691,2026-07-30,2,0.46
L007692,2026-07-30,3,1.12
L007693,2026-07-30,3,1.12
L007694,2026-07-30,1,0.1
L007695,2026-07-30,2,0.46
L007696,2026-07-30,8,9.7
L007697,2026-07-30,7,7.23
L007698,2026-07-30,2,0.46
L007699,2026-07-30,6,5.15
L007700,2026-07-30,7,7.23
L007701,2026-07-30,10,15.85
L007702,2026-07-30,7,7.23
L007703,2026-07-30,1,0.1
L007704,2026-07-30,10,15.85
L007705,2026-07-30,3,1.12
L007706,2026-07-30,2,0.46
L007707,2026-07-30,1,0.1
L007708,2026-07-30,2,0.46
L007709,2026-07-30,9,12.57
L007710,2026-07-30,2,0.46
L007711,2026-07-30,2,0.46
L007712,2026-07-30,10,15.85
L007713,2026-07-30,7,7.23
L007714,2026-07-30,3,1.12
L007715,2026-07-30,2,0.46
L007716,2026-07-30,5,3.45
L007717,2026-07-30,3,1.12
L007718,2026-07-30,1,0.1
L007719,2026-07-30,2,0.46
L007720,2026-07-30,3,1.12
L007721,2026-07-30,5,3.45
L007722,2026-07-30,9,12.57
L007723,2026-07-30,2,0.46
L007724,2026-07-30,2,0.46
L007725,2026-07-30,3,1.12
L007726,2026-07-30,10,15.85
L007727,2026-07-30,2,0.46
L007728,2026-07-30,2,0.46
L007729,2026-07-30,6,5.15
L007730,2026-07-30,1,0.1
L007731,2026-07-30,2,0.46
L007732,2026-07-30,2,0.46
L007733,2026-07-30,1,0.1
L007734,2026-07-30,2,0.46
L007735,2026-07-30,1,0.1
L007736,2026-07-30,3,1.12
L007737,2026-07-30,10,15.85
L007738,2026-07-30,1,0.1
L007739,2026-07-30,6,5.15
L007740,2026-07-30,7,7.23
L007741,2026-07-30,3,1.12
L007742,2026-07-30,4,2.11
L007743,2026-07-30,3,1.12
L007744,2026-07-30,2,0.46
L007745,2026-07-30,10,15.85
L007746,2026-07-30,10,15.85
L007747,2026-07-30,6,5.15
L007748,2026-07-30,2,0.46
L007749,2026-07-30,2,0.46
L007750,2026-07-30,3,1.12
L007751,2026-07-30,2,0.46
L007752,2026-07-30,5,3.45
L007753,2026-07-30,5,3.45
L007754,2026-07-30,2,0.46
L007755,2026-07-30,1,0.1
L007756,2026-07-30,2,0.46
L007757,2026-07-30,6,5.15
L007758,2026-07-30,1,0.1
L007759,2026-07-30,2,0.46
L007760,2026-07-30,3,1.12
L007761,2026-07-30,6,5.15
L007762,2026-07-30,8,9.7
L007763,2026-07-30,2,0.46
L007764,2026-07-30,3,1.12
L007765,2026-07-30,1,0.1
L007766,2026-07-30,1,0.1
L007767,2026-07-30,7,7.23
L007768,2026-07-30,6,5.15
L007769,2026-07-30,1,0.1
L007770,2026-07-30,7,7.23
L007771,2026-07-30,2,0.46
L007772,2026-07-30,1,0.1
L007773,2026-07-30,3,1.12
L007774,2026-07-30,2,0.46
L007775,2026-07-30,10,15.85
L007776,2026-07-30,3,1.12
L007777,2026-07-30,4,2.11
L007778,2026-07-30,1,0.1
L007779,2026-07-30,5,3.45
L007780,2026-07-30,2,0.46
L007781,2026-07-30,6,5.15
L007782,2026-07-30,4,2.11
L007783,2026-07-30,9,12.57
L007784,2026-07-30,2,0.46
L007785,2026-07-30,9,12.57
L007786,2026-07-30,2,0.46
L007787,2026-07-30,4,2.11
L007788,2026-07-30,4,2.11
L007789,2026-07-30,1,0.1
L007790,2026-07-30,3,1.12
L007791,2026-07-30,1,0.1
L007792,2026-07-30,10,15.85
L007793,2026-07-30,3,1.12
L007794,2026-07-30,1,0.1
L007795,2026-07-30,2,0.46
L007796,2026-07-30,1,0.1
L007797,2026-07-30,2,0.46
L007798,2026-07-30,3,1.12
L007799,2026-07-30,8,9.7
L007800,2026-07-30,3,1.12
L007801,2026-07-30,1,0.1
L007802,2026-07-30,3,1.12
L007803,2026-07-30,2,0.46
L007804,2026-07-30,3,1.12
L007805,2026-07-30,5,3.45
L007806,2026-07-30,1,0.1
L007807,2026-07-30,5,3.45
L007808,2026-07-30,1,0.1
L007809,2026-07-30,3,1.12
L007810,2026-07-30,4,2.11
L007811,2026-07-30,8,9.7
L007812,2026-07-30,5,3.45
L007813,2026-07-30,3,1.12
L007814,2026-07-30,2,0.46
L007815,2026-07-30,3,1.12
L007816,2026-07-30,10,15.85
L007817,2026-07-30,2,0.46
L007818,2026-07-30,2,0.46
L007819,2026-07-30,1,0.1
L007820,2026-07-30,10,15.85
L007821,2026-07-30,3,1.12
L007822,2026-07-30,3,1.12
L007823,2026-07-30,7,7.23
L007824,2026-07-30,3,1.12
L007825,2026-07-30,4,2.11
L007826,2026-07-30,10,15.85
L007827,2026-07-30,2,0.46
L007828,2026-07-30,1,0.1
L007829,2026-07-30,3,1.12
L007830,2026-07-30,6,5.15
L007831,2026-07-30,3,1.12
L007832,2026-07-30,3,1.12
L007833,2026-07-30,2,0.46
L007834,2026-07-30,3,1.12
L007835,2026-07-30,3,1.12
L007836,2026-07-30,7,7.23
L007837,2026-07-30,2,0.46
L007838,2026-07-30,1,0.1
L007839,2026-07-30,3,1.12
L007840,2026-07-30,1,0.1
L007841,2026-07-30,3,1.12
L007842,2026-07-30,1,0.1
L007843,2026-07-30,3,1.12
L007844,2026-07-30,6,5.15
L007845,2026-07-30,9,12.57
L007846,2026-07-30,6,5.15
L007847,2026-07-30,2,0.46
L007848,2026-07-30,2,0.46
L007849,2026-07-30,6,5.15
L007850,2026-07-30,3,1.12
L007851,2026-07-30,7,7.23
L007852,2026-07-30,3,1.12
L007853,2026-07-30,2,0.46
L007854,2026-07-30,2,0.46
L007855,2026-07-30,5,3.45
L007856,2026-07-30,3,1.12
L007857,2026-07-30,1,0.1
L007858,2026-07-30,3,1.12
L007859,2026-07-30,9,12.57
L007860,2026-07-30,3,1.12
L007861,2026-07-30,3,1.12
L007862,2026-07-30,1,0.1
L007863,2026-07-30,4,2.11
L007864,2026-07-30,3,1.12
L007865,2026-07-30,1,0.1
L007866,2026-07-30,8,9.7
L007867,2026-07-30,2,0.46
L007868,2026-07-30,9,12.57
L007869,2026-07-30,9,12.57
L007870,2026-07-30,3,1.12
L007871,2026-07-30,2,0.46
L007872,2026-07-30,2,0.46
L007873,2026-07-30,2,0.46
L007874,2026-07-30,3,1.12
L007875,2026-07-30,5,3.45
L007876,2026-07-30,5,3.45
L007877,2026-07-30,8,9.7
L007878,2026-07-30,4,2.11
L007879,2026-07-30,7,7.23
L007880,2026-07-30,1,0.1
L007881,2026-07-30,10,15.85
L007882,2026-07-30,4,2.11
L007883,2026-07-30,9,12.57
L007884,2026-07-30,1,0.1
L007885,2026-07-30,2,0.46
L007886,2026-07-30,1,0.1
L007887,2026-07-30,2,0.46
L007888,2026-07-30,7,7.23
L007889,2026-07-30,4,2.11
L007890,2026-07-30,2,0.46
L007891,2026-07-30,2,0.46
L007892,2026-07-30,7,7.23
L007893,2026-07-30,8,9.7
L007894,2026-07-30,2,0.46
L007895,2026-07-30,2,0.46
L007896,2026-07-30,3,1.12
L007897,2026-07-30,1,0.1
L007898,2026-07-30,1,0.1
L007899,2026-07-30,7,7.23
L007900,2026-07-30,10,15.85
L007901,2026-07-30,5,3.45
L007902,2026-07-30,1,0.1
L007903,2026-07-30,3,1.12
L007904,2026-07-30,10,15.85
L007905,2026-07-30,10,15.85
L007906,2026-07-30,7,7.23
L007907,2026-07-30,1,0.1
L007908,2026-07-30,6,5.15
L007909,2026-07-30,2,0.46
L007910,2026-07-30,1,0.1
L007911,2026-07-30,2,0.46
L007912,2026-07-30,5,3.45
L007913,2026-07-30,2,0.46
L007914,2026-07-30,7,7.23
L007915,2026-07-30,1,0.1
L007916,2026-07-30,10,15.85
L007917,2026-07-30,1,0.1
L007918,2026-07-30,9,12.57
L007919,2026-07-30,2,0.46
L007920,2026-07-30,3,1.12
L007921,2026-07-30,2,0.46
L007922,2026-07-30,2,0.46
L007923,2026-07-30,3,1.12
L007924,2026-07-30,10,15.85
L007925,2026-07-30,10,15.85
L007926,2026-07-30,2,0.46
L007927,2026-07-30,1,0.1
L007928,2026-07-30,3,1.12
L007929,2026-07-30,2,0.46
L007930,2026-07-30,1,0.1
L007931,2026-07-30,1,0.1
L007932,2026-07-30,4,2.11
L007933,2026-07-30,3,1.12
L007934,2026-07-30,3,1.12
L007935,2026-07-30,1,0.1
L007936,2026-07-30,1,0.1
L007937,2026-07-30,1,0.1
L007938,2026-07-30,2,0.46
L007939,2026-07-30,3,1.12
L007940,2026-07-30,9,12.57
L007941,2026-07-30,3,1.12
L007942,2026-07-30,2,0.46
L007943,2026-07-30,3,1.12
L007944,2026-07-30,6,5.15
L007945,2026-07-30,9,12.57
L007946,2026-07-30,10,15.85
L007947,2026-07-30,10,15.85
L007948,2026-07-30,3,1.12
L007949,2026-07-30,3,1.12
L007950,2026-07-30,3,1.12
L007951,2026-07-30,5,3.45
L007952,2026-07-30,2,0.46
L007953,2026-07-30,3,1.12
L007954,2026-07-30,1,0.1
L007955,2026-07-30,1,0.1
L007956,2026-07-30,3,1.12
L007957,2026-07-30,2,0.46
L007958,2026-07-30,2,0.46
L007959,2026-07-30,1,0.1
L007960,2026-07-30,1,0.1
L007961,2026-07-30,3,1.12
L007962,2026-07-30,3,1.12
L007963,2026-07-30,1,0.1
L007964,2026-07-30,3,1.12
L007965,2026-07-30,10,15.85
L007966,2026-07-30,3,1.12
L007967,2026-07-30,3,1.12
L007968,2026-07-30,3,1.12
L007969,2026-07-30,2,0.46
L007970,2026-07-30,1,0.1
L007971,2026-07-30,3,1.12
L007972,2026-07-30,2,0.46
L007973,2026-07-30,2,0.46
L007974,2026-07-30,3,1.12
L007975,2026-07-30,3,1.12
L007976,2026-07-30,3,1.12
L007977,2026-07-30,1,0.1
L007978,2026-07-30,9,12.57
L007979,2026-07-30,3,1.12
L007980,2026-07-30,2,0.46
L007981,2026-07-30,1,0.1
L007982,2026-07-30,1,0.1
L007983,2026-07-30,1,0.1
L007984,2026-07-30,2,0.46
L007985,2026-07-30,2,0.46
L007986,2026-07-30,1,0.1
L007987,2026-07-30,8,9.7
L007988,2026-07-30,1,0.1
L007989,2026-07-30,2,0.46
L007990,2026-07-30,4,2.11
L007991,2026-07-30,4,2.11
L007992,2026-07-30,2,0.46
L007993,2026-07-30,1,0.1
L007994,2026-07-30,2,0.46
L007995,2026-07-30,2,0.46
L007996,2026-07-30,3,1.12
L007997,2026-07-30,10,15.85
L007998,2026-07-30,10,15.85
L007999,2026-07-30,4,2.11
L008000,2026-07-30,3,1.12
L008001,2026-07-30,2,0.46
L008002,2026-07-30,8,9.7
L008003,2026-07-30,2,0.46
L008004,2026-07-30,3,1.12
L008005,2026-07-30,2,0.46
L008006,2026-07-30,1,0.1
L008007,2026-07-30,2,0.46
L008008,2026-07-30,3,1.12
L008009,2026-07-30,3,1.12
L008010,2026-07-30,6,5.15
L008011,2026-07-30,2,0.46
L008012,2026-07-30,3,1.12
L008013,2026-07-30,3,1.12
L008014,2026-07-30,3,1.12
L008015,2026-07-30,3,1.12
L008016,2026-07-30,2,0.46
L008017,2026-07-30,6,5.15
L008018,2026-07-30,2,0.46
L008019,2026-07-30,1,0.1
L008020,2026-07-30,3,1.12
L008021,2026-07-30,1,0.1
L008022,2026-07-30,6,5.15
L008023,2026-07-30,4,2.11
L008024,2026-07-30,1,0.1
L008025,2026-07-30,3,1.12
L008026,2026-07-30,3,1.12
L008027,2026-07-30,3,1.12
L008028,2026-07-30,3,1.12
L008029,2026-07-30,3,1.12
L008030,2026-07-30,3,1.12
L008031,2026-07-30,4,2.11
L008032,2026-07-30,7,7.23
L008033,2026-07-30,1,0.1
L008034,2026-07-30,4,2.11
L008035,2026-07-30,5,3.45
L008036,2026-07-30,2,0.46
L008037,2026-07-30,2,0.46
L008038,2026-07-30,6,5.15
L008039,2026-07-30,2,0.46
L008040,2026-07-30,4,2.11
L008041,2026-07-30,10,15.85
L008042,2026-07-30,3,1.12
L008043,2026-07-30,2,0.46
L008044,2026-07-30,7,7.23
L008045,2026-07-30,3,1.12
L008046,2026-07-30,2,0.46
L008047,2026-07-30,10,15.85
L008048,2026-07-30,3,1.12
L008049,2026-07-30,2,0.46
L008050,2026-07-30,2,0.46
L008051,2026-07-30,6,5.15
L008052,2026-07-30,8,9.7
L008053,2026-07-30,10,15.85
L008054,2026-07-30,1,0.1
L008055,2026-07-30,4,2.11
L008056,2026-07-30,3,1.12
L008057,2026-07-30,3,1.12
L008058,2026-07-30,2,0.46
L008059,2026-07-30,10,15.85
L008060,2026-07-30,2,0.46
L008061,2026-07-30,2,0.46
L008062,2026-07-30,5,3.45
L008063,2026-07-30,2,0.46
L008064,2026-07-30,3,1.12
L008065,2026-07-30,1,0.1
L008066,2026-07-30,2,0.46
L008067,2026-07-30,2,0.46
L008068,2026-07-30,8,9.7
L008069,2026-07-30,8,9.7
L008070,2026-07-30,9,12.57
L008071,2026-07-30,8,9.7
L008072,2026-07-30,7,7.23
L008073,2026-07-30,1,0.1
L008074,2026-07-30,8,9.7
L008075,2026-07-30,1,0.1
L008076,2026-07-30,3,1.12
L008077,2026-07-30,2,0.46
L008078,2026-07-30,3,1.12
L008079,2026-07-30,4,2.11
L008080,2026-07-30,2,0.46
L008081,2026-07-30,2,0.46
L008082,2026-07-30,8,9.7
L008083,2026-07-30,1,0.1
L008084,2026-07-30,3,1.12
L008085,2026-07-30,1,0.1
L008086,2026-07-30,3,1.12
L008087,2026-07-30,6,5.15
L008088,2026-07-30,9,12.57
L008089,2026-07-30,1,0.1
L008090,2026-07-30,4,2.11
L008091,2026-07-30,2,0.46
L008092,2026-07-30,4,2.11
L008093,2026-07-30,3,1.12
L008094,2026-07-30,3,1.12
L008095,2026-07-30,8,9.7
L008096,2026-07-30,2,0.46
L008097,2026-07-30,3,1.12
L008098,2026-07-30,2,0.46
L008099,2026-07-30,3,1.12
L008100,2026-07-30,10,15.85
L008101,2026-07-30,1,0.1
L008102,2026-07-30,5,3.45
L008103,2026-07-30,1,0.1
L008104,2026-07-30,2,0.46
L008105,2026-07-30,8,9.7
L008106,2026-07-30,7,7.23
L008107,2026-07-30,5,3.45
L008108,2026-07-30,7,7.23
L008109,2026-07-30,2,0.46
L008110,2026-07-30,2,0.46
L008111,2026-07-30,3,1.12
L008112,2026-07-30,2,0.46
L008113,2026-07-30,2,0.46
L008114,2026-07-30,5,3.45
L008115,2026-07-30,3,1.12
L008116,2026-07-30,5,3.45
L008117,2026-07-30,9,12.57
L008118,2026-07-30,5,3.45
L008119,2026-07-30,1,0.1
L008120,2026-07-30,9,12.57
L008121,2026-07-30,3,1.12
L008122,2026-07-30,2,0.46
L008123,2026-07-30,7,7.23
L008124,2026-07-30,1,0.1
L008125,2026-07-30,1,0.1
L008126,2026-07-30,3,1.12
L008127,2026-07-30,10,15.85
L008128,2026-07-30,10,15.85
L008129,2026-07-30,2,0.46
L008130,2026-07-30,6,5.15
L008131,2026-07-30,2,0.46
L008132,2026-07-30,10,15.85
L008133,2026-07-30,10,15.85
L008134,2026-07-30,1,0.1
L008135,2026-07-30,2,0.46
L008136,2026-07-30,1,0.1
L008137,2026-07-30,10,15.85
L008138,2026-07-30,6,5.15
L008139,2026-07-30,1,0.1
L008140,2026-07-30,10,15.85
L008141,2026-07-30,3,1.12
L008142,2026-07-30,9,12.57
L008143,2026-07-30,8,9.7
L008144,2026-07-30,3,1.12
L008145,2026-07-30,9,12.57
L008146,2026-07-30,1,0.1
L008147,2026-07-30,1,0.1
L008148,2026-07-30,2,0.46
L008149,2026-07-30,7,7.23
L008150,2026-07-30,3,1.12
L008151,2026-07-30,1,0.1
L008152,2026-07-30,2,0.46
L008153,2026-07-30,3,1.12
L008154,2026-07-30,1,0.1
L008155,2026-07-30,1,0.1
L008156,2026-07-30,2,0.46
L008157,2026-07-30,1,0.1
L008158,2026-07-30,6,5.15
L008159,2026-07-30,2,0.46
L008160,2026-07-30,2,0.46
L008161,2026-07-30,1,0.1
L008162,2026-07-30,1,0.1
L008163,2026-07-30,9,12.57
L008164,2026-07-30,10,15.85
L008165,2026-07-30,3,1.12
L008166,2026-07-30,6,5.15
L008167,2026-07-30,3,1.12
L008168,2026-07-30,1,0.1
L008169,2026-07-30,10,15.85
L008170,2026-07-30,3,1.12
L008171,2026-07-30,1,0.1
L008172,2026-07-30,2,0.46
L008173,2026-07-30,2,0.46
L008174,2026-07-30,2,0.46
L008175,2026-07-30,4,2.11
L008176,2026-07-30,3,1.12
L008177,2026-07-30,3,1.12
L008178,2026-07-30,1,0.1
L008179,2026-07-30,3,1.12
L008180,2026-07-30,8,9.7
L008181,2026-07-30,3,1.12
L008182,2026-07-30,1,0.1
L008183,2026-07-30,2,0.46
L008184,2026-07-30,1,0.1
L008185,2026-07-30,1,0.1
L008186,2026-07-30,2,0.46
L008187,2026-07-30,1,0.1
L008188,2026-07-30,2,0.46
L008189,2026-07-30,5,3.45
L008190,2026-07-30,2,0.46
L008191,2026-07-30,3,1.12
L008192,2026-07-30,2,0.46
L008193,2026-07-30,1,0.1
L008194,2026-07-30,9,12.57
L008195,2026-07-30,2,0.46
L008196,2026-07-30,2,0.46
L008197,2026-07-30,5,3.45
L008198,2026-07-30,8,9.7
L008199,2026-07-30,2,0.46
L008200,2026-07-30,2,0.46
L008201,2026-07-30,2,0.46
L008202,2026-07-30,2,0.46
L008203,2026-07-30,6,5.15
L008204,2026-07-30,9,12.57
L008205,2026-07-30,2,0.46
L008206,2026-07-30,2,0.46
L008207,2026-07-30,8,9.7
L008208,2026-07-30,3,1.12
L008209,2026-07-30,3,1.12
L008210,2026-07-30,1,0.1
L008211,2026-07-30,4,2.11
L008212,2026-07-30,3,1.12
L008213,2026-07-30,5,3.45
L008214,2026-07-30,6,5.15
L008215,2026-07-30,4,2.11
L008216,2026-07-30,8,9.7
L008217,2026-07-30,6,5.15
L008218,2026-07-30,2,0.46
L008219,2026-07-30,1,0.1
L008220,2026-07-30,2,0.46
L008221,2026-07-30,1,0.1
L008222,2026-07-30,2,0.46
L008223,2026-07-30,1,0.1
L008224,2026-07-30,3,1.12
L008225,2026-07-30,1,0.1
L008226,2026-07-30,3,1.12
L008227,2026-07-30,10,15.85
L008228,2026-07-30,2,0.46
L008229,2026-07-30,1,0.1
L008230,2026-07-30,3,1.12
L008231,2026-07-30,5,3.45
L008232,2026-07-30,8,9.7
L008233,2026-07-30,7,7.23
L008234,2026-07-30,6,5.15
L008235,2026-07-30,9,12.57
L008236,2026-07-30,3,1.12
L008237,2026-07-30,4,2.11
L008238,2026-07-30,2,0.46
L008239,2026-07-30,3,1.12
L008240,2026-07-30,7,7.23
L008241,2026-07-30,3,1.12
L008242,2026-07-30,2,0.46
L008243,2026-07-30,3,1.12
L008244,2026-07-30,3,1.12
L008245,2026-07-30,3,1.12
L008246,2026-07-30,1,0.1
L008247,2026-07-30,3,1.12
L008248,2026-07-30,1,0.1
L008249,2026-07-30,4,2.11
L008250,2026-07-30,2,0.46
L008251,2026-07-30,1,0.1
L008252,2026-07-30,7,7.23
L008253,2026-07-30,10,15.85
L008254,2026-07-30,3,1.12
L008255,2026-07-30,5,3.45
L008256,2026-07-30,2,0.46
L008257,2026-07-30,5,3.45
L008258,2026-07-30,8,9.7
L008259,2026-07-30,3,1.12
L008260,2026-07-30,1,0.1
L008261,2026-07-30,2,0.46
L008262,2026-07-30,1,0.1
L008263,2026-07-30,2,0.46
L008264,2026-07-30,5,3.45
L008265,2026-07-30,3,1.12
L008266,2026-07-30,1,0.1
L008267,2026-07-30,2,0.46
L008268,2026-07-30,1,0.1
L008269,2026-07-30,9,12.57
L008270,2026-07-30,3,1.12
L008271,2026-07-30,2,0.46
L008272,2026-07-30,3,1.12
L008273,2026-07-30,2,0.46
L008274,2026-07-30,1,0.1
L008275,2026-07-30,6,5.15
L008276,2026-07-30,2,0.46
L008277,2026-07-30,1,0.1
L008278,2026-07-30,10,15.85
L008279,2026-07-30,3,1.12
L008280,2026-07-30,8,9.7
L008281,2026-07-30,3,1.12
L008282,2026-07-30,3,1.12
L008283,2026-07-30,8,9.7
L008284,2026-07-30,8,9.7
L008285,2026-07-30,2,0.46
L008286,2026-07-30,6,5.15
L008287,2026-07-30,1,0.1
L008288,2026-07-30,10,15.85
L008289,2026-07-30,4,2.11
L008290,2026-07-30,2,0.46
L008291,2026-07-30,8,9.7
L008292,2026-07-30,1,0.1
L008293,2026-07-30,1,0.1
L008294,2026-07-30,1,0.1
L008295,2026-07-30,7,7.23
L008296,2026-07-30,1,0.1
L008297,2026-07-30,3,1.12
L008298,2026-07-30,7,7.23
L008299,2026-07-30,3,1.12
L008300,2026-07-30,3,1.12
L008301,2026-07-30,8,9.7
L008302,2026-07-30,4,2.11
L008303,2026-07-30,1,0.1
L008304,2026-07-30,2,0.46
L008305,2026-07-30,6,5.15
L008306,2026-07-30,2,0.46
L008307,2026-07-30,7,7.23
L008308,2026-07-30,6,5.15
L008309,2026-07-30,1,0.1
L008310,2026-07-30,1,0.1
L008311,2026-07-30,1,0.1
L008312,2026-07-30,6,5.15
L008313,2026-07-30,9,12.57
L008314,2026-07-30,1,0.1
L008315,2026-07-30,2,0.46
L008316,2026-07-30,1,0.1
L008317,2026-07-30,4,2.11
L008318,2026-07-30,10,15.85
L008319,2026-07-30,10,15.85
L008320,2026-07-30,3,1.12
L008321,2026-07-30,5,3.45
L008322,2026-07-30,10,15.85
L008323,2026-07-30,8,9.7
L008324,2026-07-30,2,0.46
L008325,2026-07-30,10,15.85
L008326,2026-07-30,3,1.12
L008327,2026-07-30,9,12.57
L008328,2026-07-30,1,0.1
L008329,2026-07-30,5,3.45
L008330,2026-07-30,7,7.23
L008331,2026-07-30,1,0.1
L008332,2026-07-30,3,1.12
L008333,2026-07-30,1,0.1
L008334,2026-07-30,3,1.12
L008335,2026-07-30,3,1.12
L008336,2026-07-30,2,0.46
L008337,2026-07-30,3,1.12
L008338,2026-07-30,2,0.46
L008339,2026-07-30,3,1.12
L008340,2026-07-30,10,15.85
L008341,2026-07-30,7,7.23
L008342,2026-07-30,1,0.1
L008343,2026-07-30,3,1.12
L008344,2026-07-30,7,7.23
L008345,2026-07-30,7,7.23
L008346,2026-07-30,1,0.1
L008347,2026-07-30,9,12.57
L008348,2026-07-30,3,1.12
L008349,2026-07-30,2,0.46
L008350,2026-07-30,4,2.11
L008351,2026-07-30,1,0.1
L008352,2026-07-30,3,1.12
L008353,2026-07-30,3,1.12
L008354,2026-07-30,6,5.15
L008355,2026-07-30,4,2.11
L008356,2026-07-30,4,2.11
L008357,2026-07-30,5,3.45
L008358,2026-07-30,6,5.15
L008359,2026-07-30,1,0.1
L008360,2026-07-30,1,0.1
L008361,2026-07-30,7,7.23
L008362,2026-07-30,9,12.57
L008363,2026-07-30,5,3.45
L008364,2026-07-30,8,9.7
L008365,2026-07-30,1,0.1
L008366,2026-07-30,2,0.46
L008367,2026-07-30,2,0.46
L008368,2026-07-30,1,0.1
L008369,2026-07-30,1,0.1
L008370,2026-07-30,1,0.1
L008371,2026-07-30,8,9.7
L008372,2026-07-30,9,12.57
L008373,2026-07-30,1,0.1
L008374,2026-07-30,3,1.12
L008375,2026-07-30,2,0.46
L008376,2026-07-30,2,0.46
L008377,2026-07-30,1,0.1
L008378,2026-07-30,2,0.46
L008379,2026-07-30,3,1.12
L008380,2026-07-30,8,9.7
L008381,2026-07-30,1,0.1
L008382,2026-07-30,3,1.12
L008383,2026-07-30,10,15.85
L008384,2026-07-30,1,0.1
L008385,2026-07-30,3,1.12
L008386,2026-07-30,8,9.7
L008387,2026-07-30,6,5.15
L008388,2026-07-30,10,15.85
L008389,2026-07-30,1,0.1
L008390,2026-07-30,1,0.1
L008391,2026-07-30,5,3.45
L008392,2026-07-30,2,0.46
L008393,2026-07-30,1,0.1
L008394,2026-07-30,3,1.12
L008395,2026-07-30,8,9.7
L008396,2026-07-30,9,12.57
L008397,2026-07-30,2,0.46
L008398,2026-07-30,7,7.23
L008399,2026-07-30,1,0.1
L008400,2026-07-30,3,1.12
L008401,2026-07-30,1,0.1
L008402,2026-07-30,1,0.1
L008403,2026-07-30,1,0.1
L008404,2026-07-30,9,12.57
L008405,2026-07-30,1,0.1
L008406,2026-07-30,9,12.57
L008407,2026-07-30,1,0.1
L008408,2026-07-30,2,0.46
L008409,2026-07-30,2,0.46
L008410,2026-07-30,2,0.46
L008411,2026-07-30,6,5.15
L008412,2026-07-30,2,0.46
L008413,2026-07-30,4,2.11
L008414,2026-07-30,1,0.1
L008415,2026-07-30,5,3.45
L008416,2026-07-30,4,2.11
L008417,2026-07-30,2,0.46
L008418,2026-07-30,10,15.85
L008419,2026-07-30,8,9.7
L008420,2026-07-30,1,0.1
L008421,2026-07-30,8,9.7
L008422,2026-07-30,3,1.12
L008423,2026-07-30,3,1.12
L008424,2026-07-30,3,1.12
L008425,2026-07-30,9,12.57
L008426,2026-07-30,1,0.1
L008427,2026-07-30,3,1.12
L008428,2026-07-30,3,1.12
L008429,2026-07-30,9,12.57
L008430,2026-07-30,2,0.46
L008431,2026-07-30,1,0.1
L008432,2026-07-30,2,0.46
L008433,2026-07-30,7,7.23
L008434,2026-07-30,2,0.46
L008435,2026-07-30,5,3.45
L008436,2026-07-30,3,1.12
L008437,2026-07-30,2,0.46
L008438,2026-07-30,1,0.1
L008439,2026-07-30,3,1.12
L008440,2026-07-30,2,0.46
L008441,2026-07-30,3,1.12
L008442,2026-07-30,3,1.12
L008443,2026-07-30,3,1.12
L008444,2026-07-30,8,9.7
L008445,2026-07-30,1,0.1
L008446,2026-07-30,2,0.46
L008447,2026-07-30,4,2.11
L008448,2026-07-30,2,0.46
L008449,2026-07-30,1,0.1
L008450,2026-07-30,3,1.12
L008451,2026-07-30,3,1.12
L008452,2026-07-30,3,1.12
L008453,2026-07-30,6,5.15
L008454,2026-07-30,5,3.45
L008455,2026-07-30,2,0.46
L008456,2026-07-30,3,1.12
L008457,2026-07-30,1,0.1
L008458,2026-07-30,1,0.1
L008459,2026-07-30,1,0.1
L008460,2026-07-30,2,0.46
L008461,2026-07-30,2,0.46
L008462,2026-07-30,2,0.46
L008463,2026-07-30,6,5.15
L008464,2026-07-30,3,1.12
L008465,2026-07-30,3,1.12
L008466,2026-07-30,5,3.45
L008467,2026-07-30,2,0.46
L008468,2026-07-30,10,15.85
L008469,2026-07-30,8,9.7
L008470,2026-07-30,7,7.23
L008471,2026-07-30,1,0.1
L008472,2026-07-30,4,2.11
L008473,2026-07-30,2,0.46
L008474,2026-07-30,5,3.45
L008475,2026-07-30,7,7.23
L008476,2026-07-30,1,0.1
L008477,2026-07-30,1,0.1
L008478,2026-07-30,4,2.11
L008479,2026-07-30,1,0.1
L008480,2026-07-30,10,15.85
L008481,2026-07-30,2,0.46
L008482,2026-07-30,2,0.46
L008483,2026-07-30,2,0.46
L008484,2026-07-30,1,0.1
L008485,2026-07-30,1,0.1
L008486,2026-07-30,3,1.12
L008487,2026-07-30,2,0.46
L008488,2026-07-30,3,1.12
L008489,2026-07-30,3,1.12
L008490,2026-07-30,8,9.7
L008491,2026-07-30,6,5.15
L008492,2026-07-30,8,9.7
L008493,2026-07-30,3,1.12
L008494,2026-07-30,1,0.1
L008495,2026-07-30,2,0.46
L008496,2026-07-30,1,0.1
L008497,2026-07-30,9,12.57
L008498,2026-07-30,2,0.46
L008499,2026-07-30,3,1.12
L008500,2026-07-30,1,0.1
L008501,2026-07-30,3,1.12
L008502,2026-07-30,7,7.23
L008503,2026-07-30,3,1.12
L008504,2026-07-30,2,0.46
L008505,2026-07-30,2,0.46
L008506,2026-07-30,2,0.46
L008507,2026-07-30,3,1.12
L008508,2026-07-30,5,3.45
L008509,2026-07-30,6,5.15
L008510,2026-07-30,9,12.57
L008511,2026-07-30,3,1.12
L008512,2026-07-30,3,1.12
L008513,2026-07-30,2,0.46
L008514,2026-07-30,1,0.1
L008515,2026-07-30,10,15.85
L008516,2026-07-30,2,0.46
L008517,2026-07-30,7,7.23
L008518,2026-07-30,6,5.15
L008519,2026-07-30,9,12.57
L008520,2026-07-30,1,0.1
L008521,2026-07-30,2,0.46
L008522,2026-07-30,1,0.1
L008523,2026-07-30,2,0.46
L008524,2026-07-30,3,1.12
L008525,2026-07-30,1,0.1
L008526,2026-07-30,4,2.11
L008527,2026-07-30,10,15.85
L008528,2026-07-30,2,0.46
L008529,2026-07-30,3,1.12
L008530,2026-07-30,2,0.46
L008531,2026-07-30,2,0.46
L008532,2026-07-30,4,2.11
L008533,2026-07-30,3,1.12
L008534,2026-07-30,3,1.12
L008535,2026-07-30,3,1.12
L008536,2026-07-30,10,15.85
L008537,2026-07-30,1,0.1
L008538,2026-07-30,3,1.12
L008539,2026-07-30,5,3.45
L008540,2026-07-30,1,0.1
L008541,2026-07-30,3,1.12
L008542,2026-07-30,2,0.46
L008543,2026-07-30,9,12.57
L008544,2026-07-30,2,0.46
L008545,2026-07-30,2,0.46
L008546,2026-07-30,8,9.7
L008547,2026-07-30,8,9.7
L008548,2026-07-30,3,1.12
L008549,2026-07-30,2,0.46
L008550,2026-07-30,8,9.7
L008551,2026-07-30,7,7.23
L008552,2026-07-30,1,0.1
L008553,2026-07-30,8,9.7
L008554,2026-07-30,6,5.15
L008555,2026-07-30,10,15.85
L008556,2026-07-30,1,0.1
L008557,2026-07-30,3,1.12
L008558,2026-07-30,9,12.57
L008559,2026-07-30,5,3.45
L008560,2026-07-30,1,0.1
L008561,2026-07-30,1,0.1
L008562,2026-07-30,4,2.11
L008563,2026-07-30,1,0.1
L008564,2026-07-30,4,2.11
L008565,2026-07-30,9,12.57
L008566,2026-07-30,2,0.46
L008567,2026-07-30,3,1.12
L008568,2026-07-30,2,0.46
L008569,2026-07-30,1,0.1
L008570,2026-07-30,2,0.46
L008571,2026-07-30,5,3.45
L008572,2026-07-30,3,1.12
L008573,2026-07-30,1,0.1
L008574,2026-07-30,1,0.1
L008575,2026-07-30,8,9.7
L008576,2026-07-30,2,0.46
L008577,2026-07-30,4,2.11
L008578,2026-07-30,2,0.46
L008579,2026-07-30,3,1.12
L008580,2026-07-30,3,1.12
L008581,2026-07-30,2,0.46
L008582,2026-07-30,2,0.46
L008583,2026-07-30,5,3.45
L008584,2026-07-30,3,1.12
L008585,2026-07-30,3,1.12
L008586,2026-07-30,4,2.11
L008587,2026-07-30,2,0.46
L008588,2026-07-30,7,7.23
L008589,2026-07-30,10,15.85
L008590,2026-07-30,5,3.45
L008591,2026-07-30,3,1.12
L008592,2026-07-30,10,15.85
L008593,2026-07-30,2,0.46
L008594,2026-07-30,1,0.1
L008595,2026-07-30,3,1.12
L008596,2026-07-30,2,0.46
L008597,2026-07-30,1,0.1
L008598,2026-07-30,10,15.85
L008599,2026-07-30,2,0.46
L008600,2026-07-30,8,9.7
L008601,2026-07-30,3,1.12
L008602,2026-07-30,2,0.46
L008603,2026-07-30,2,0.46
L008604,2026-07-30,8,9.7
L008605,2026-07-30,10,15.85
L008606,2026-07-30,1,0.1
L008607,2026-07-30,1,0.1
L008608,2026-07-30,3,1.12
L008609,2026-07-30,9,12.57
L008610,2026-07-30,3,1.12
L008611,2026-07-30,1,0.1
L008612,2026-07-30,3,1.12
L008613,2026-07-30,3,1.12
L008614,2026-07-30,3,1.12
L008615,2026-07-30,9,12.57
L008616,2026-07-30,10,15.85
L008617,2026-07-30,1,0.1
L008618,2026-07-30,3,1.12
L008619,2026-07-30,1,0.1
L008620,2026-07-30,5,3.45
L008621,2026-07-30,2,0.46
L008622,2026-07-30,10,15.85
L008623,2026-07-30,1,0.1
L008624,2026-07-30,5,3.45
L008625,2026-07-30,2,0.46
L008626,2026-07-30,9,12.57
L008627,2026-07-30,2,0.46
L008628,2026-07-30,2,0.46
L008629,2026-07-30,5,3.45
L008630,2026-07-30,5,3.45
L008631,2026-07-30,2,0.46
L008632,2026-07-30,6,5.15
L008633,2026-07-30,1,0.1
L008634,2026-07-30,7,7.23
L008635,2026-07-30,2,0.46
L008636,2026-07-30,3,1.12
L008637,2026-07-30,1,0.1
L008638,2026-07-30,10,15.85
L008639,2026-07-30,2,0.46
L008640,2026-07-30,2,0.46
L008641,2026-07-30,2,0.46
L008642,2026-07-30,1,0.1
L008643,2026-07-30,1,0.1
L008644,2026-07-30,2,0.46
L008645,2026-07-30,2,0.46
L008646,2026-07-30,1,0.1
L008647,2026-07-30,2,0.46
L008648,2026-07-30,1,0.1
L008649,2026-07-30,1,0.1
L008650,2026-07-30,2,0.46
L008651,2026-07-30,10,15.85
L008652,2026-07-30,3,1.12
L008653,2026-07-30,2,0.46
L008654,2026-07-30,1,0.1
L008655,2026-07-30,9,12.57
L008656,2026-07-30,10,15.85
L008657,2026-07-30,2,0.46
L008658,2026-07-30,2,0.46
L008659,2026-07-30,4,2.11
L008660,2026-07-30,2,0.46
L008661,2026-07-30,2,0.46
L008662,2026-07-30,2,0.46
L008663,2026-07-30,3,1.12
L008664,2026-07-30,3,1.12
L008665,2026-07-30,4,2.11
L008666,2026-07-30,2,0.46
L008667,2026-07-30,3,1.12
L008668,2026-07-30,2,0.46
L008669,2026-07-30,2,0.46
L008670,2026-07-30,1,0.1
L008671,2026-07-30,3,1.12
L008672,2026-07-30,2,0.46
L008673,2026-07-30,9,12.57
L008674,2026-07-30,3,1.12
L008675,2026-07-30,3,1.12
L008676,2026-07-30,10,15.85
L008677,2026-07-30,3,1.12
L008678,2026-07-30,7,7.23
L008679,2026-07-30,3,1.12
L008680,2026-07-30,1,0.1
L008681,2026-07-30,8,9.7
L008682,2026-07-30,9,12.57
L008683,2026-07-30,1,0.1
L008684,2026-07-30,3,1.12
L008685,2026-07-30,3,1.12
L008686,2026-07-30,3,1.12
L008687,2026-07-30,5,3.45
L008688,2026-07-30,7,7.23
L008689,2026-07-30,3,1.12
L008690,2026-07-30,8,9.7
L008691,2026-07-30,2,0.46
L008692,2026-07-30,10,15.85
L008693,2026-07-30,3,1.12
L008694,2026-07-30,5,3.45
L008695,2026-07-30,3,1.12
L008696,2026-07-30,3,1.12
L008697,2026-07-30,3,1.12
L008698,2026-07-30,9,12.57
L008699,2026-07-30,3,1.12
L008700,2026-07-30,1,0.1
L008701,2026-07-30,1,0.1
L008702,2026-07-30,2,0.46
L008703,2026-07-30,2,0.46
L008704,2026-07-30,3,1.12
L008705,2026-07-30,1,0.1
L008706,2026-07-30,2,0.46
L008707,2026-07-30,1,0.1
L008708,2026-07-30,2,0.46
L008709,2026-07-30,2,0.46
L008710,2026-07-30,2,0.46
L008711,2026-07-30,3,1.12
L008712,2026-07-30,3,1.12
L008713,2026-07-30,3,1.12
L008714,2026-07-30,3,1.12
L008715,2026-07-30,4,2.11
L008716,2026-07-30,3,1.12
L008717,2026-07-30,1,0.1
L008718,2026-07-30,2,0.46
L008719,2026-07-30,3,1.12
L008720,2026-07-30,9,12.57
L008721,2026-07-30,2,0.46
L008722,2026-07-30,3,1.12
L008723,2026-07-30,5,3.45
L008724,2026-07-30,7,7.23
L008725,2026-07-30,1,0.1
L008726,2026-07-30,1,0.1
L008727,2026-07-30,3,1.12
L008728,2026-07-30,4,2.11
L008729,2026-07-30,3,1.12
L008730,2026-07-30,2,0.46
L008731,2026-07-30,1,0.1
L008732,2026-07-30,2,0.46
L008733,2026-07-30,6,5.15
L008734,2026-07-30,2,0.46
L008735,2026-07-30,2,0.46
L008736,2026-07-30,3,1.12
L008737,2026-07-30,5,3.45
L008738,2026-07-30,4,2.11
L008739,2026-07-30,10,15.85
L008740,2026-07-30,2,0.46
L008741,2026-07-30,4,2.11
L008742,2026-07-30,6,5.15
L008743,2026-07-30,1,0.1
L008744,2026-07-30,3,1.12
L008745,2026-07-30,2,0.46
L008746,2026-07-30,1,0.1
L008747,2026-07-30,1,0.1
L008748,2026-07-30,2,0.46
L008749,2026-07-30,1,0.1
L008750,2026-07-30,5,3.45
L008751,2026-07-30,6,5.15
L008752,2026-07-30,7,7.23
L008753,2026-07-30,5,3.45
L008754,2026-07-30,1,0.1
L008755,2026-07-30,1,0.1
L008756,2026-07-30,3,1.12
L008757,2026-07-30,2,0.46
L008758,2026-07-30,3,1.12
L008759,2026-07-30,3,1.12
L008760,2026-07-30,3,1.12
L008761,2026-07-30,2,0.46
L008762,2026-07-30,8,9.7
L008763,2026-07-30,9,12.57
L008764,2026-07-30,3,1.12
L008765,2026-07-30,7,7.23
L008766,2026-07-30,1,0.1
L008767,2026-07-30,3,1.12
L008768,2026-07-30,2,0.46
L008769,2026-07-30,3,1.12
L008770,2026-07-30,8,9.7
L008771,2026-07-30,10,15.85
L008772,2026-07-30,10,15.85
L008773,2026-07-30,2,0.46
L008774,2026-07-30,6,5.15
L008775,2026-07-30,10,15.85
L008776,2026-07-30,3,1.12
L008777,2026-07-30,3,1.12
L008778,2026-07-30,4,2.11
L008779,2026-07-30,1,0.1
L008780,2026-07-30,2,0.46
L008781,2026-07-30,3,1.12
L008782,2026-07-30,9,12.57
L008783,2026-07-30,2,0.46
L008784,2026-07-30,1,0.1
L008785,2026-07-30,5,3.45
L008786,2026-07-30,5,3.45
L008787,2026-07-30,2,0.46
L008788,2026-07-30,10,15.85
L008789,2026-07-30,2,0.46
L008790,2026-07-30,3,1.12
L008791,2026-07-30,3,1.12
L008792,2026-07-30,3,1.12
L008793,2026-07-30,8,9.7
L008794,2026-07-30,1,0.1
L008795,2026-07-30,1,0.1
L008796,2026-07-30,3,1.12
L008797,2026-07-30,7,7.23
L008798,2026-07-30,2,0.46
L008799,2026-07-30,2,0.46
L008800,2026-07-30,3,1.12
L008801,2026-07-30,1,0.1
L008802,2026-07-30,1,0.1
L008803,2026-07-30,2,0.46
L008804,2026-07-30,2,0.46
L008805,2026-07-30,3,1.12
L008806,2026-07-30,5,3.45
L008807,2026-07-30,3,1.12
L008808,2026-07-30,3,1.12
L008809,2026-07-30,2,0.46
L008810,2026-07-30,1,0.1
L008811,2026-07-30,9,12.57
L008812,2026-07-30,3,1.12
L008813,2026-07-30,1,0.1
L008814,2026-07-30,2,0.46
L008815,2026-07-30,10,15.85
L008816,2026-07-30,1,0.1
L008817,2026-07-30,5,3.45
L008818,2026-07-30,8,9.7
L008819,2026-07-30,1,0.1
L008820,2026-07-30,3,1.12
L008821,2026-07-30,2,0.46
L008822,2026-07-30,3,1.12
L008823,2026-07-30,5,3.45
L008824,2026-07-30,1,0.1
L008825,2026-07-30,3,1.12
L008826,2026-07-30,1,0.1
L008827,2026-07-30,2,0.46
L008828,2026-07-30,1,0.1
L008829,2026-07-30,3,1.12
L008830,2026-07-30,6,5.15
L008831,2026-07-30,7,7.23
L008832,2026-07-30,2,0.46
L008833,2026-07-30,2,0.46
L008834,2026-07-30,1,0.1
L008835,2026-07-30,2,0.46
L008836,2026-07-30,8,9.7
L008837,2026-07-30,1,0.1
L008838,2026-07-30,3,1.12
L008839,2026-07-30,2,0.46
L008840,2026-07-30,6,5.15
L008841,2026-07-30,3,1.12
L008842,2026-07-30,3,1.12
L008843,2026-07-30,3,1.12
L008844,2026-07-30,1,0.1
L008845,2026-07-30,3,1.12
L008846,2026-07-30,3,1.12
L008847,2026-07-30,1,0.1
L008848,2026-07-30,2,0.46
L008849,2026-07-30,3,1.12
L008850,2026-07-30,1,0.1
L008851,2026-07-30,10,15.85
L008852,2026-07-30,1,0.1
L008853,2026-07-30,8,9.7
L008854,2026-07-30,3,1.12
L008855,2026-07-30,3,1.12
L008856,2026-07-30,5,3.45
L008857,2026-07-30,1,0.1
L008858,2026-07-30,2,0.46
L008859,2026-07-30,2,0.46
L008860,2026-07-30,1,0.1
L008861,2026-07-30,3,1.12
L008862,2026-07-30,6,5.15
L008863,2026-07-30,2,0.46
L008864,2026-07-30,4,2.11
L008865,2026-07-30,1,0.1
L008866,2026-07-30,8,9.7
L008867,2026-07-30,4,2.11
L008868,2026-07-30,9,12.57
L008869,2026-07-30,6,5.15
L008870,2026-07-30,2,0.46
L008871,2026-07-30,9,12.57
L008872,2026-07-30,1,0.1
L008873,2026-07-30,3,1.12
L008874,2026-07-30,5,3.45
L008875,2026-07-30,2,0.46
L008876,2026-07-30,1,0.1
L008877,2026-07-30,7,7.23
L008878,2026-07-30,3,1.12
L008879,2026-07-30,6,5.15
L008880,2026-07-30,7,7.23
L008881,2026-07-30,2,0.46
L008882,2026-07-30,4,2.11
L008883,2026-07-30,8,9.7
L008884,2026-07-30,5,3.45
L008885,2026-07-30,1,0.1
L008886,2026-07-30,6,5.15
L008887,2026-07-30,5,3.45
L008888,2026-07-30,2,0.46
L008889,2026-07-30,9,12.57
L008890,2026-07-30,4,2.11
L008891,2026-07-30,1,0.1
L008892,2026-07-30,5,3.45
L008893,2026-07-30,5,3.45
L008894,2026-07-30,3,1.12
L008895,2026-07-30,2,0.46
L008896,2026-07-30,3,1.12
L008897,2026-07-30,2,0.46
L008898,2026-07-30,8,9.7
L008899,2026-07-30,1,0.1
L008900,2026-07-30,9,12.57
L008901,2026-07-30,2,0.46
L008902,2026-07-30,2,0.46
L008903,2026-07-30,2,0.46
L008904,2026-07-30,8,9.7
L008905,2026-07-30,3,1.12
L008906,2026-07-30,3,1.12
L008907,2026-07-30,5,3.45
L008908,2026-07-30,1,0.1
L008909,2026-07-30,3,1.12
L008910,2026-07-30,9,12.57
L008911,2026-07-30,10,15.85
L008912,2026-07-30,2,0.46
L008913,2026-07-30,3,1.12
L008914,2026-07-30,3,1.12
L008915,2026-07-30,1,0.1
L008916,2026-07-30,1,0.1
L008917,2026-07-30,2,0.46
L008918,2026-07-30,1,0.1
L008919,2026-07-30,7,7.23
L008920,2026-07-30,3,1.12
L008921,2026-07-30,10,15.85
L008922,2026-07-30,3,1.12
L008923,2026-07-30,1,0.1
L008924,2026-07-30,2,0.46
L008925,2026-07-30,2,0.46
L008926,2026-07-30,2,0.46
L008927,2026-07-30,9,12.57
L008928,2026-07-30,3,1.12
L008929,2026-07-30,5,3.45
L008930,2026-07-30,1,0.1
L008931,2026-07-30,8,9.7
L008932,2026-07-30,4,2.11
L008933,2026-07-30,2,0.46
L008934,2026-07-30,1,0.1
L008935,2026-07-30,3,1.12
L008936,2026-07-30,3,1.12
L008937,2026-07-30,2,0.46
L008938,2026-07-30,2,0.46
L008939,2026-07-30,2,0.46
L008940,2026-07-30,2,0.46
L008941,2026-07-30,6,5.15
L008942,2026-07-30,4,2.11
L008943,2026-07-30,2,0.46
L008944,2026-07-30,1,0.1
L008945,2026-07-30,3,1.12
L008946,2026-07-30,2,0.46
L008947,2026-07-30,3,1.12
L008948,2026-07-30,2,0.46
L008949,2026-07-30,2,0.46
L008950,2026-07-30,1,0.1
L008951,2026-07-30,1,0.1
L008952,2026-07-30,1,0.1
L008953,2026-07-30,3,1.12
L008954,2026-07-30,3,1.12
L008955,2026-07-30,1,0.1
L008956,2026-07-30,1,0.1
L008957,2026-07-30,1,0.1
L008958,2026-07-30,6,5.15
L008959,2026-07-30,10,15.85
L008960,2026-07-30,9,12.57
L008961,2026-07-30,2,0.46
L008962,2026-07-30,5,3.45
L008963,2026-07-30,2,0.46
L008964,2026-07-30,1,0.1
L008965,2026-07-30,3,1.12
L008966,2026-07-30,1,0.1
L008967,2026-07-30,8,9.7
L008968,2026-07-30,2,0.46
L008969,2026-07-30,2,0.46
L008970,2026-07-30,6,5.15
L008971,2026-07-30,3,1.12
L008972,2026-07-30,6,5.15
L008973,2026-07-30,10,15.85
L008974,2026-07-30,8,9.7
L008975,2026-07-30,2,0.46
L008976,2026-07-30,5,3.45
L008977,2026-07-30,2,0.46
L008978,2026-07-30,2,0.46
L008979,2026-07-30,2,0.46
L008980,2026-07-30,8,9.7
L008981,2026-07-30,2,0.46
L008982,2026-07-30,2,0.46
L008983,2026-07-30,3,1.12
L008984,2026-07-30,2,0.46
L008985,2026-07-30,3,1.12
L008986,2026-07-30,5,3.45
L008987,2026-07-30,4,2.11
L008988,2026-07-30,6,5.15
L008989,2026-07-30,7,7.23
L008990,2026-07-30,3,1.12
L008991,2026-07-30,2,0.46
L008992,2026-07-30,8,9.7
L008993,2026-07-30,2,0.46
L008994,2026-07-30,10,15.85
L008995,2026-07-30,5,3.45
L008996,2026-07-30,5,3.45
L008997,2026-07-30,10,15.85
L008998,2026-07-30,2,0.46
L008999,2026-07-30,2,0.46
L009000,2026-07-30,2,0.46
L009001,2026-07-30,1,0.1
L009002,2026-07-30,2,0.46
L009003,2026-07-30,4,2.11
L009004,2026-07-30,3,1.12
L009005,2026-07-30,1,0.1
L009006,2026-07-30,3,1.12
L009007,2026-07-30,9,12.57
L009008,2026-07-30,3,1.12
L009009,2026-07-30,3,1.12
L009010,2026-07-30,2,0.46
L009011,2026-07-30,3,1.12
L009012,2026-07-30,3,1.12
L009013,2026-07-30,9,12.57
L009014,2026-07-30,2,0.46
L009015,2026-07-30,3,1.12
L009016,2026-07-30,1,0.1
L009017,2026-07-30,9,12.57
L009018,2026-07-30,2,0.46
L009019,2026-07-30,10,15.85
L009020,2026-07-30,1,0.1
L009021,2026-07-30,3,1.12
L009022,2026-07-30,3,1.12
L009023,2026-07-30,2,0.46
L009024,2026-07-30,1,0.1
L009025,2026-07-30,3,1.12
L009026,2026-07-30,2,0.46
L009027,2026-07-30,2,0.46
L009028,2026-07-30,8,9.7
L009029,2026-07-30,1,0.1
L009030,2026-07-30,1,0.1
L009031,2026-07-30,5,3.45
L009032,2026-07-30,2,0.46
L009033,2026-07-30,1,0.1
L009034,2026-07-30,3,1.12
L009035,2026-07-30,3,1.12
L009036,2026-07-30,3,1.12
L009037,2026-07-30,2,0.46
L009038,2026-07-30,1,0.1
L009039,2026-07-30,2,0.46
L009040,2026-07-30,1,0.1
L009041,2026-07-30,3,1.12
L009042,2026-07-30,3,1.12
L009043,2026-07-30,3,1.12
L009044,2026-07-30,3,1.12
L009045,2026-07-30,7,7.23
L009046,2026-07-30,3,1.12
L009047,2026-07-30,1,0.1
L009048,2026-07-30,1,0.1
L009049,2026-07-30,2,0.46
L009050,2026-07-30,7,7.23
L009051,2026-07-30,6,5.15
L009052,2026-07-30,1,0.1
L009053,2026-07-30,3,1.12
L009054,2026-07-30,3,1.12
L009055,2026-07-30,2,0.46
L009056,2026-07-30,1,0.1
L009057,2026-07-30,3,1.12
L009058,2026-07-30,10,15.85
L009059,2026-07-30,5,3.45
L009060,2026-07-30,3,1.12
L009061,2026-07-30,3,1.12
L009062,2026-07-30,2,0.46
L009063,2026-07-30,1,0.1
L009064,2026-07-30,2,0.46
L009065,2026-07-30,1,0.1
L009066,2026-07-30,3,1.12
L009067,2026-07-30,2,0.46
L009068,2026-07-30,7,7.23
L009069,2026-07-30,2,0.46
L009070,2026-07-30,7,7.23
L009071,2026-07-30,1,0.1
L009072,2026-07-30,2,0.46
L009073,2026-07-30,6,5.15
L009074,2026-07-30,4,2.11
L009075,2026-07-30,1,0.1
L009076,2026-07-30,2,0.46
L009077,2026-07-30,2,0.46
L009078,2026-07-30,3,1.12
L009079,2026-07-30,4,2.11
L009080,2026-07-30,1,0.1
L009081,2026-07-30,2,0.46
L009082,2026-07-30,10,15.85
L009083,2026-07-30,8,9.7
L009084,2026-07-30,3,1.12
L009085,2026-07-30,1,0.1
L009086,2026-07-30,1,0.1
L009087,2026-07-30,6,5.15
L009088,2026-07-30,2,0.46
L009089,2026-07-30,7,7.23
L009090,2026-07-30,2,0.46
L009091,2026-07-30,3,1.12
L009092,2026-07-30,4,2.11
L009093,2026-07-30,1,0.1
L009094,2026-07-30,2,0.46
L009095,2026-07-30,6,5.15
L009096,2026-07-30,2,0.46
L009097,2026-07-30,10,15.85
L009098,2026-07-30,4,2.11
L009099,2026-07-30,1,0.1
L009100,2026-07-30,1,0.1
L009101,2026-07-30,1,0.1
L009102,2026-07-30,1,0.1
L009103,2026-07-30,1,0.1
L009104,2026-07-30,2,0.46
L009105,2026-07-30,1,0.1
L009106,2026-07-30,2,0.46
L009107,2026-07-30,7,7.23
L009108,2026-07-30,5,3.45
L009109,2026-07-30,3,1.12
L009110,2026-07-30,2,0.46
L009111,2026-07-30,6,5.15
L009112,2026-07-30,1,0.1
L009113,2026-07-30,8,9.7
L009114,2026-07-30,10,15.85
L009115,2026-07-30,3,1.12
L009116,2026-07-30,1,0.1
L009117,2026-07-30,2,0.46
L009118,2026-07-30,3,1.12
L009119,2026-07-30,8,9.7
L009120,2026-07-30,1,0.1
L009121,2026-07-30,1,0.1
L009122,2026-07-30,1,0.1
L009123,2026-07-30,10,15.85
L009124,2026-07-30,2,0.46
L009125,2026-07-30,2,0.46
L009126,2026-07-30,4,2.11
L009127,2026-07-30,10,15.85
L009128,2026-07-30,9,12.57
L009129,2026-07-30,2,0.46
L009130,2026-07-30,1,0.1
L009131,2026-07-30,2,0.46
L009132,2026-07-30,6,5.15
L009133,2026-07-30,8,9.7
L009134,2026-07-30,1,0.1
L009135,2026-07-30,6,5.15
L009136,2026-07-30,2,0.46
L009137,2026-07-30,2,0.46
L009138,2026-07-30,2,0.46
L009139,2026-07-30,1,0.1
L009140,2026-07-30,5,3.45
L009141,2026-07-30,5,3.45
L009142,2026-07-30,3,1.12
L009143,2026-07-30,4,2.11
L009144,2026-07-30,2,0.46
L009145,2026-07-30,1,0.1
L009146,2026-07-30,2,0.46
L009147,2026-07-30,6,5.15
L009148,2026-07-30,5,3.45
L009149,2026-07-30,3,1.12
L009150,2026-07-30,3,1.12
L009151,2026-07-30,1,0.1
L009152,2026-07-30,7,7.23
L009153,2026-07-30,5,3.45
L009154,2026-07-30,2,0.46
L009155,2026-07-30,1,0.1
L009156,2026-07-30,1,0.1
L009157,2026-07-30,3,1.12
L009158,2026-07-30,2,0.46
L009159,2026-07-30,1,0.1
L009160,2026-07-30,3,1.12
L009161,2026-07-30,5,3.45
L009162,2026-07-30,1,0.1
L009163,2026-07-30,5,3.45
L009164,2026-07-30,1,0.1
L009165,2026-07-30,2,0.46
L009166,2026-07-30,2,0.46
L009167,2026-07-30,5,3.45
L009168,2026-07-30,2,0.46
L009169,2026-07-30,2,0.46
L009170,2026-07-30,5,3.45
L009171,2026-07-30,9,12.57
L009172,2026-07-30,3,1.12
L009173,2026-07-30,6,5.15
L009174,2026-07-30,3,1.12
L009175,2026-07-30,3,1.12
L009176,2026-07-30,2,0.46
L009177,2026-07-30,7,7.23
L009178,2026-07-30,2,0.46
L009179,2026-07-30,2,0.46
L009180,2026-07-30,1,0.1
L009181,2026-07-30,2,0.46
L009182,2026-07-30,8,9.7
L009183,2026-07-30,2,0.46
L009184,2026-07-30,4,2.11
L009185,2026-07-30,2,0.46
L009186,2026-07-30,10,15.85
L009187,2026-07-30,2,0.46
L009188,2026-07-30,10,15.85
L009189,2026-07-30,5,3.45
L009190,2026-07-30,2,0.46
L009191,2026-07-30,5,3.45
L009192,2026-07-30,2,0.46
L009193,2026-07-30,2,0.46
L009194,2026-07-30,3,1.12
L009195,2026-07-30,5,3.45
L009196,2026-07-30,9,12.57
L009197,2026-07-30,3,1.12
L009198,2026-07-30,9,12.57
L009199,2026-07-30,1,0.1
L009200,2026-07-30,4,2.11
L009201,2026-07-30,3,1.12
L009202,2026-07-30,1,0.1
L009203,2026-07-30,2,0.46
L009204,2026-07-30,3,1.12
L009205,2026-07-30,3,1.12
L009206,2026-07-30,2,0.46
L009207,2026-07-30,1,0.1
L009208,2026-07-30,1,0.1
L009209,2026-07-30,3,1.12
L009210,2026-07-30,1,0.1
L009211,2026-07-30,3,1.12
L009212,2026-07-30,2,0.46
L009213,2026-07-30,8,9.7
L009214,2026-07-30,10,15.85
L009215,2026-07-30,9,12.57
L009216,2026-07-30,5,3.45
L009217,2026-07-30,8,9.7
L009218,2026-07-30,1,0.1
L009219,2026-07-30,1,0.1
L009220,2026-07-30,3,1.12
L009221,2026-07-30,8,9.7
L009222,2026-07-30,5,3.45
L009223,2026-07-30,3,1.12
L009224,2026-07-30,3,1.12
L009225,2026-07-30,7,7.23
L009226,2026-07-30,8,9.7
L009227,2026-07-30,2,0.46
L009228,2026-07-30,6,5.15
L009229,2026-07-30,3,1.12
L009230,2026-07-30,9,12.57
L009231,2026-07-30,2,0.46
L009232,2026-07-30,3,1.12
L009233,2026-07-30,1,0.1
L009234,2026-07-30,1,0.1
L009235,2026-07-30,1,0.1
L009236,2026-07-30,7,7.23
L009237,2026-07-30,3,1.12
L009238,2026-07-30,2,0.46
L009239,2026-07-30,2,0.46
L009240,2026-07-30,3,1.12
L009241,2026-07-30,1,0.1
L009242,2026-07-30,6,5.15
L009243,2026-07-30,1,0.1
L009244,2026-07-30,3,1.12
L009245,2026-07-30,7,7.23
L009246,2026-07-30,3,1.12
L009247,2026-07-30,4,2.11
L009248,2026-07-30,2,0.46
L009249,2026-07-30,3,1.12
L009250,2026-07-30,1,0.1
L009251,2026-07-30,5,3.45
L009252,2026-07-30,3,1.12
L009253,2026-07-30,1,0.1
L009254,2026-07-30,5,3.45
L009255,2026-07-30,1,0.1
L009256,2026-07-30,3,1.12
L009257,2026-07-30,2,0.46
L009258,2026-07-30,1,0.1
L009259,2026-07-30,1,0.1
L009260,2026-07-30,10,15.85
L009261,2026-07-30,2,0.46
L009262,2026-07-30,3,1.12
L009263,2026-07-30,4,2.11
L009264,2026-07-30,4,2.11
L009265,2026-07-30,5,3.45
L009266,2026-07-30,7,7.23
L009267,2026-07-30,4,2.11
L009268,2026-07-30,7,7.23
L009269,2026-07-30,1,0.1
L009270,2026-07-30,1,0.1
L009271,2026-07-30,1,0.1
L009272,2026-07-30,1,0.1
L009273,2026-07-30,4,2.11
L009274,2026-07-30,1,0.1
L009275,2026-07-30,3,1.12
L009276,2026-07-30,6,5.15
L009277,2026-07-30,1,0.1
L009278,2026-07-30,2,0.46
L009279,2026-07-30,7,7.23
L009280,2026-07-30,1,0.1
L009281,2026-07-30,3,1.12
L009282,2026-07-30,10,15.85
L009283,2026-07-30,5,3.45
L009284,2026-07-30,1,0.1
L009285,2026-07-30,3,1.12
L009286,2026-07-30,3,1.12
L009287,2026-07-30,1,0.1
L009288,2026-07-30,10,15.85
L009289,2026-07-30,4,2.11
L009290,2026-07-30,3,1.12
L009291,2026-07-30,2,0.46
L009292,2026-07-30,5,3.45
L009293,2026-07-30,1,0.1
L009294,2026-07-30,3,1.12
L009295,2026-07-30,2,0.46
L009296,2026-07-30,8,9.7
L009297,2026-07-30,1,0.1
L009298,2026-07-30,1,0.1
L009299,2026-07-30,1,0.1
L009300,2026-07-30,2,0.46
L009301,2026-07-30,9,12.57
L009302,2026-07-30,3,1.12
L009303,2026-07-30,7,7.23
L009304,2026-07-30,1,0.1
L009305,2026-07-30,3,1.12
L009306,2026-07-30,1,0.1
L009307,2026-07-30,3,1.12
L009308,2026-07-30,3,1.12
L009309,2026-07-30,5,3.45
L009310,2026-07-30,5,3.45
L009311,2026-07-30,5,3.45
L009312,2026-07-30,2,0.46
L009313,2026-07-30,2,0.46
L009314,2026-07-30,4,2.11
L009315,2026-07-30,9,12.57
L009316,2026-07-30,9,12.57
L009317,2026-07-30,2,0.46
L009318,2026-07-30,3,1.12
L009319,2026-07-30,3,1.12
L009320,2026-07-30,3,1.12
L009321,2026-07-30,4,2.11
L009322,2026-07-30,3,1.12
L009323,2026-07-30,1,0.1
L009324,2026-07-30,1,0.1
L009325,2026-07-30,1,0.1
L009326,2026-07-30,3,1.12
L009327,2026-07-30,1,0.1
L009328,2026-07-30,3,1.12
L009329,2026-07-30,7,7.23
L009330,2026-07-30,3,1.12
L009331,2026-07-30,2,0.46
L009332,2026-07-30,3,1.12
L009333,2026-07-30,4,2.11
L009334,2026-07-30,1,0.1
L009335,2026-07-30,3,1.12
L009336,2026-07-30,5,3.45
L009337,2026-07-30,3,1.12
L009338,2026-07-30,3,1.12
L009339,2026-07-30,2,0.46
L009340,2026-07-30,1,0.1
L009341,2026-07-30,2,0.46
L009342,2026-07-30,7,7.23
L009343,2026-07-30,1,0.1
L009344,2026-07-30,1,0.1
L009345,2026-07-30,2,0.46
L009346,2026-07-30,2,0.46
L009347,2026-07-30,3,1.12
L009348,2026-07-30,2,0.46
L009349,2026-07-30,1,0.1
L009350,2026-07-30,6,5.15
L009351,2026-07-30,4,2.11
L009352,2026-07-30,5,3.45
L009353,2026-07-30,1,0.1
L009354,2026-07-30,1,0.1
L009355,2026-07-30,1,0.1
L009356,2026-07-30,1,0.1
L009357,2026-07-30,7,7.23
L009358,2026-07-30,9,12.57
L009359,2026-07-30,3,1.12
L009360,2026-07-30,6,5.15
L009361,2026-07-30,7,7.23
L009362,2026-07-30,3,1.12
L009363,2026-07-30,1,0.1
L009364,2026-07-30,7,7.23
L009365,2026-07-30,2,0.46
L009366,2026-07-30,3,1.12
L009367,2026-07-30,6,5.15
L009368,2026-07-30,1,0.1
L009369,2026-07-30,3,1.12
L009370,2026-07-30,1,0.1
L009371,2026-07-30,2,0.46
L009372,2026-07-30,2,0.46
L009373,2026-07-30,2,0.46
L009374,2026-07-30,1,0.1
L009375,2026-07-30,3,1.12
L009376,2026-07-30,6,5.15
L009377,2026-07-30,8,9.7
L009378,2026-07-30,9,12.57
L009379,2026-07-30,3,1.12
L009380,2026-07-30,2,0.46
L009381,2026-07-30,2,0.46
L009382,2026-07-30,7,7.23
L009383,2026-07-30,1,0.1
L009384,2026-07-30,5,3.45
L009385,2026-07-30,1,0.1
L009386,2026-07-30,1,0.1
L009387,2026-07-30,1,0.1
L009388,2026-07-30,3,1.12
L009389,2026-07-30,2,0.46
L009390,2026-07-30,7,7.23
L009391,2026-07-30,7,7.23
L009392,2026-07-30,1,0.1
L009393,2026-07-30,3,1.12
L009394,2026-07-30,3,1.12
L009395,2026-07-30,1,0.1
L009396,2026-07-30,4,2.11
L009397,2026-07-30,2,0.46
L009398,2026-07-30,10,15.85
L009399,2026-07-30,7,7.23
L009400,2026-07-30,2,0.46
L009401,2026-07-30,1,0.1
L009402,2026-07-30,1,0.1
L009403,2026-07-30,1,0.1
L009404,2026-07-30,3,1.12
L009405,2026-07-30,9,12.57
L009406,2026-07-30,1,0.1
L009407,2026-07-30,2,0.46
L009408,2026-07-30,10,15.85
L009409,2026-07-30,2,0.46
L009410,2026-07-30,3,1.12
L009411,2026-07-30,9,12.57
L009412,2026-07-30,2,0.46
L009413,2026-07-30,9,12.57
L009414,2026-07-30,5,3.45
L009415,2026-07-30,1,0.1
L009416,2026-07-30,1,0.1
L009417,2026-07-30,2,0.46
L009418,2026-07-30,2,0.46
L009419,2026-07-30,1,0.1
L009420,2026-07-30,5,3.45
L009421,2026-07-30,3,1.12
L009422,2026-07-30,2,0.46
L009423,2026-07-30,3,1.12
L009424,2026-07-30,1,0.1
L009425,2026-07-30,2,0.46
L009426,2026-07-30,3,1.12
L009427,2026-07-30,5,3.45
L009428,2026-07-30,1,0.1
L009429,2026-07-30,1,0.1
L009430,2026-07-30,1,0.1
L009431,2026-07-30,5,3.45
L009432,2026-07-30,6,5.15
L009433,2026-07-30,2,0.46
L009434,2026-07-30,2,0.46
L009435,2026-07-30,2,0.46
L009436,2026-07-30,8,9.7
L009437,2026-07-30,1,0.1
L009438,2026-07-30,3,1.12
L009439,2026-07-30,5,3.45
L009440,2026-07-30,3,1.12
L009441,2026-07-30,7,7.23
L009442,2026-07-30,2,0.46
L009443,2026-07-30,9,12.57
L009444,2026-07-30,2,0.46
L009445,2026-07-30,7,7.23
L009446,2026-07-30,1,0.1
L009447,2026-07-30,2,0.46
L009448,2026-07-30,2,0.46
L009449,2026-07-30,3,1.12
L009450,2026-07-30,3,1.12
L009451,2026-07-30,1,0.1
L009452,2026-07-30,1,0.1
L009453,2026-07-30,6,5.15
L009454,2026-07-30,3,1.12
L009455,2026-07-30,2,0.46
L009456,2026-07-30,2,0.46
L009457,2026-07-30,3,1.12
L009458,2026-07-30,2,0.46
L009459,2026-07-30,3,1.12
L009460,2026-07-30,3,1.12
L009461,2026-07-30,5,3.45
L009462,2026-07-30,1,0.1
L009463,2026-07-30,9,12.57
L009464,2026-07-30,1,0.1
L009465,2026-07-30,4,2.11
L009466,2026-07-30,3,1.12
L009467,2026-07-30,2,0.46
L009468,2026-07-30,1,0.1
L009469,2026-07-30,3,1.12
L009470,2026-07-30,3,1.12
L009471,2026-07-30,2,0.46
L009472,2026-07-30,6,5.15
L009473,2026-07-30,2,0.46
L009474,2026-07-30,4,2.11
L009475,2026-07-30,1,0.1
L009476,2026-07-30,1,0.1
L009477,2026-07-30,3,1.12
L009478,2026-07-30,1,0.1
L009479,2026-07-30,5,3.45
L009480,2026-07-30,2,0.46
L009481,2026-07-30,1,0.1
L009482,2026-07-30,3,1.12
L009483,2026-07-30,3,1.12
L009484,2026-07-30,6,5.15
L009485,2026-07-30,2,0.46
L009486,2026-07-30,9,12.57
L009487,2026-07-30,2,0.46
L009488,2026-07-30,2,0.46
L009489,2026-07-30,8,9.7
L009490,2026-07-30,7,7.23
L009491,2026-07-30,3,1.12
L009492,2026-07-30,7,7.23
L009493,2026-07-30,2,0.46
L009494,2026-07-30,2,0.46
L009495,2026-07-30,3,1.12
L009496,2026-07-30,3,1.12
L009497,2026-07-30,7,7.23
L009498,2026-07-30,6,5.15
L009499,2026-07-30,1,0.1
L009500,2026-07-30,2,0.46
L009501,2026-07-30,3,1.12
L009502,2026-07-30,9,12.57
L009503,2026-07-30,10,15.85
L009504,2026-07-30,2,0.46
L009505,2026-07-30,6,5.15
L009506,2026-07-30,6,5.15
L009507,2026-07-30,1,0.1
L009508,2026-07-30,4,2.11
L009509,2026-07-30,3,1.12
L009510,2026-07-30,2,0.46
L009511,2026-07-30,1,0.1
L009512,2026-07-30,2,0.46
L009513,2026-07-30,9,12.57
L009514,2026-07-30,2,0.46
L009515,2026-07-30,8,9.7
L009516,2026-07-30,1,0.1
L009517,2026-07-30,3,1.12
L009518,2026-07-30,2,0.46
L009519,2026-07-30,2,0.46
L009520,2026-07-30,2,0.46
L009521,2026-07-30,4,2.11
L009522,2026-07-30,2,0.46
L009523,2026-07-30,3,1.12
L009524,2026-07-30,1,0.1
L009525,2026-07-30,1,0.1
L009526,2026-07-30,1,0.1
L009527,2026-07-30,3,1.12
L009528,2026-07-30,6,5.15
L009529,2026-07-30,1,0.1
L009530,2026-07-30,4,2.11
L009531,2026-07-30,1,0.1
L009532,2026-07-30,1,0.1
L009533,2026-07-30,2,0.46
L009534,2026-07-30,3,1.12
L009535,2026-07-30,6,5.15
L009536,2026-07-30,9,12.57
L009537,2026-07-30,1,0.1
L009538,2026-07-30,1,0.1
L009539,2026-07-30,6,5.15
L009540,2026-07-30,1,0.1
L009541,2026-07-30,1,0.1
L009542,2026-07-30,4,2.11
L009543,2026-07-30,7,7.23
L009544,2026-07-30,10,15.85
L009545,2026-07-30,7,7.23
L009546,2026-07-30,7,7.23
L009547,2026-07-30,2,0.46
L009548,2026-07-30,7,7.23
L009549,2026-07-30,1,0.1
L009550,2026-07-30,1,0.1
L009551,2026-07-30,1,0.1
L009552,2026-07-30,3,1.12
L009553,2026-07-30,2,0.46
L009554,2026-07-30,2,0.46
L009555,2026-07-30,7,7.23
L009556,2026-07-30,1,0.1
L009557,2026-07-30,2,0.46
L009558,2026-07-30,2,0.46
L009559,2026-07-30,3,1.12
L009560,2026-07-30,5,3.45
L009561,2026-07-30,10,15.85
L009562,2026-07-30,7,7.23
L009563,2026-07-30,1,0.1
L009564,2026-07-30,3,1.12
L009565,2026-07-30,3,1.12
L009566,2026-07-30,10,15.85
L009567,2026-07-30,3,1.12
L009568,2026-07-30,2,0.46
L009569,2026-07-30,7,7.23
L009570,2026-07-30,3,1.12
L009571,2026-07-30,1,0.1
L009572,2026-07-30,10,15.85
L009573,2026-07-30,3,1.12
L009574,2026-07-30,9,12.57
L009575,2026-07-30,1,0.1
L009576,2026-07-30,2,0.46
L009577,2026-07-30,1,0.1
L009578,2026-07-30,3,1.12
L009579,2026-07-30,8,9.7
L009580,2026-07-30,2,0.46
L009581,2026-07-30,4,2.11
L009582,2026-07-30,9,12.57
L009583,2026-07-30,1,0.1
L009584,2026-07-30,2,0.46
L009585,2026-07-30,6,5.15
L009586,2026-07-30,10,15.85
L009587,2026-07-30,10,15.85
L009588,2026-07-30,4,2.11
L009589,2026-07-30,1,0.1
L009590,2026-07-30,7,7.23
L009591,2026-07-30,3,1.12
L009592,2026-07-30,2,0.46
L009593,2026-07-30,9,12.57
L009594,2026-07-30,3,1.12
L009595,2026-07-30,2,0.46
L009596,2026-07-30,2,0.46
L009597,2026-07-30,1,0.1
L009598,2026-07-30,3,1.12
L009599,2026-07-30,1,0.1
L009600,2026-07-30,7,7.23
L009601,2026-07-30,2,0.46
L009602,2026-07-30,1,0.1
L009603,2026-07-30,7,7.23
L009604,2026-07-30,1,0.1
L009605,2026-07-30,2,0.46
L009606,2026-07-30,3,1.12
L009607,2026-07-30,2,0.46
L009608,2026-07-30,5,3.45
L009609,2026-07-30,3,1.12
L009610,2026-07-30,3,1.12
L009611,2026-07-30,4,2.11
L009612,2026-07-30,2,0.46
L009613,2026-07-30,8,9.7
L009614,2026-07-30,1,0.1
L009615,2026-07-30,5,3.45
L009616,2026-07-30,4,2.11
L009617,2026-07-30,3,1.12
L009618,2026-07-30,1,0.1
L009619,2026-07-30,1,0.1
L009620,2026-07-30,3,1.12
L009621,2026-07-30,2,0.46
L009622,2026-07-30,2,0.46
L009623,2026-07-30,9,12.57
L009624,2026-07-30,9,12.57
L009625,2026-07-30,3,1.12
L009626,2026-07-30,2,0.46
L009627,2026-07-30,3,1.12
L009628,2026-07-30,8,9.7
L009629,2026-07-30,5,3.45
L009630,2026-07-30,7,7.23
L009631,2026-07-30,2,0.46
L009632,2026-07-30,7,7.23
L009633,2026-07-30,6,5.15
L009634,2026-07-30,2,0.46
L009635,2026-07-30,7,7.23
L009636,2026-07-30,4,2.11
L009637,2026-07-30,8,9.7
L009638,2026-07-30,6,5.15
L009639,2026-07-30,1,0.1
L009640,2026-07-30,2,0.46
L009641,2026-07-30,4,2.11
L009642,2026-07-30,6,5.15
L009643,2026-07-30,1,0.1
L009644,2026-07-30,1,0.1
L009645,2026-07-30,8,9.7
L009646,2026-07-30,1,0.1
L009647,2026-07-30,2,0.46
L009648,2026-07-30,10,15.85
L009649,2026-07-30,2,0.46
L009650,2026-07-30,4,2.11
L009651,2026-07-30,1,0.1
L009652,2026-07-30,8,9.7
L009653,2026-07-30,4,2.11
L009654,2026-07-30,3,1.12
L009655,2026-07-30,3,1.12
L009656,2026-07-30,3,1.12
L009657,2026-07-30,1,0.1
L009658,2026-07-30,1,0.1
L009659,2026-07-30,8,9.7
L009660,2026-07-30,10,15.85
L009661,2026-07-30,9,12.57
L009662,2026-07-30,7,7.23
L009663,2026-07-30,2,0.46
L009664,2026-07-30,1,0.1
L009665,2026-07-30,5,3.45
L009666,2026-07-30,3,1.12
L009667,2026-07-30,1,0.1
L009668,2026-07-30,3,1.12
L009669,2026-07-30,8,9.7
L009670,2026-07-30,3,1.12
L009671,2026-07-30,3,1.12
L009672,2026-07-30,3,1.12
L009673,2026-07-30,5,3.45
L009674,2026-07-30,3,1.12
L009675,2026-07-30,3,1.12
L009676,2026-07-30,4,2.11
L009677,2026-07-30,1,0.1
L009678,2026-07-30,5,3.45
L009679,2026-07-30,4,2.11
L009680,2026-07-30,1,0.1
L009681,2026-07-30,8,9.7
L009682,2026-07-30,1,0.1
L009683,2026-07-30,2,0.46
L009684,2026-07-30,9,12.57
L009685,2026-07-30,3,1.12
L009686,2026-07-30,3,1.12
L009687,2026-07-30,1,0.1
L009688,2026-07-30,9,12.57
L009689,2026-07-30,3,1.12
L009690,2026-07-30,3,1.12
L009691,2026-07-30,1,0.1
L009692,2026-07-30,7,7.23
L009693,2026-07-30,10,15.85
L009694,2026-07-30,3,1.12
L009695,2026-07-30,7,7.23
L009696,2026-07-30,6,5.15
L009697,2026-07-30,7,7.23
L009698,2026-07-30,2,0.46
L009699,2026-07-30,3,1.12
L009700,2026-07-30,1,0.1
L009701,2026-07-30,9,12.57
L009702,2026-07-30,7,7.23
L009703,2026-07-30,3,1.12
L009704,2026-07-30,7,7.23
L009705,2026-07-30,1,0.1
L009706,2026-07-30,4,2.11
L009707,2026-07-30,1,0.1
L009708,2026-07-30,8,9.7
L009709,2026-07-30,2,0.46
L009710,2026-07-30,1,0.1
L009711,2026-07-30,2,0.46
L009712,2026-07-30,2,0.46
L009713,2026-07-30,1,0.1
L009714,2026-07-30,2,0.46
L009715,2026-07-30,3,1.12
L009716,2026-07-30,3,1.12
L009717,2026-07-30,5,3.45
L009718,2026-07-30,1,0.1
L009719,2026-07-30,1,0.1
L009720,2026-07-30,3,1.12
L009721,2026-07-30,2,0.46
L009722,2026-07-30,1,0.1
L009723,2026-07-30,9,12.57
L009724,2026-07-30,1,0.1
L009725,2026-07-30,3,1.12
L009726,2026-07-30,8,9.7
L009727,2026-07-30,2,0.46
L009728,2026-07-30,2,0.46
L009729,2026-07-30,1,0.1
L009730,2026-07-30,3,1.12
L009731,2026-07-30,9,12.57
L009732,2026-07-30,3,1.12
L009733,2026-07-30,1,0.1
L009734,2026-07-30,1,0.1
L009735,2026-07-30,7,7.23
L009736,2026-07-30,3,1.12
L009737,2026-07-30,2,0.46
L009738,2026-07-30,1,0.1
L009739,2026-07-30,1,0.1
L009740,2026-07-30,3,1.12
L009741,2026-07-30,1,0.1
L009742,2026-07-30,10,15.85
L009743,2026-07-30,1,0.1
L009744,2026-07-30,8,9.7
L009745,2026-07-30,3,1.12
L009746,2026-07-30,2,0.46
L009747,2026-07-30,1,0.1
L009748,2026-07-30,2,0.46
L009749,2026-07-30,2,0.46
L009750,2026-07-30,1,0.1
L009751,2026-07-30,1,0.1
L009752,2026-07-30,2,0.46
L009753,2026-07-30,3,1.12
L009754,2026-07-30,2,0.46
L009755,2026-07-30,1,0.1
L009756,2026-07-30,3,1.12
L009757,2026-07-30,3,1.12
L009758,2026-07-30,1,0.1
L009759,2026-07-30,6,5.15
L009760,2026-07-30,2,0.46
L009761,2026-07-30,3,1.12
L009762,2026-07-30,1,0.1
L009763,2026-07-30,4,2.11
L009764,2026-07-30,7,7.23
L009765,2026-07-30,7,7.23
L009766,2026-07-30,1,0.1
L009767,2026-07-30,4,2.11
L009768,2026-07-30,3,1.12
L009769,2026-07-30,1,0.1
L009770,2026-07-30,7,7.23
L009771,2026-07-30,1,0.1
L009772,2026-07-30,2,0.46
L009773,2026-07-30,6,5.15
L009774,2026-07-30,4,2.11
L009775,2026-07-30,2,0.46
L009776,2026-07-30,3,1.12
L009777,2026-07-30,3,1.12
L009778,2026-07-30,1,0.1
L009779,2026-07-30,6,5.15
L009780,2026-07-30,5,3.45
L009781,2026-07-30,1,0.1
L009782,2026-07-30,9,12.57
L009783,2026-07-30,1,0.1
L009784,2026-07-30,3,1.12
L009785,2026-07-30,3,1.12
L009786,2026-07-30,3,1.12
L009787,2026-07-30,2,0.46
L009788,2026-07-30,1,0.1
L009789,2026-07-30,3,1.12
L009790,2026-07-30,2,0.46
L009791,2026-07-30,3,1.12
L009792,2026-07-30,3,1.12
L009793,2026-07-30,6,5.15
L009794,2026-07-30,3,1.12
L009795,2026-07-30,9,12.57
L009796,2026-07-30,1,0.1
L009797,2026-07-30,7,7.23
L009798,2026-07-30,3,1.12
L009799,2026-07-30,2,0.46
L009800,2026-07-30,6,5.15
L009801,2026-07-30,2,0.46
L009802,2026-07-30,2,0.46
L009803,2026-07-30,3,1.12
L009804,2026-07-30,4,2.11
L009805,2026-07-30,2,0.46
L009806,2026-07-30,2,0.46
L009807,2026-07-30,3,1.12
L009808,2026-07-30,3,1.12
L009809,2026-07-30,10,15.85
L009810,2026-07-30,3,1.12
L009811,2026-07-30,8,9.7
L009812,2026-07-30,2,0.46
L009813,2026-07-30,1,0.1
L009814,2026-07-30,2,0.46
L009815,2026-07-30,3,1.12
L009816,2026-07-30,3,1.12
L009817,2026-07-30,1,0.1
L009818,2026-07-30,2,0.46
L009819,2026-07-30,7,7.23
L009820,2026-07-30,2,0.46
L009821,2026-07-30,3,1.12
L009822,2026-07-30,3,1.12
L009823,2026-07-30,9,12.57
L009824,2026-07-30,4,2.11
L009825,2026-07-30,3,1.12
L009826,2026-07-30,1,0.1
L009827,2026-07-30,3,1.12
L009828,2026-07-30,7,7.23
L009829,2026-07-30,2,0.46
L009830,2026-07-30,3,1.12
L009831,2026-07-30,1,0.1
L009832,2026-07-30,2,0.46
L009833,2026-07-30,1,0.1
L009834,2026-07-30,1,0.1
L009835,2026-07-30,5,3.45
L009836,2026-07-30,5,3.45
L009837,2026-07-30,1,0.1
L009838,2026-07-30,3,1.12
L009839,2026-07-30,1,0.1
L009840,2026-07-30,3,1.12
L009841,2026-07-30,2,0.46
L009842,2026-07-30,3,1.12
L009843,2026-07-30,3,1.12
L009844,2026-07-30,3,1.12
L009845,2026-07-30,2,0.46
L009846,2026-07-30,9,12.57
L009847,2026-07-30,1,0.1
L009848,2026-07-30,3,1.12
L009849,2026-07-30,1,0.1
L009850,2026-07-30,1,0.1
L009851,2026-07-30,5,3.45
L009852,2026-07-30,6,5.15
L009853,2026-07-30,2,0.46
L009854,2026-07-30,3,1.12
L009855,2026-07-30,3,1.12
L009856,2026-07-30,2,0.46
L009857,2026-07-30,2,0.46
L009858,2026-07-30,2,0.46
L009859,2026-07-30,10,15.85
L009860,2026-07-30,7,7.23
L009861,2026-07-30,9,12.57
L009862,2026-07-30,2,0.46
L009863,2026-07-30,3,1.12
L009864,2026-07-30,1,0.1
L009865,2026-07-30,6,5.15
L009866,2026-07-30,10,15.85
L009867,2026-07-30,1,0.1
L009868,2026-07-30,3,1.12
L009869,2026-07-30,3,1.12
L009870,2026-07-30,1,0.1
L009871,2026-07-30,10,15.85
L009872,2026-07-30,1,0.1
L009873,2026-07-30,2,0.46
L009874,2026-07-30,7,7.23
L009875,2026-07-30,2,0.46
L009876,2026-07-30,9,12.57
L009877,2026-07-30,6,5.15
L009878,2026-07-30,4,2.11
L009879,2026-07-30,2,0.46
L009880,2026-07-30,3,1.12
L009881,2026-07-30,6,5.15
L009882,2026-07-30,2,0.46
L009883,2026-07-30,3,1.12
L009884,2026-07-30,5,3.45
L009885,2026-07-30,1,0.1
L009886,2026-07-30,7,7.23
L009887,2026-07-30,3,1.12
L009888,2026-07-30,1,0.1
L009889,2026-07-30,8,9.7
L009890,2026-07-30,3,1.12
L009891,2026-07-30,1,0.1
L009892,2026-07-30,8,9.7
L009893,2026-07-30,3,1.12
L009894,2026-07-30,1,0.1
L009895,2026-07-30,3,1.12
L009896,2026-07-30,2,0.46
L009897,2026-07-30,7,7.23
L009898,2026-07-30,5,3.45
L009899,2026-07-30,1,0.1
L009900,2026-07-30,1,0.1
L009901,2026-07-30,3,1.12
L009902,2026-07-30,2,0.46
L009903,2026-07-30,3,1.12
L009904,2026-07-30,3,1.12
L009905,2026-07-30,1,0.1
L009906,2026-07-30,1,0.1
L009907,2026-07-30,1,0.1
L009908,2026-07-30,2,0.46
L009909,2026-07-30,2,0.46
L009910,2026-07-30,9,12.57
L009911,2026-07-30,1,0.1
L009912,2026-07-30,1,0.1
L009913,2026-07-30,1,0.1
L009914,2026-07-30,2,0.46
L009915,2026-07-30,9,12.57
L009916,2026-07-30,7,7.23
L009917,2026-07-30,1,0.1
L009918,2026-07-30,7,7.23
L009919,2026-07-30,4,2.11
L009920,2026-07-30,2,0.46
L009921,2026-07-30,5,3.45
L009922,2026-07-30,3,1.12
L009923,2026-07-30,1,0.1
L009924,2026-07-30,2,0.46
L009925,2026-07-30,1,0.1
L009926,2026-07-30,1,0.1
L009927,2026-07-30,7,7.23
L009928,2026-07-30,2,0.46
L009929,2026-07-30,8,9.7
L009930,2026-07-30,1,0.1
L009931,2026-07-30,4,2.11
L009932,2026-07-30,7,7.23
L009933,2026-07-30,5,3.45
L009934,2026-07-30,6,5.15
L009935,2026-07-30,2,0.46
L009936,2026-07-30,7,7.23
L009937,2026-07-30,2,0.46
L009938,2026-07-30,3,1.12
L009939,2026-07-30,1,0.1
L009940,2026-07-30,5,3.45
L009941,2026-07-30,7,7.23
L009942,2026-07-30,1,0.1
L009943,2026-07-30,2,0.46
L009944,2026-07-30,3,1.12
L009945,2026-07-30,7,7.23
L009946,2026-07-30,3,1.12
L009947,2026-07-30,3,1.12
L009948,2026-07-30,7,7.23
L009949,2026-07-30,4,2.11
L009950,2026-07-30,5,3.45
L009951,2026-07-30,2,0.46
L009952,2026-07-30,2,0.46
L009953,2026-07-30,1,0.1
L009954,2026-07-30,2,0.46
L009955,2026-07-30,2,0.46
L009956,2026-07-30,5,3.45
L009957,2026-07-30,1,0.1
L009958,2026-07-30,3,1.12
L009959,2026-07-30,1,0.1
L009960,2026-07-30,2,0.46
L009961,2026-07-30,2,0.46
L009962,2026-07-30,8,9.7
L009963,2026-07-30,3,1.12
L009964,2026-07-30,2,0.46
L009965,2026-07-30,10,15.85
L009966,2026-07-30,1,0.1
L009967,2026-07-30,1,0.1
L009968,2026-07-30,3,1.12
L009969,2026-07-30,3,1.12
L009970,2026-07-30,3,1.12
L009971,2026-07-30,3,1.12
L009972,2026-07-30,3,1.12
L009973,2026-07-30,2,0.46
L009974,2026-07-30,1,0.1
L009975,2026-07-30,1,0.1
L009976,2026-07-30,2,0.46
L009977,2026-07-30,3,1.12
L009978,2026-07-30,1,0.1
L009979,2026-07-30,3,1.12
L009980,2026-07-30,2,0.46
L009981,2026-07-30,4,2.11
L009982,2026-07-30,1,0.1
L009983,2026-07-30,2,0.46
L009984,2026-07-30,1,0.1
L009985,2026-07-30,10,15.85
L009986,2026-07-30,3,1.12
L009987,2026-07-30,8,9.7
L009988,2026-07-30,3,1.12
L009989,2026-07-30,9,12.57
L009990,2026-07-30,1,0.1
L009991,2026-07-30,3,1.12
L009992,2026-07-30,3,1.12
L009993,2026-07-30,2,0.46
L009994,2026-07-30,2,0.46
L009995,2026-07-30,3,1.12
L009996,2026-07-30,2,0.46
L009997,2026-07-30,7,7.23
L009998,2026-07-30,9,12.57
L009999,2026-07-30,3,1.12
L010000,2026-07-30,1,0.1
L010001,2026-07-30,3,1.12
L010002,2026-07-30,3,1.12
L010003,2026-07-30,1,0.1
L010004,2026-07-30,3,1.12
L010005,2026-07-30,3,1.12
L010006,2026-07-30,5,3.45
L010007,2026-07-30,2,0.46
L010008,2026-07-30,1,0.1
L010009,2026-07-30,2,0.46
L010010,2026-07-30,3,1.12
L010011,2026-07-30,2,0.46
L010012,2026-07-30,7,7.23
L010013,2026-07-30,2,0.46
L010014,2026-07-30,1,0.1
L010015,2026-07-30,1,0.1
L010016,2026-07-30,2,0.46
L010017,2026-07-30,9,12.57
L010018,2026-07-30,7,7.23
L010019,2026-07-30,2,0.46
L010020,2026-07-30,2,0.46
L010021,2026-07-30,5,3.45
L010022,2026-07-30,2,0.46
L010023,2026-07-30,3,1.12
L010024,2026-07-30,2,0.46
L010025,2026-07-30,3,1.12
L010026,2026-07-30,1,0.1
L010027,2026-07-30,5,3.45
L010028,2026-07-30,1,0.1
L010029,2026-07-30,7,7.23
L010030,2026-07-30,1,0.1
L010031,2026-07-30,7,7.23
L010032,2026-07-30,4,2.11
L010033,2026-07-30,7,7.23
L010034,2026-07-30,4,2.11
L010035,2026-07-30,2,0.46
L010036,2026-07-30,3,1.12
L010037,2026-07-30,3,1.12
L010038,2026-07-30,2,0.46
L010039,2026-07-30,2,0.46
L010040,2026-07-30,3,1.12
L010041,2026-07-30,2,0.46
L010042,2026-07-30,3,1.12
L010043,2026-07-30,2,0.46
L010044,2026-07-30,3,1.12
L010045,2026-07-30,1,0.1
L010046,2026-07-30,1,0.1
L010047,2026-07-30,1,0.1
L010048,2026-07-30,5,3.45
L010049,2026-07-30,3,1.12
L010050,2026-07-30,3,1.12
L010051,2026-07-30,1,0.1
L010052,2026-07-30,10,15.85
L010053,2026-07-30,2,0.46
L010054,2026-07-30,2,0.46
L010055,2026-07-30,2,0.46
L010056,2026-07-30,1,0.1
L010057,2026-07-30,6,5.15
L010058,2026-07-30,9,12.57
L010059,2026-07-30,3,1.12
L010060,2026-07-30,3,1.12
L010061,2026-07-30,7,7.23
L010062,2026-07-30,2,0.46
L010063,2026-07-30,7,7.23
L010064,2026-07-30,5,3.45
L010065,2026-07-30,7,7.23
L010066,2026-07-30,10,15.85
L010067,2026-07-30,3,1.12
L010068,2026-07-30,3,1.12
L010069,2026-07-30,1,0.1
L010070,2026-07-30,1,0.1
L010071,2026-07-30,1,0.1
L010072,2026-07-30,3,1.12
L010073,2026-07-30,2,0.46
L010074,2026-07-30,9,12.57
L010075,2026-07-30,2,0.46
L010076,2026-07-30,1,0.1
L010077,2026-07-30,2,0.46
L010078,2026-07-30,6,5.15
L010079,2026-07-30,2,0.46
L010080,2026-07-30,1,0.1
L010081,2026-07-30,3,1.12
L010082,2026-07-30,1,0.1
L010083,2026-07-30,6,5.15
L010084,2026-07-30,1,0.1
L010085,2026-07-30,2,0.46
L010086,2026-07-30,7,7.23
L010087,2026-07-30,2,0.46
L010088,2026-07-30,1,0.1
L010089,2026-07-30,1,0.1
L010090,2026-07-30,5,3.45
L010091,2026-07-30,7,7.23
L010092,2026-07-30,8,9.7
L010093,2026-07-30,3,1.12
L010094,2026-07-30,1,0.1
L010095,2026-07-30,10,15.85
L010096,2026-07-30,1,0.1
L010097,2026-07-30,3,1.12
L010098,2026-07-30,2,0.46
L010099,2026-07-30,6,5.15
L010100,2026-07-30,6,5.15
L010101,2026-07-30,3,1.12
L010102,2026-07-30,8,9.7
L010103,2026-07-30,3,1.12
L010104,2026-07-30,1,0.1
L010105,2026-07-30,2,0.46
L010106,2026-07-30,2,0.46
L010107,2026-07-30,2,0.46
L010108,2026-07-30,2,0.46
L010109,2026-07-30,1,0.1
L010110,2026-07-30,9,12.57
L010111,2026-07-30,4,2.11
L010112,2026-07-30,3,1.12
L010113,2026-07-30,2,0.46
L010114,2026-07-30,2,0.46
L010115,2026-07-30,9,12.57
L010116,2026-07-30,7,7.23
L010117,2026-07-30,6,5.15
L010118,2026-07-30,10,15.85
L010119,2026-07-30,1,0.1
L010120,2026-07-30,1,0.1
L010121,2026-07-30,2,0.46
L010122,2026-07-30,6,5.15
L010123,2026-07-30,3,1.12
L010124,2026-07-30,1,0.1
L010125,2026-07-30,4,2.11
L010126,2026-07-30,2,0.46
L010127,2026-07-30,1,0.1
L010128,2026-07-30,3,1.12
L010129,2026-07-30,3,1.12
L010130,2026-07-30,1,0.1
L010131,2026-07-30,2,0.46
L010132,2026-07-30,1,0.1
L010133,2026-07-30,2,0.46
L010134,2026-07-30,1,0.1
L010135,2026-07-30,2,0.46
L010136,2026-07-30,1,0.1
L010137,2026-07-30,3,1.12
L010138,2026-07-30,2,0.46
L010139,2026-07-30,1,0.1
L010140,2026-07-30,1,0.1
L010141,2026-07-30,10,15.85
L010142,2026-07-30,1,0.1
L010143,2026-07-30,7,7.23
L010144,2026-07-30,8,9.7
L010145,2026-07-30,3,1.12
L010146,2026-07-30,10,15.85
L010147,2026-07-30,3,1.12
L010148,2026-07-30,2,0.46
L010149,2026-07-30,3,1.12
L010150,2026-07-30,1,0.1
L010151,2026-07-30,2,0.46
L010152,2026-07-30,1,0.1
L010153,2026-07-30,1,0.1
L010154,2026-07-30,1,0.1
L010155,2026-07-30,1,0.1
L010156,2026-07-30,4,2.11
L010157,2026-07-30,4,2.11
L010158,2026-07-30,7,7.23
L010159,2026-07-30,3,1.12
L010160,2026-07-30,7,7.23
L010161,2026-07-30,3,1.12
L010162,2026-07-30,2,0.46
L010163,2026-07-30,3,1.12
L010164,2026-07-30,1,0.1
L010165,2026-07-30,1,0.1
L010166,2026-07-30,8,9.7
L010167,2026-07-30,3,1.12
L010168,2026-07-30,9,12.57
L010169,2026-07-30,3,1.12
L010170,2026-07-30,9,12.57
L010171,2026-07-30,8,9.7
L010172,2026-07-30,3,1.12
L010173,2026-07-30,3,1.12
L010174,2026-07-30,3,1.12
L010175,2026-07-30,3,1.12
L010176,2026-07-30,7,7.23
L010177,2026-07-30,5,3.45
L010178,2026-07-30,1,0.1
L010179,2026-07-30,2,0.46
L010180,2026-07-30,3,1.12
L010181,2026-07-30,5,3.45
L010182,2026-07-30,2,0.46
L010183,2026-07-30,8,9.7
L010184,2026-07-30,5,3.45
L010185,2026-07-30,3,1.12
L010186,2026-07-30,3,1.12
L010187,2026-07-30,1,0.1
L010188,2026-07-30,7,7.23
L010189,2026-07-30,3,1.12
L010190,2026-07-30,1,0.1
L010191,2026-07-30,6,5.15
L010192,2026-07-30,3,1.12
L010193,2026-07-30,5,3.45
L010194,2026-07-30,3,1.12
L010195,2026-07-30,1,0.1
L010196,2026-07-30,1,0.1
L010197,2026-07-30,1,0.1
L010198,2026-07-30,5,3.45
L010199,2026-07-30,3,1.12
L010200,2026-07-30,9,12.57
L010201,2026-07-30,1,0.1
L010202,2026-07-30,7,7.23
L010203,2026-07-30,3,1.12
L010204,2026-07-30,6,5.15
L010205,2026-07-30,5,3.45
L010206,2026-07-30,2,0.46
L010207,2026-07-30,1,0.1
L010208,2026-07-30,5,3.45
L010209,2026-07-30,6,5.15
L010210,2026-07-30,2,0.46
L010211,2026-07-30,1,0.1
L010212,2026-07-30,1,0.1
L010213,2026-07-30,9,12.57
L010214,2026-07-30,1,0.1
L010215,2026-07-30,10,15.85
L010216,2026-07-30,3,1.12
L010217,2026-07-30,7,7.23
L010218,2026-07-30,1,0.1
L010219,2026-07-30,5,3.45
L010220,2026-07-30,2,0.46
L010221,2026-07-30,5,3.45
L010222,2026-07-30,1,0.1
L010223,2026-07-30,1,0.1
L010224,2026-07-30,2,0.46
L010225,2026-07-30,8,9.7
L010226,2026-07-30,2,0.46
L010227,2026-07-30,2,0.46
L010228,2026-07-30,4,2.11
L010229,2026-07-30,5,3.45
L010230,2026-07-30,8,9.7
L010231,2026-07-30,1,0.1
L010232,2026-07-30,2,0.46
L010233,2026-07-30,1,0.1
L010234,2026-07-30,2,0.46
L010235,2026-07-30,3,1.12
L010236,2026-07-30,1,0.1
L010237,2026-07-30,10,15.85
L010238,2026-07-30,5,3.45
L010239,2026-07-30,3,1.12
L010240,2026-07-30,1,0.1
L010241,2026-07-30,1,0.1
L010242,2026-07-30,3,1.12
L010243,2026-07-30,1,0.1
L010244,2026-07-30,4,2.11
L010245,2026-07-30,3,1.12
L010246,2026-07-30,5,3.45
L010247,2026-07-30,1,0.1
L010248,2026-07-30,1,0.1
L010249,2026-07-30,10,15.85
L010250,2026-07-30,4,2.11
L010251,2026-07-30,6,5.15
L010252,2026-07-30,3,1.12
L010253,2026-07-30,5,3.45
L010254,2026-07-30,10,15.85
L010255,2026-07-30,7,7.23
L010256,2026-07-30,2,0.46
L010257,2026-07-30,6,5.15
L010258,2026-07-30,1,0.1
L010259,2026-07-30,1,0.1
L010260,2026-07-30,3,1.12
L010261,2026-07-30,1,0.1
L010262,2026-07-30,6,5.15
L010263,2026-07-30,10,15.85
L010264,2026-07-30,9,12.57
L010265,2026-07-30,2,0.46
L010266,2026-07-30,2,0.46
L010267,2026-07-30,2,0.46
L010268,2026-07-30,9,12.57
L010269,2026-07-30,1,0.1
L010270,2026-07-30,4,2.11
L010271,2026-07-30,2,0.46
L010272,2026-07-30,10,15.85
L010273,2026-07-30,4,2.11
L010274,2026-07-30,3,1.12
L010275,2026-07-30,7,7.23
L010276,2026-07-30,1,0.1
L010277,2026-07-30,6,5.15
L010278,2026-07-30,3,1.12
L010279,2026-07-30,2,0.46
L010280,2026-07-30,3,1.12
L010281,2026-07-30,3,1.12
L010282,2026-07-30,2,0.46
L010283,2026-07-30,1,0.1
L010284,2026-07-30,2,0.46
L010285,2026-07-30,9,12.57
L010286,2026-07-30,2,0.46
L010287,2026-07-30,2,0.46
L010288,2026-07-30,1,0.1
L010289,2026-07-30,2,0.46
L010290,2026-07-30,2,0.46
L010291,2026-07-30,1,0.1
L010292,2026-07-30,9,12.57
L010293,2026-07-30,3,1.12
L010294,2026-07-30,3,1.12
L010295,2026-07-30,1,0.1
L010296,2026-07-30,6,5.15
L010297,2026-07-30,2,0.46
L010298,2026-07-30,3,1.12
L010299,2026-07-30,10,15.85
L010300,2026-07-30,2,0.46
L010301,2026-07-30,9,12.57
L010302,2026-07-30,3,1.12
L010303,2026-07-30,4,2.11
L010304,2026-07-30,3,1.12
L010305,2026-07-30,3,1.12
L010306,2026-07-30,2,0.46
L010307,2026-07-30,6,5.15
L010308,2026-07-30,1,0.1
L010309,2026-07-30,2,0.46
L010310,2026-07-30,6,5.15
L010311,2026-07-30,1,0.1
L010312,2026-07-30,9,12.57
L010313,2026-07-30,1,0.1
L010314,2026-07-30,1,0.1
L010315,2026-07-30,1,0.1
L010316,2026-07-30,2,0.46
L010317,2026-07-30,2,0.46
L010318,2026-07-30,2,0.46
L010319,2026-07-30,5,3.45
L010320,2026-07-30,1,0.1
L010321,2026-07-30,5,3.45
L010322,2026-07-30,2,0.46
L010323,2026-07-30,8,9.7
L010324,2026-07-30,3,1.12
L010325,2026-07-30,10,15.85
L010326,2026-07-30,1,0.1
L010327,2026-07-30,2,0.46
L010328,2026-07-30,3,1.12
L010329,2026-07-30,5,3.45
L010330,2026-07-30,1,0.1
L010331,2026-07-30,10,15.85
L010332,2026-07-30,1,0.1
L010333,2026-07-30,3,1.12
L010334,2026-07-30,3,1.12
L010335,2026-07-30,2,0.46
L010336,2026-07-30,2,0.46
L010337,2026-07-30,4,2.11
L010338,2026-07-30,1,0.1
L010339,2026-07-30,2,0.46
L010340,2026-07-30,3,1.12
L010341,2026-07-30,3,1.12
L010342,2026-07-30,2,0.46
L010343,2026-07-30,3,1.12
L010344,2026-07-30,3,1.12
L010345,2026-07-30,1,0.1
L010346,2026-07-30,10,15.85
L010347,2026-07-30,2,0.46
L010348,2026-07-30,3,1.12
L010349,2026-07-30,1,0.1
L010350,2026-07-30,2,0.46
L010351,2026-07-30,10,15.85
L010352,2026-07-30,3,1.12
L010353,2026-07-30,2,0.46
L010354,2026-07-30,9,12.57
L010355,2026-07-30,7,7.23
L010356,2026-07-30,8,9.7
L010357,2026-07-30,6,5.15
L010358,2026-07-30,8,9.7
L010359,2026-07-30,2,0.46
L010360,2026-07-30,3,1.12
L010361,2026-07-30,4,2.11
L010362,2026-07-30,5,3.45
L010363,2026-07-30,3,1.12
L010364,2026-07-30,2,0.46
L010365,2026-07-30,1,0.1
L010366,2026-07-30,2,0.46
L010367,2026-07-30,2,0.46
L010368,2026-07-30,3,1.12
L010369,2026-07-30,1,0.1
L010370,2026-07-30,6,5.15
L010371,2026-07-30,7,7.23
L010372,2026-07-30,1,0.1
L010373,2026-07-30,9,12.57
L010374,2026-07-30,3,1.12
L010375,2026-07-30,1,0.1
L010376,2026-07-30,2,0.46
L010377,2026-07-30,8,9.7
L010378,2026-07-30,6,5.15
L010379,2026-07-30,2,0.46
L010380,2026-07-30,4,2.11
L010381,2026-07-30,3,1.12
L010382,2026-07-30,1,0.1
L010383,2026-07-30,3,1.12
L010384,2026-07-30,5,3.45
L010385,2026-07-30,1,0.1
L010386,2026-07-30,8,9.7
L010387,2026-07-30,2,0.46
L010388,2026-07-30,6,5.15
L010389,2026-07-30,5,3.45
L010390,2026-07-30,6,5.15
L010391,2026-07-30,10,15.85
L010392,2026-07-30,2,0.46
L010393,2026-07-30,7,7.23
L010394,2026-07-30,7,7.23
L010395,2026-07-30,6,5.15
L010396,2026-07-30,2,0.46
L010397,2026-07-30,5,3.45
L010398,2026-07-30,3,1.12
L010399,2026-07-30,10,15.85
L010400,2026-07-30,6,5.15
L010401,2026-07-30,1,0.1
L010402,2026-07-30,4,2.11
L010403,2026-07-30,1,0.1
L010404,2026-07-30,3,1.12
L010405,2026-07-30,3,1.12
L010406,2026-07-30,2,0.46
L010407,2026-07-30,8,9.7
L010408,2026-07-30,3,1.12
L010409,2026-07-30,2,0.46
L010410,2026-07-30,8,9.7
L010411,2026-07-30,2,0.46
L010412,2026-07-30,1,0.1
L010413,2026-07-30,6,5.15
L010414,2026-07-30,8,9.7
L010415,2026-07-30,1,0.1
L010416,2026-07-30,3,1.12
L010417,2026-07-30,3,1.12
L010418,2026-07-30,2,0.46
L010419,2026-07-30,2,0.46
L010420,2026-07-30,2,0.46
L010421,2026-07-30,3,1.12
L010422,2026-07-30,3,1.12
L010423,2026-07-30,3,1.12
L010424,2026-07-30,10,15.85
L010425,2026-07-30,4,2.11
L010426,2026-07-30,1,0.1
L010427,2026-07-30,8,9.7
L010428,2026-07-30,1,0.1
L010429,2026-07-30,3,1.12
L010430,2026-07-30,1,0.1
L010431,2026-07-30,8,9.7
L010432,2026-07-30,7,7.23
L010433,2026-07-30,2,0.46
L010434,2026-07-30,10,15.85
L010435,2026-07-30,3,1.12
L010436,2026-07-30,8,9.7
L010437,2026-07-30,3,1.12
L010438,2026-07-30,3,1.12
L010439,2026-07-30,10,15.85
L010440,2026-07-30,7,7.23
L010441,2026-07-30,6,5.15
L010442,2026-07-30,9,12.57
L010443,2026-07-30,2,0.46
L010444,2026-07-30,9,12.57
L010445,2026-07-30,3,1.12
L010446,2026-07-30,2,0.46
L010447,2026-07-30,7,7.23
L010448,2026-07-30,6,5.15
L010449,2026-07-30,2,0.46
L010450,2026-07-30,5,3.45
L010451,2026-07-30,1,0.1
L010452,2026-07-30,2,0.46
L010453,2026-07-30,4,2.11
L010454,2026-07-30,3,1.12
L010455,2026-07-30,4,2.11
L010456,2026-07-30,2,0.46
L010457,2026-07-30,1,0.1
L010458,2026-07-30,10,15.85
L010459,2026-07-30,3,1.12
L010460,2026-07-30,3,1.12
L010461,2026-07-30,8,9.7
L010462,2026-07-30,4,2.11
L010463,2026-07-30,9,12.57
L010464,2026-07-30,4,2.11
L010465,2026-07-30,1,0.1
L010466,2026-07-30,3,1.12
L010467,2026-07-30,6,5.15
L010468,2026-07-30,5,3.45
L010469,2026-07-30,7,7.23
L010470,2026-07-30,3,1.12
L010471,2026-07-30,3,1.12
L010472,2026-07-30,9,12.57
L010473,2026-07-30,6,5.15
L010474,2026-07-30,10,15.85
L010475,2026-07-30,3,1.12
L010476,2026-07-30,4,2.11
L010477,2026-07-30,7,7.23
L010478,2026-07-30,3,1.12
L010479,2026-07-30,1,0.1
L010480,2026-07-30,7,7.23
L010481,2026-07-30,4,2.11
L010482,2026-07-30,3,1.12
L010483,2026-07-30,1,0.1
L010484,2026-07-30,2,0.46
L010485,2026-07-30,3,1.12
L010486,2026-07-30,2,0.46
L010487,2026-07-30,3,1.12
L010488,2026-07-30,2,0.46
L010489,2026-07-30,1,0.1
L010490,2026-07-30,2,0.46
L010491,2026-07-30,1,0.1
L010492,2026-07-30,3,1.12
L010493,2026-07-30,1,0.1
L010494,2026-07-30,3,1.12
L010495,2026-07-30,4,2.11
L010496,2026-07-30,3,1.12
L010497,2026-07-30,1,0.1
L010498,2026-07-30,2,0.46
L010499,2026-07-30,8,9.7
L010500,2026-07-30,6,5.15
L010501,2026-07-30,3,1.12
L010502,2026-07-30,3,1.12
L010503,2026-07-30,4,2.11
L010504,2026-07-30,2,0.46
L010505,2026-07-30,3,1.12
L010506,2026-07-30,3,1.12
L010507,2026-07-30,4,2.11
L010508,2026-07-30,6,5.15
L010509,2026-07-30,2,0.46
L010510,2026-07-30,2,0.46
L010511,2026-07-30,6,5.15
L010512,2026-07-30,2,0.46
L010513,2026-07-30,9,12.57
L010514,2026-07-30,1,0.1
L010515,2026-07-30,5,3.45
L010516,2026-07-30,8,9.7
L010517,2026-07-30,7,7.23
L010518,2026-07-30,6,5.15
L010519,2026-07-30,1,0.1
L010520,2026-07-30,2,0.46
L010521,2026-07-30,4,2.11
L010522,2026-07-30,1,0.1
L010523,2026-07-30,2,0.46
L010524,2026-07-30,3,1.12
L010525,2026-07-30,1,0.1
L010526,2026-07-30,1,0.1
L010527,2026-07-30,1,0.1
L010528,2026-07-30,1,0.1
L010529,2026-07-30,1,0.1
L010530,2026-07-30,3,1.12
L010531,2026-07-30,3,1.12
L010532,2026-07-30,1,0.1
L010533,2026-07-30,3,1.12
L010534,2026-07-30,6,5.15
L010535,2026-07-30,1,0.1
L010536,2026-07-30,2,0.46
L010537,2026-07-30,6,5.15
L010538,2026-07-30,1,0.1
L010539,2026-07-30,2,0.46
L010540,2026-07-30,1,0.1
L010541,2026-07-30,6,5.15
L010542,2026-07-30,10,15.85
L010543,2026-07-30,1,0.1
L010544,2026-07-30,2,0.46
L010545,2026-07-30,3,1.12
L010546,2026-07-30,2,0.46
L010547,2026-07-30,3,1.12
L010548,2026-07-30,5,3.45
L010549,2026-07-30,2,0.46
L010550,2026-07-30,10,15.85
L010551,2026-07-30,3,1.12
L010552,2026-07-30,3,1.12
L010553,2026-07-30,7,7.23
L010554,2026-07-30,4,2.11
L010555,2026-07-30,2,0.46
L010556,2026-07-30,1,0.1
L010557,2026-07-30,1,0.1
L010558,2026-07-30,7,7.23
L010559,2026-07-30,1,0.1
L010560,2026-07-30,8,9.7
L010561,2026-07-30,9,12.57
L010562,2026-07-30,3,1.12
L010563,2026-07-30,4,2.11
L010564,2026-07-30,3,1.12
L010565,2026-07-30,3,1.12
L010566,2026-07-30,8,9.7
L010567,2026-07-30,4,2.11
L010568,2026-07-30,2,0.46
L010569,2026-07-30,9,12.57
L010570,2026-07-30,1,0.1
L010571,2026-07-30,2,0.46
L010572,2026-07-30,10,15.85
L010573,2026-07-30,3,1.12
L010574,2026-07-30,1,0.1
L010575,2026-07-30,6,5.15
L010576,2026-07-30,8,9.7
L010577,2026-07-30,2,0.46
L010578,2026-07-30,1,0.1
L010579,2026-07-30,1,0.1
L010580,2026-07-30,2,0.46
L010581,2026-07-30,2,0.46
L010582,2026-07-30,3,1.12
L010583,2026-07-30,2,0.46
L010584,2026-07-30,4,2.11
L010585,2026-07-30,3,1.12
L010586,2026-07-30,1,0.1
L010587,2026-07-30,1,0.1
L010588,2026-07-30,1,0.1
L010589,2026-07-30,1,0.1
L010590,2026-07-30,8,9.7
L010591,2026-07-30,10,15.85
L010592,2026-07-30,4,2.11
L010593,2026-07-30,3,1.12
L010594,2026-07-30,3,1.12
L010595,2026-07-30,8,9.7
L010596,2026-07-30,3,1.12
L010597,2026-07-30,2,0.46
L010598,2026-07-30,1,0.1
L010599,2026-07-30,2,0.46
L010600,2026-07-30,3,1.12
L010601,2026-07-30,6,5.15
L010602,2026-07-30,1,0.1
L010603,2026-07-30,3,1.12
L010604,2026-07-30,1,0.1
L010605,2026-07-30,1,0.1
L010606,2026-07-30,2,0.46
L010607,2026-07-30,3,1.12
L010608,2026-07-30,2,0.46
L010609,2026-07-30,7,7.23
L010610,2026-07-30,3,1.12
L010611,2026-07-30,3,1.12
L010612,2026-07-30,7,7.23
L010613,2026-07-30,3,1.12
L010614,2026-07-30,7,7.23
L010615,2026-07-30,3,1.12
L010616,2026-07-30,3,1.12
L010617,2026-07-30,2,0.46
L010618,2026-07-30,3,1.12
L010619,2026-07-30,2,0.46
L010620,2026-07-30,3,1.12
L010621,2026-07-30,4,2.11
L010622,2026-07-30,4,2.11
L010623,2026-07-30,6,5.15
L010624,2026-07-30,1,0.1
L010625,2026-07-30,1,0.1
L010626,2026-07-30,2,0.46
L010627,2026-07-30,3,1.12
L010628,2026-07-30,2,0.46
L010629,2026-07-30,5,3.45
L010630,2026-07-30,7,7.23
L010631,2026-07-30,1,0.1
L010632,2026-07-30,9,12.57
L010633,2026-07-30,3,1.12
L010634,2026-07-30,3,1.12
L010635,2026-07-30,1,0.1
L010636,2026-07-30,3,1.12
L010637,2026-07-30,1,0.1
L010638,2026-07-30,2,0.46
L010639,2026-07-30,5,3.45
L010640,2026-07-30,4,2.11
L010641,2026-07-30,1,0.1
L010642,2026-07-30,8,9.7
L010643,2026-07-30,1,0.1
L010644,2026-07-30,10,15.85
L010645,2026-07-30,10,15.85
L010646,2026-07-30,2,0.46
L010647,2026-07-30,4,2.11
L010648,2026-07-30,9,12.57
L010649,2026-07-30,1,0.1
L010650,2026-07-30,7,7.23
L010651,2026-07-30,1,0.1
L010652,2026-07-30,2,0.46
L010653,2026-07-30,1,0.1
L010654,2026-07-30,3,1.12
L010655,2026-07-30,1,0.1
L010656,2026-07-30,1,0.1
L010657,2026-07-30,2,0.46
L010658,2026-07-30,2,0.46
L010659,2026-07-30,1,0.1
L010660,2026-07-30,1,0.1
L010661,2026-07-30,10,15.85
L010662,2026-07-30,3,1.12
L010663,2026-07-30,1,0.1
L010664,2026-07-30,2,0.46
L010665,2026-07-30,3,1.12
L010666,2026-07-30,10,15.85
L010667,2026-07-30,3,1.12
L010668,2026-07-30,3,1.12
L010669,2026-07-30,3,1.12
L010670,2026-07-30,1,0.1
L010671,2026-07-30,1,0.1
L010672,2026-07-30,1,0.1
L010673,2026-07-30,3,1.12
L010674,2026-07-30,3,1.12
L010675,2026-07-30,2,0.46
L010676,2026-07-30,3,1.12
L010677,2026-07-30,3,1.12
L010678,2026-07-30,4,2.11
L010679,2026-07-30,9,12.57
L010680,2026-07-30,1,0.1
L010681,2026-07-30,3,1.12
L010682,2026-07-30,7,7.23
L010683,2026-07-30,3,1.12
L010684,2026-07-30,2,0.46
L010685,2026-07-30,7,7.23
L010686,2026-07-30,4,2.11
L010687,2026-07-30,9,12.57
L010688,2026-07-30,1,0.1
L010689,2026-07-30,1,0.1
L010690,2026-07-30,6,5.15
L010691,2026-07-30,2,0.46
L010692,2026-07-30,1,0.1
L010693,2026-07-30,3,1.12
L010694,2026-07-30,2,0.46
L010695,2026-07-30,1,0.1
L010696,2026-07-30,7,7.23
L010697,2026-07-30,1,0.1
L010698,2026-07-30,3,1.12
L010699,2026-07-30,1,0.1
L010700,2026-07-30,6,5.15
L010701,2026-07-30,2,0.46
L010702,2026-07-30,3,1.12
L010703,2026-07-30,1,0.1
L010704,2026-07-30,3,1.12
L010705,2026-07-30,3,1.12
L010706,2026-07-30,1,0.1
L010707,2026-07-30,3,1.12
L010708,2026-07-30,3,1.12
L010709,2026-07-30,4,2.11
L010710,2026-07-30,1,0.1
L010711,2026-07-30,1,0.1
L010712,2026-07-30,3,1.12
L010713,2026-07-30,3,1.12
L010714,2026-07-30,2,0.46
L010715,2026-07-30,3,1.12
L010716,2026-07-30,2,0.46
L010717,2026-07-30,1,0.1
L010718,2026-07-30,1,0.1
L010719,2026-07-30,2,0.46
L010720,2026-07-30,5,3.45
L010721,2026-07-30,4,2.11
L010722,2026-07-30,1,0.1
L010723,2026-07-30,2,0.46
L010724,2026-07-30,9,12.57
L010725,2026-07-30,2,0.46
L010726,2026-07-30,10,15.85
L010727,2026-07-30,2,0.46
L010728,2026-07-30,2,0.46
L010729,2026-07-30,2,0.46
L010730,2026-07-30,9,12.57
L010731,2026-07-30,6,5.15
L010732,2026-07-30,3,1.12
L010733,2026-07-30,1,0.1
L010734,2026-07-30,3,1.12
L010735,2026-07-30,2,0.46
L010736,2026-07-30,3,1.12
L010737,2026-07-30,5,3.45
L010738,2026-07-30,2,0.46
L010739,2026-07-30,2,0.46
L010740,2026-07-30,3,1.12
L010741,2026-07-30,2,0.46
L010742,2026-07-30,2,0.46
L010743,2026-07-30,1,0.1
L010744,2026-07-30,3,1.12
L010745,2026-07-30,3,1.12
L010746,2026-07-30,2,0.46
L010747,2026-07-30,2,0.46
L010748,2026-07-30,2,0.46
L010749,2026-07-30,2,0.46
L010750,2026-07-30,3,1.12
L010751,2026-07-30,1,0.1
L010752,2026-07-30,8,9.7
L010753,2026-07-30,2,0.46
L010754,2026-07-30,2,0.46
L010755,2026-07-30,2,0.46
L010756,2026-07-30,1,0.1
L010757,2026-07-30,10,15.85
L010758,2026-07-30,5,3.45
L010759,2026-07-30,6,5.15
L010760,2026-07-30,1,0.1
L010761,2026-07-30,10,15.85
L010762,2026-07-30,7,7.23
L010763,2026-07-30,3,1.12
L010764,2026-07-30,2,0.46
L010765,2026-07-30,2,0.46
L010766,2026-07-30,3,1.12
L010767,2026-07-30,1,0.1
L010768,2026-07-30,2,0.46
L010769,2026-07-30,6,5.15
L010770,2026-07-30,4,2.11
L010771,2026-07-30,3,1.12
L010772,2026-07-30,9,12.57
L010773,2026-07-30,3,1.12
L010774,2026-07-30,3,1.12
L010775,2026-07-30,9,12.57
L010776,2026-07-30,3,1.12
L010777,2026-07-30,9,12.57
L010778,2026-07-30,4,2.11
L010779,2026-07-30,6,5.15
L010780,2026-07-30,8,9.7
L010781,2026-07-30,2,0.46
L010782,2026-07-30,3,1.12
L010783,2026-07-30,1,0.1
L010784,2026-07-30,2,0.46
L010785,2026-07-30,1,0.1
L010786,2026-07-30,5,3.45
L010787,2026-07-30,3,1.12
L010788,2026-07-30,7,7.23
L010789,2026-07-30,2,0.46
L010790,2026-07-30,2,0.46
L010791,2026-07-30,4,2.11
L010792,2026-07-30,1,0.1
L010793,2026-07-30,9,12.57
L010794,2026-07-30,9,12.57
L010795,2026-07-30,3,1.12
L010796,2026-07-30,3,1.12
L010797,2026-07-30,3,1.12
L010798,2026-07-30,2,0.46
L010799,2026-07-30,3,1.12
L010800,2026-07-30,2,0.46
L010801,2026-07-30,5,3.45
L010802,2026-07-30,5,3.45
L010803,2026-07-30,3,1.12
L010804,2026-07-30,3,1.12
L010805,2026-07-30,1,0.1
L010806,2026-07-30,2,0.46
L010807,2026-07-30,2,0.46
L010808,2026-07-30,6,5.15
L010809,2026-07-30,2,0.46
L010810,2026-07-30,1,0.1
L010811,2026-07-30,9,12.57
L010812,2026-07-30,10,15.85
L010813,2026-07-30,3,1.12
L010814,2026-07-30,3,1.12
L010815,2026-07-30,1,0.1
L010816,2026-07-30,7,7.23
L010817,2026-07-30,1,0.1
L010818,2026-07-30,2,0.46
L010819,2026-07-30,6,5.15
L010820,2026-07-30,2,0.46
L010821,2026-07-30,3,1.12
L010822,2026-07-30,4,2.11
L010823,2026-07-30,6,5.15
L010824,2026-07-30,6,5.15
L010825,2026-07-30,2,0.46
L010826,2026-07-30,3,1.12
L010827,2026-07-30,1,0.1
L010828,2026-07-30,2,0.46
L010829,2026-07-30,2,0.46
L010830,2026-07-30,1,0.1
L010831,2026-07-30,2,0.46
L010832,2026-07-30,8,9.7
L010833,2026-07-30,2,0.46
L010834,2026-07-30,9,12.57
L010835,2026-07-30,5,3.45
L010836,2026-07-30,7,7.23
L010837,2026-07-30,1,0.1
L010838,2026-07-30,1,0.1
L010839,2026-07-30,3,1.12
L010840,2026-07-30,2,0.46
L010841,2026-07-30,5,3.45
L010842,2026-07-30,3,1.12
L010843,2026-07-30,2,0.46
L010844,2026-07-30,5,3.45
L010845,2026-07-30,3,1.12
L010846,2026-07-30,1,0.1
L010847,2026-07-30,8,9.7
L010848,2026-07-30,10,15.85
L010849,2026-07-30,8,9.7
L010850,2026-07-30,1,0.1
L010851,2026-07-30,3,1.12
L010852,2026-07-30,3,1.12
L010853,2026-07-30,3,1.12
L010854,2026-07-30,8,9.7
L010855,2026-07-30,2,0.46
L010856,2026-07-30,3,1.12
L010857,2026-07-30,2,0.46
L010858,2026-07-30,3,1.12
L010859,2026-07-30,8,9.7
L010860,2026-07-30,1,0.1
L010861,2026-07-30,2,0.46
L010862,2026-07-30,1,0.1
L010863,2026-07-30,2,0.46
L010864,2026-07-30,4,2.11
L010865,2026-07-30,3,1.12
L010866,2026-07-30,2,0.46
L010867,2026-07-30,3,1.12
L010868,2026-07-30,3,1.12
L010869,2026-07-30,2,0.46
L010870,2026-07-30,2,0.46
L010871,2026-07-30,3,1.12
L010872,2026-07-30,6,5.15
L010873,2026-07-30,4,2.11
L010874,2026-07-30,7,7.23
L010875,2026-07-30,2,0.46
L010876,2026-07-30,1,0.1
L010877,2026-07-30,7,7.23
L010878,2026-07-30,7,7.23
L010879,2026-07-30,6,5.15
L010880,2026-07-30,2,0.46
L010881,2026-07-30,2,0.46
L010882,2026-07-30,3,1.12
L010883,2026-07-30,5,3.45
L010884,2026-07-30,2,0.46
L010885,2026-07-30,3,1.12
L010886,2026-07-30,1,0.1
L010887,2026-07-30,6,5.15
L010888,2026-07-30,1,0.1
L010889,2026-07-30,1,0.1
L010890,2026-07-30,4,2.11
L010891,2026-07-30,7,7.23
L010892,2026-07-30,1,0.1
L010893,2026-07-30,2,0.46
L010894,2026-07-30,1,0.1
L010895,2026-07-30,4,2.11
L010896,2026-07-30,1,0.1
L010897,2026-07-30,7,7.23
L010898,2026-07-30,6,5.15
L010899,2026-07-30,2,0.46
L010900,2026-07-30,1,0.1
L010901,2026-07-30,6,5.15
L010902,2026-07-30,3,1.12
L010903,2026-07-30,4,2.11
L010904,2026-07-30,4,2.11
L010905,2026-07-30,1,0.1
L010906,2026-07-30,1,0.1
L010907,2026-07-30,6,5.15
L010908,2026-07-30,9,12.57
L010909,2026-07-30,6,5.15
L010910,2026-07-30,1,0.1
L010911,2026-07-30,8,9.7
L010912,2026-07-30,4,2.11
L010913,2026-07-30,2,0.46
L010914,2026-07-30,5,3.45
L010915,2026-07-30,10,15.85
L010916,2026-07-30,7,7.23
L010917,2026-07-30,1,0.1
L010918,2026-07-30,3,1.12
L010919,2026-07-30,3,1.12
L010920,2026-07-30,3,1.12
L010921,2026-07-30,7,7.23
L010922,2026-07-30,2,0.46
L010923,2026-07-30,2,0.46
L010924,2026-07-30,1,0.1
L010925,2026-07-30,3,1.12
L010926,2026-07-30,3,1.12
L010927,2026-07-30,6,5.15
L010928,2026-07-30,3,1.12
L010929,2026-07-30,5,3.45
L010930,2026-07-30,2,0.46
L010931,2026-07-30,1,0.1
L010932,2026-07-30,3,1.12
L010933,2026-07-30,1,0.1
L010934,2026-07-30,9,12.57
L010935,2026-07-30,2,0.46
L010936,2026-07-30,1,0.1
L010937,2026-07-30,3,1.12
L010938,2026-07-30,1,0.1
L010939,2026-07-30,2,0.46
L010940,2026-07-30,3,1.12
L010941,2026-07-30,2,0.46
L010942,2026-07-30,2,0.46
L010943,2026-07-30,1,0.1
L010944,2026-07-30,1,0.1
L010945,2026-07-30,7,7.23
L010946,2026-07-30,3,1.12
L010947,2026-07-30,2,0.46
L010948,2026-07-30,3,1.12
L010949,2026-07-30,6,5.15
L010950,2026-07-30,2,0.46
L010951,2026-07-30,3,1.12
L010952,2026-07-30,2,0.46
L010953,2026-07-30,2,0.46
L010954,2026-07-30,1,0.1
L010955,2026-07-30,2,0.46
L010956,2026-07-30,2,0.46
L010957,2026-07-30,3,1.12
L010958,2026-07-30,9,12.57
L010959,2026-07-30,2,0.46
L010960,2026-07-30,10,15.85
L010961,2026-07-30,3,1.12
L010962,2026-07-30,1,0.1
L010963,2026-07-30,8,9.7
L010964,2026-07-30,1,0.1
L010965,2026-07-30,1,0.1
L010966,2026-07-30,2,0.46
L010967,2026-07-30,1,0.1
L010968,2026-07-30,3,1.12
L010969,2026-07-30,3,1.12
L010970,2026-07-30,9,12.57
L010971,2026-07-30,2,0.46
L010972,2026-07-30,6,5.15
L010973,2026-07-30,2,0.46
L010974,2026-07-30,1,0.1
L010975,2026-07-30,1,0.1
L010976,2026-07-30,3,1.12
L010977,2026-07-30,9,12.57
L010978,2026-07-30,2,0.46
L010979,2026-07-30,1,0.1
L010980,2026-07-30,9,12.57
L010981,2026-07-30,1,0.1
L010982,2026-07-30,3,1.12
L010983,2026-07-30,4,2.11
L010984,2026-07-30,3,1.12
L010985,2026-07-30,3,1.12
L010986,2026-07-30,3,1.12
L010987,2026-07-30,3,1.12
L010988,2026-07-30,1,0.1
L010989,2026-07-30,2,0.46
L010990,2026-07-30,3,1.12
L010991,2026-07-30,9,12.57
L010992,2026-07-30,2,0.46
L010993,2026-07-30,5,3.45
L010994,2026-07-30,7,7.23
L010995,2026-07-30,1,0.1
L010996,2026-07-30,4,2.11
L010997,2026-07-30,1,0.1
L010998,2026-07-30,1,0.1
L010999,2026-07-30,3,1.12
L011000,2026-07-30,4,2.11
L011001,2026-07-30,3,1.12
L011002,2026-07-30,2,0.46
L011003,2026-07-30,9,12.57
L011004,2026-07-30,10,15.85
L011005,2026-07-30,2,0.46
L011006,2026-07-30,3,1.12
L011007,2026-07-30,3,1.12
L011008,2026-07-30,2,0.46
L011009,2026-07-30,9,12.57
L011010,2026-07-30,5,3.45
L011011,2026-07-30,2,0.46
L011012,2026-07-30,8,9.7
L011013,2026-07-30,10,15.85
L011014,2026-07-30,3,1.12
L011015,2026-07-30,3,1.12
L011016,2026-07-30,3,1.12
L011017,2026-07-30,7,7.23
L011018,2026-07-30,1,0.1
L011019,2026-07-30,1,0.1
L011020,2026-07-30,3,1.12
L011021,2026-07-30,2,0.46
L011022,2026-07-30,4,2.11
L011023,2026-07-30,1,0.1
L011024,2026-07-30,1,0.1
L011025,2026-07-30,2,0.46
L011026,2026-07-30,3,1.12
L011027,2026-07-30,2,0.46
L011028,2026-07-30,3,1.12
L011029,2026-07-30,1,0.1
L011030,2026-07-30,3,1.12
L011031,2026-07-30,10,15.85
L011032,2026-07-30,3,1.12
L011033,2026-07-30,2,0.46
L011034,2026-07-30,1,0.1
L011035,2026-07-30,1,0.1
L011036,2026-07-30,2,0.46
L011037,2026-07-30,5,3.45
L011038,2026-07-30,1,0.1
L011039,2026-07-30,2,0.46
L011040,2026-07-30,7,7.23
L011041,2026-07-30,1,0.1
L011042,2026-07-30,3,1.12
L011043,2026-07-30,2,0.46
L011044,2026-07-30,1,0.1
L011045,2026-07-30,3,1.12
L011046,2026-07-30,2,0.46
L011047,2026-07-30,1,0.1
L011048,2026-07-30,3,1.12
L011049,2026-07-30,3,1.12
L011050,2026-07-30,3,1.12
L011051,2026-07-30,5,3.45
L011052,2026-07-30,1,0.1
L011053,2026-07-30,1,0.1
L011054,2026-07-30,3,1.12
L011055,2026-07-30,1,0.1
L011056,2026-07-30,2,0.46
L011057,2026-07-30,2,0.46
L011058,2026-07-30,4,2.11
L011059,2026-07-30,4,2.11
L011060,2026-07-30,1,0.1
L011061,2026-07-30,2,0.46
L011062,2026-07-30,2,0.46
L011063,2026-07-30,3,1.12
L011064,2026-07-30,2,0.46
L011065,2026-07-30,1,0.1
L011066,2026-07-30,3,1.12
L011067,2026-07-30,8,9.7
L011068,2026-07-30,3,1.12
L011069,2026-07-30,5,3.45
L011070,2026-07-30,3,1.12
L011071,2026-07-30,4,2.11
L011072,2026-07-30,1,0.1
L011073,2026-07-30,4,2.11
L011074,2026-07-30,2,0.46
L011075,2026-07-30,4,2.11
L011076,2026-07-30,10,15.85
L011077,2026-07-30,1,0.1
L011078,2026-07-30,1,0.1
L011079,2026-07-30,2,0.46
L011080,2026-07-30,2,0.46
L011081,2026-07-30,2,0.46
L011082,2026-07-30,1,0.1
L011083,2026-07-30,3,1.12
L011084,2026-07-30,10,15.85
L011085,2026-07-30,1,0.1
L011086,2026-07-30,10,15.85
L011087,2026-07-30,6,5.15
L011088,2026-07-30,6,5.15
L011089,2026-07-30,6,5.15
L011090,2026-07-30,2,0.46
L011091,2026-07-30,10,15.85
L011092,2026-07-30,2,0.46
L011093,2026-07-30,1,0.1
L011094,2026-07-30,1,0.1
L011095,2026-07-30,2,0.46
L011096,2026-07-30,3,1.12
L011097,2026-07-30,2,0.46
L011098,2026-07-30,6,5.15
L011099,2026-07-30,10,15.85
L011100,2026-07-30,1,0.1
L011101,2026-07-30,2,0.46
L011102,2026-07-30,10,15.85
L011103,2026-07-30,2,0.46
L011104,2026-07-30,2,0.46
L011105,2026-07-30,2,0.46
L011106,2026-07-30,4,2.11
L011107,2026-07-30,8,9.7
L011108,2026-07-30,2,0.46
L011109,2026-07-30,7,7.23
L011110,2026-07-30,2,0.46
L011111,2026-07-30,2,0.46
L011112,2026-07-30,6,5.15
L011113,2026-07-30,6,5.15
L011114,2026-07-30,5,3.45
L011115,2026-07-30,3,1.12
L011116,2026-07-30,3,1.12
L011117,2026-07-30,2,0.46
L011118,2026-07-30,2,0.46
L011119,2026-07-30,2,0.46
L011120,2026-07-30,2,0.46
L011121,2026-07-30,6,5.15
L011122,2026-07-30,6,5.15
L011123,2026-07-30,3,1.12
L011124,2026-07-30,1,0.1
L011125,2026-07-30,2,0.46
L011126,2026-07-30,1,0.1
L011127,2026-07-30,1,0.1
L011128,2026-07-30,5,3.45
L011129,2026-07-30,1,0.1
L011130,2026-07-30,3,1.12
L011131,2026-07-30,3,1.12
L011132,2026-07-30,4,2.11
L011133,2026-07-30,3,1.12
L011134,2026-07-30,4,2.11
L011135,2026-07-30,2,0.46
L011136,2026-07-30,1,0.1
L011137,2026-07-30,7,7.23
L011138,2026-07-30,3,1.12
L011139,2026-07-30,8,9.7
L011140,2026-07-30,6,5.15
L011141,2026-07-30,7,7.23
L011142,2026-07-30,1,0.1
L011143,2026-07-30,3,1.12
L011144,2026-07-30,4,2.11
L011145,2026-07-30,1,0.1
L011146,2026-07-30,9,12.57
L011147,2026-07-30,2,0.46
L011148,2026-07-30,3,1.12
L011149,2026-07-30,3,1.12
L011150,2026-07-30,9,12.57
L011151,2026-07-30,1,0.1
L011152,2026-07-30,4,2.11
L011153,2026-07-30,6,5.15
L011154,2026-07-30,2,0.46
L011155,2026-07-30,3,1.12
L011156,2026-07-30,1,0.1
L011157,2026-07-30,8,9.7
L011158,2026-07-30,2,0.46
L011159,2026-07-30,3,1.12
L011160,2026-07-30,3,1.12
L011161,2026-07-30,5,3.45
L011162,2026-07-30,9,12.57
L011163,2026-07-30,1,0.1
L011164,2026-07-30,1,0.1
L011165,2026-07-30,3,1.12
L011166,2026-07-30,2,0.46
L011167,2026-07-30,1,0.1
L011168,2026-07-30,2,0.46
L011169,2026-07-30,2,0.46
L011170,2026-07-30,3,1.12
L011171,2026-07-30,7,7.23
L011172,2026-07-30,9,12.57
L011173,2026-07-30,1,0.1
L011174,2026-07-30,1,0.1
L011175,2026-07-30,3,1.12
L011176,2026-07-30,2,0.46
L011177,2026-07-30,2,0.46
L011178,2026-07-30,7,7.23
L011179,2026-07-30,1,0.1
L011180,2026-07-30,2,0.46
L011181,2026-07-30,1,0.1
L011182,2026-07-30,8,9.7
L011183,2026-07-30,4,2.11
L011184,2026-07-30,2,0.46
L011185,2026-07-30,2,0.46
L011186,2026-07-30,2,0.46
L011187,2026-07-30,8,9.7
L011188,2026-07-30,2,0.46
L011189,2026-07-30,10,15.85
L011190,2026-07-30,3,1.12
L011191,2026-07-30,1,0.1
L011192,2026-07-30,9,12.57
L011193,2026-07-30,1,0.1
L011194,2026-07-30,5,3.45
L011195,2026-07-30,8,9.7
L011196,2026-07-30,2,0.46
L011197,2026-07-30,1,0.1
L011198,2026-07-30,3,1.12
L011199,2026-07-30,5,3.45
L011200,2026-07-30,3,1.12
L011201,2026-07-30,2,0.46
L011202,2026-07-30,1,0.1
L011203,2026-07-30,1,0.1
L011204,2026-07-30,2,0.46
L011205,2026-07-30,1,0.1
L011206,2026-07-30,1,0.1
L011207,2026-07-30,3,1.12
L011208,2026-07-30,3,1.12
L011209,2026-07-30,6,5.15
L011210,2026-07-30,3,1.12
L011211,2026-07-30,8,9.7
L011212,2026-07-30,2,0.46
L011213,2026-07-30,3,1.12
L011214,2026-07-30,3,1.12
L011215,2026-07-30,3,1.12
L011216,2026-07-30,2,0.46
L011217,2026-07-30,2,0.46
L011218,2026-07-30,2,0.46
L011219,2026-07-30,2,0.46
L011220,2026-07-30,1,0.1
L011221,2026-07-30,5,3.45
L011222,2026-07-30,2,0.46
L011223,2026-07-30,3,1.12
L011224,2026-07-30,1,0.1
L011225,2026-07-30,2,0.46
L011226,2026-07-30,4,2.11
L011227,2026-07-30,1,0.1
L011228,2026-07-30,2,0.46
L011229,2026-07-30,3,1.12
L011230,2026-07-30,10,15.85
L011231,2026-07-30,9,12.57
L011232,2026-07-30,4,2.11
L011233,2026-07-30,1,0.1
L011234,2026-07-30,1,0.1
L011235,2026-07-30,3,1.12
L011236,2026-07-30,3,1.12
L011237,2026-07-30,1,0.1
L011238,2026-07-30,5,3.45
L011239,2026-07-30,1,0.1
L011240,2026-07-30,2,0.46
L011241,2026-07-30,1,0.1
L011242,2026-07-30,3,1.12
L011243,2026-07-30,1,0.1
L011244,2026-07-30,1,0.1
L011245,2026-07-30,1,0.1
L011246,2026-07-30,3,1.12
L011247,2026-07-30,2,0.46
L011248,2026-07-30,10,15.85
L011249,2026-07-30,9,12.57
L011250,2026-07-30,8,9.7
L011251,2026-07-30,3,1.12
L011252,2026-07-30,2,0.46
L011253,2026-07-30,1,0.1
L011254,2026-07-30,9,12.57
L011255,2026-07-30,10,15.85
L011256,2026-07-30,8,9.7
L011257,2026-07-30,9,12.57
L011258,2026-07-30,6,5.15
L011259,2026-07-30,6,5.15
L011260,2026-07-30,3,1.12
L011261,2026-07-30,1,0.1
L011262,2026-07-30,3,1.12
L011263,2026-07-30,2,0.46
L011264,2026-07-30,7,7.23
L011265,2026-07-30,2,0.46
L011266,2026-07-30,5,3.45
L011267,2026-07-30,3,1.12
L011268,2026-07-30,3,1.12
L011269,2026-07-30,1,0.1
L011270,2026-07-30,1,0.1
L011271,2026-07-30,2,0.46
L011272,2026-07-30,2,0.46
L011273,2026-07-30,2,0.46
L011274,2026-07-30,9,12.57
L011275,2026-07-30,10,15.85
L011276,2026-07-30,3,1.12
L011277,2026-07-30,2,0.46
L011278,2026-07-30,3,1.12
L011279,2026-07-30,1,0.1
L011280,2026-07-30,2,0.46
L011281,2026-07-30,8,9.7
L011282,2026-07-30,2,0.46
L011283,2026-07-30,5,3.45
L011284,2026-07-30,6,5.15
L011285,2026-07-30,1,0.1
L011286,2026-07-30,1,0.1
L011287,2026-07-30,1,0.1
L011288,2026-07-30,2,0.46
L011289,2026-07-30,1,0.1
L011290,2026-07-30,1,0.1
L011291,2026-07-30,3,1.12
L011292,2026-07-30,3,1.12
L011293,2026-07-30,6,5.15
L011294,2026-07-30,4,2.11
L011295,2026-07-30,1,0.1
L011296,2026-07-30,1,0.1
L011297,2026-07-30,8,9.7
L011298,2026-07-30,2,0.46
L011299,2026-07-30,1,0.1
L011300,2026-07-30,2,0.46
L011301,2026-07-30,1,0.1
L011302,2026-07-30,7,7.23
L011303,2026-07-30,4,2.11
L011304,2026-07-30,3,1.12
L011305,2026-07-30,1,0.1
L011306,2026-07-30,3,1.12
L011307,2026-07-30,2,0.46
L011308,2026-07-30,1,0.1
L011309,2026-07-30,1,0.1
L011310,2026-07-30,3,1.12
L011311,2026-07-30,1,0.1
L011312,2026-07-30,2,0.46
L011313,2026-07-30,2,0.46
L011314,2026-07-30,1,0.1
L011315,2026-07-30,2,0.46
L011316,2026-07-30,3,1.12
L011317,2026-07-30,1,0.1
L011318,2026-07-30,6,5.15
L011319,2026-07-30,1,0.1
L011320,2026-07-30,2,0.46
L011321,2026-07-30,7,7.23
L011322,2026-07-30,9,12.57
L011323,2026-07-30,10,15.85
L011324,2026-07-30,10,15.85
L011325,2026-07-30,1,0.1
L011326,2026-07-30,5,3.45
L011327,2026-07-30,5,3.45
L011328,2026-07-30,2,0.46
L011329,2026-07-30,1,0.1
L011330,2026-07-30,3,1.12
L011331,2026-07-30,4,2.11
L011332,2026-07-30,3,1.12
L011333,2026-07-30,1,0.1
L011334,2026-07-30,7,7.23
L011335,2026-07-30,1,0.1
L011336,2026-07-30,1,0.1
L011337,2026-07-30,1,0.1
L011338,2026-07-30,2,0.46
L011339,2026-07-30,3,1.12
L011340,2026-07-30,2,0.46
L011341,2026-07-30,1,0.1
L011342,2026-07-30,3,1.12
L011343,2026-07-30,6,5.15
L011344,2026-07-30,1,0.1
L011345,2026-07-30,6,5.15
L011346,2026-07-30,3,1.12
L011347,2026-07-30,3,1.12
L011348,2026-07-30,4,2.11
L011349,2026-07-30,1,0.1
L011350,2026-07-30,2,0.46
L011351,2026-07-30,3,1.12
L011352,2026-07-30,9,12.57
L011353,2026-07-30,6,5.15
L011354,2026-07-30,10,15.85
L011355,2026-07-30,7,7.23
L011356,2026-07-30,1,0.1
L011357,2026-07-30,2,0.46
L011358,2026-07-30,10,15.85
L011359,2026-07-30,1,0.1
L011360,2026-07-30,1,0.1
L011361,2026-07-30,3,1.12
L011362,2026-07-30,5,3.45
L011363,2026-07-30,1,0.1
L011364,2026-07-30,4,2.11
L011365,2026-07-30,1,0.1
L011366,2026-07-30,2,0.46
L011367,2026-07-30,2,0.46
L011368,2026-07-30,3,1.12
L011369,2026-07-30,7,7.23
L011370,2026-07-30,6,5.15
L011371,2026-07-30,9,12.57
L011372,2026-07-30,1,0.1
L011373,2026-07-30,1,0.1
L011374,2026-07-30,3,1.12
L011375,2026-07-30,6,5.15
L011376,2026-07-30,1,0.1
L011377,2026-07-30,3,1.12
L011378,2026-07-30,4,2.11
L011379,2026-07-30,1,0.1
L011380,2026-07-30,1,0.1
L011381,2026-07-30,1,0.1
L011382,2026-07-30,1,0.1
L011383,2026-07-30,1,0.1
L011384,2026-07-30,1,0.1
L011385,2026-07-30,2,0.46
L011386,2026-07-30,10,15.85
L011387,2026-07-30,3,1.12
L011388,2026-07-30,2,0.46
L011389,2026-07-30,1,0.1
L011390,2026-07-30,2,0.46
L011391,2026-07-30,3,1.12
L011392,2026-07-30,3,1.12
L011393,2026-07-30,1,0.1
L011394,2026-07-30,3,1.12
L011395,2026-07-30,1,0.1
L011396,2026-07-30,5,3.45
L011397,2026-07-30,2,0.46
L011398,2026-07-30,10,15.85
L011399,2026-07-30,5,3.45
L011400,2026-07-30,5,3.45
L011401,2026-07-30,5,3.45
L011402,2026-07-30,4,2.11
L011403,2026-07-30,10,15.85
L011404,2026-07-30,8,9.7
L011405,2026-07-30,5,3.45
L011406,2026-07-30,3,1.12
L011407,2026-07-30,3,1.12
L011408,2026-07-30,9,12.57
L011409,2026-07-30,2,0.46
L011410,2026-07-30,3,1.12
L011411,2026-07-30,1,0.1
L011412,2026-07-30,5,3.45
L011413,2026-07-30,6,5.15
L011414,2026-07-30,1,0.1
L011415,2026-07-30,8,9.7
L011416,2026-07-30,4,2.11
L011417,2026-07-30,1,0.1
L011418,2026-07-30,1,0.1
L011419,2026-07-30,3,1.12
L011420,2026-07-30,3,1.12
L011421,2026-07-30,6,5.15
L011422,2026-07-30,8,9.7
L011423,2026-07-30,3,1.12
L011424,2026-07-30,10,15.85
L011425,2026-07-30,2,0.46
L011426,2026-07-30,1,0.1
L011427,2026-07-30,3,1.12
L011428,2026-07-30,2,0.46
L011429,2026-07-30,1,0.1
L011430,2026-07-30,2,0.46
L011431,2026-07-30,1,0.1
L011432,2026-07-30,3,1.12
L011433,2026-07-30,1,0.1
L011434,2026-07-30,2,0.46
L011435,2026-07-30,3,1.12
L011436,2026-07-30,3,1.12
L011437,2026-07-30,2,0.46
L011438,2026-07-30,1,0.1
L011439,2026-07-30,4,2.11
L011440,2026-07-30,6,5.15
L011441,2026-07-30,1,0.1
L011442,2026-07-30,1,0.1
L011443,2026-07-30,8,9.7
L011444,2026-07-30,4,2.11
L011445,2026-07-30,5,3.45
L011446,2026-07-30,4,2.11
L011447,2026-07-30,6,5.15
L011448,2026-07-30,1,0.1
L011449,2026-07-30,2,0.46
L011450,2026-07-30,2,0.46
L011451,2026-07-30,1,0.1
L011452,2026-07-30,1,0.1
L011453,2026-07-30,3,1.12
L011454,2026-07-30,1,0.1
L011455,2026-07-30,3,1.12
L011456,2026-07-30,2,0.46
L011457,2026-07-30,1,0.1
L011458,2026-07-30,1,0.1
L011459,2026-07-30,2,0.46
L011460,2026-07-30,1,0.1
L011461,2026-07-30,5,3.45
L011462,2026-07-30,1,0.1
L011463,2026-07-30,1,0.1
L011464,2026-07-30,2,0.46
L011465,2026-07-30,1,0.1
L011466,2026-07-30,6,5.15
L011467,2026-07-30,1,0.1
L011468,2026-07-30,2,0.46
L011469,2026-07-30,10,15.85
L011470,2026-07-30,9,12.57
L011471,2026-07-30,1,0.1
L011472,2026-07-30,3,1.12
L011473,2026-07-30,2,0.46
L011474,2026-07-30,1,0.1
L011475,2026-07-30,2,0.46
L011476,2026-07-30,1,0.1
L011477,2026-07-30,8,9.7
L011478,2026-07-30,4,2.11
L011479,2026-07-30,2,0.46
L011480,2026-07-30,2,0.46
L011481,2026-07-30,10,15.85
L011482,2026-07-30,2,0.46
L011483,2026-07-30,1,0.1
L011484,2026-07-30,7,7.23
L011485,2026-07-30,5,3.45
L011486,2026-07-30,3,1.12
L011487,2026-07-30,2,0.46
L011488,2026-07-30,1,0.1
L011489,2026-07-30,9,12.57
L011490,2026-07-30,1,0.1
L011491,2026-07-30,3,1.12
L011492,2026-07-30,1,0.1
L011493,2026-07-30,2,0.46
L011494,2026-07-30,8,9.7
L011495,2026-07-30,10,15.85
L011496,2026-07-30,2,0.46
L011497,2026-07-30,2,0.46
L011498,2026-07-30,3,1.12
L011499,2026-07-30,3,1.12
L011500,2026-07-30,2,0.46
L011501,2026-07-30,1,0.1
L011502,2026-07-30,7,7.23
L011503,2026-07-30,2,0.46
L011504,2026-07-30,10,15.85
L011505,2026-07-30,2,0.46
L011506,2026-07-30,1,0.1
L011507,2026-07-30,3,1.12
L011508,2026-07-30,3,1.12
L011509,2026-07-30,1,0.1
L011510,2026-07-30,9,12.57
L011511,2026-07-30,2,0.46
L011512,2026-07-30,5,3.45
L011513,2026-07-30,7,7.23
L011514,2026-07-30,5,3.45
L011515,2026-07-30,3,1.12
L011516,2026-07-30,2,0.46
L011517,2026-07-30,1,0.1
L011518,2026-07-30,2,0.46
L011519,2026-07-30,3,1.12
L011520,2026-07-30,1,0.1
L011521,2026-07-30,10,15.85
L011522,2026-07-30,10,15.85
L011523,2026-07-30,3,1.12
L011524,2026-07-30,3,1.12
L011525,2026-07-30,2,0.46
L011526,2026-07-30,6,5.15
L011527,2026-07-30,7,7.23
L011528,2026-07-30,8,9.7
L011529,2026-07-30,2,0.46
L011530,2026-07-30,5,3.45
L011531,2026-07-30,2,0.46
L011532,2026-07-30,1,0.1
L011533,2026-07-30,3,1.12
L011534,2026-07-30,3,1.12
L011535,2026-07-30,8,9.7
L011536,2026-07-30,1,0.1
L011537,2026-07-30,1,0.1
L011538,2026-07-30,8,9.7
L011539,2026-07-30,3,1.12
L011540,2026-07-30,7,7.23
L011541,2026-07-30,9,12.57
L011542,2026-07-30,4,2.11
L011543,2026-07-30,3,1.12
L011544,2026-07-30,2,0.46
L011545,2026-07-30,10,15.85
L011546,2026-07-30,1,0.1
L011547,2026-07-30,2,0.46
L011548,2026-07-30,6,5.15
L011549,2026-07-30,2,0.46
L011550,2026-07-30,3,1.12
L011551,2026-07-30,1,0.1
L011552,2026-07-30,2,0.46
L011553,2026-07-30,3,1.12
L011554,2026-07-30,2,0.46
L011555,2026-07-30,2,0.46
L011556,2026-07-30,3,1.12
L011557,2026-07-30,10,15.85
L011558,2026-07-30,1,0.1
L011559,2026-07-30,7,7.23
L011560,2026-07-30,3,1.12
L011561,2026-07-30,8,9.7
L011562,2026-07-30,3,1.12
L011563,2026-07-30,8,9.7
L011564,2026-07-30,2,0.46
L011565,2026-07-30,1,0.1
L011566,2026-07-30,3,1.12
L011567,2026-07-30,1,0.1
L011568,2026-07-30,10,15.85
L011569,2026-07-30,5,3.45
L011570,2026-07-30,4,2.11
L011571,2026-07-30,10,15.85
L011572,2026-07-30,3,1.12
L011573,2026-07-30,8,9.7
L011574,2026-07-30,2,0.46
L011575,2026-07-30,2,0.46
L011576,2026-07-30,3,1.12
L011577,2026-07-30,5,3.45
L011578,2026-07-30,2,0.46
L011579,2026-07-30,1,0.1
L011580,2026-07-30,2,0.46
L011581,2026-07-30,8,9.7
L011582,2026-07-30,10,15.85
L011583,2026-07-30,9,12.57
L011584,2026-07-30,2,0.46
L011585,2026-07-30,1,0.1
L011586,2026-07-30,10,15.85
L011587,2026-07-30,7,7.23
L011588,2026-07-30,8,9.7
L011589,2026-07-30,2,0.46
L011590,2026-07-30,10,15.85
L011591,2026-07-30,2,0.46
L011592,2026-07-30,9,12.57
L011593,2026-07-30,1,0.1
L011594,2026-07-30,1,0.1
L011595,2026-07-30,3,1.12
L011596,2026-07-30,1,0.1
L011597,2026-07-30,7,7.23
L011598,2026-07-30,2,0.46
L011599,2026-07-30,4,2.11
L011600,2026-07-30,1,0.1
L011601,2026-07-30,10,15.85
L011602,2026-07-30,9,12.57
L011603,2026-07-30,9,12.57
L011604,2026-07-30,2,0.46
L011605,2026-07-30,3,1.12
L011606,2026-07-30,1,0.1
L011607,2026-07-30,9,12.57
L011608,2026-07-30,2,0.46
L011609,2026-07-30,8,9.7
L011610,2026-07-30,1,0.1
L011611,2026-07-30,7,7.23
L011612,2026-07-30,3,1.12
L011613,2026-07-30,2,0.46
L011614,2026-07-30,2,0.46
L011615,2026-07-30,4,2.11
L011616,2026-07-30,3,1.12
L011617,2026-07-30,2,0.46
L011618,2026-07-30,7,7.23
L011619,2026-07-30,3,1.12
L011620,2026-07-30,2,0.46
L011621,2026-07-30,7,7.23
L011622,2026-07-30,9,12.57
L011623,2026-07-30,2,0.46
L011624,2026-07-30,3,1.12
L011625,2026-07-30,2,0.46
L011626,2026-07-30,6,5.15
L011627,2026-07-30,9,12.57
L011628,2026-07-30,1,0.1
L011629,2026-07-30,2,0.46
L011630,2026-07-30,3,1.12
L011631,2026-07-30,1,0.1
L011632,2026-07-30,3,1.12
L011633,2026-07-30,5,3.45
L011634,2026-07-30,1,0.1
L011635,2026-07-30,5,3.45
L011636,2026-07-30,7,7.23
L011637,2026-07-30,2,0.46
L011638,2026-07-30,1,0.1
L011639,2026-07-30,3,1.12
L011640,2026-07-30,8,9.7
L011641,2026-07-30,8,9.7
L011642,2026-07-30,1,0.1
L011643,2026-07-30,7,7.23
L011644,2026-07-30,3,1.12
L011645,2026-07-30,1,0.1
L011646,2026-07-30,8,9.7
L011647,2026-07-30,3,1.12
L011648,2026-07-30,3,1.12
L011649,2026-07-30,6,5.15
L011650,2026-07-30,2,0.46
L011651,2026-07-30,2,0.46
L011652,2026-07-30,3,1.12
L011653,2026-07-30,3,1.12
L011654,2026-07-30,8,9.7
L011655,2026-07-30,2,0.46
L011656,2026-07-30,6,5.15
L011657,2026-07-30,6,5.15
L011658,2026-07-30,7,7.23
L011659,2026-07-30,9,12.57
L011660,2026-07-30,4,2.11
L011661,2026-07-30,7,7.23
L011662,2026-07-30,8,9.7
L011663,2026-07-30,7,7.23
L011664,2026-07-30,6,5.15
L011665,2026-07-30,2,0.46
L011666,2026-07-30,3,1.12
L011667,2026-07-30,7,7.23
L011668,2026-07-30,3,1.12
L011669,2026-07-30,6,5.15
L011670,2026-07-30,4,2.11
L011671,2026-07-30,1,0.1
L011672,2026-07-30,7,7.23
L011673,2026-07-30,3,1.12
L011674,2026-07-30,1,0.1
L011675,2026-07-30,1,0.1
L011676,2026-07-30,3,1.12
L011677,2026-07-30,1,0.1
L011678,2026-07-30,1,0.1
L011679,2026-07-30,1,0.1
L011680,2026-07-30,2,0.46
L011681,2026-07-30,1,0.1
L011682,2026-07-30,2,0.46
L011683,2026-07-30,5,3.45
L011684,2026-07-30,2,0.46
L011685,2026-07-30,1,0.1
L011686,2026-07-30,2,0.46
L011687,2026-07-30,7,7.23
L011688,2026-07-30,3,1.12
L011689,2026-07-30,10,15.85
L011690,2026-07-30,1,0.1
L011691,2026-07-30,1,0.1
L011692,2026-07-30,1,0.1
L011693,2026-07-30,10,15.85
L011694,2026-07-30,5,3.45
L011695,2026-07-30,2,0.46
L011696,2026-07-30,1,0.1
L011697,2026-07-30,2,0.46
L011698,2026-07-30,4,2.11
L011699,2026-07-30,3,1.12
L011700,2026-07-30,1,0.1
L011701,2026-07-30,2,0.46
L011702,2026-07-30,3,1.12
L011703,2026-07-30,8,9.7
L011704,2026-07-30,2,0.46
L011705,2026-07-30,7,7.23
L011706,2026-07-30,8,9.7
L011707,2026-07-30,2,0.46
L011708,2026-07-30,1,0.1
L011709,2026-07-30,1,0.1
L011710,2026-07-30,1,0.1
L011711,2026-07-30,6,5.15
L011712,2026-07-30,3,1.12
L011713,2026-07-30,2,0.46
L011714,2026-07-30,7,7.23
L011715,2026-07-30,9,12.57
L011716,2026-07-30,6,5.15
L011717,2026-07-30,4,2.11
L011718,2026-07-30,3,1.12
L011719,2026-07-30,1,0.1
L011720,2026-07-30,1,0.1
L011721,2026-07-30,3,1.12
L011722,2026-07-30,4,2.11
L011723,2026-07-30,2,0.46
L011724,2026-07-30,8,9.7
L011725,2026-07-30,1,0.1
L011726,2026-07-30,2,0.46
L011727,2026-07-30,1,0.1
L011728,2026-07-30,10,15.85
L011729,2026-07-30,8,9.7
L011730,2026-07-30,1,0.1
L011731,2026-07-30,2,0.46
L011732,2026-07-30,7,7.23
L011733,2026-07-30,2,0.46
L011734,2026-07-30,6,5.15
L011735,2026-07-30,9,12.57
L011736,2026-07-30,1,0.1
L011737,2026-07-30,2,0.46
L011738,2026-07-30,3,1.12
L011739,2026-07-30,5,3.45
L011740,2026-07-30,2,0.46
L011741,2026-07-30,8,9.7
L011742,2026-07-30,10,15.85
L011743,2026-07-30,8,9.7
L011744,2026-07-30,1,0.1
L011745,2026-07-30,8,9.7
L011746,2026-07-30,3,1.12
L011747,2026-07-30,6,5.15
L011748,2026-07-30,3,1.12
L011749,2026-07-30,2,0.46
L011750,2026-07-30,9,12.57
L011751,2026-07-30,1,0.1
L011752,2026-07-30,2,0.46
L011753,2026-07-30,4,2.11
L011754,2026-07-30,2,0.46
L011755,2026-07-30,2,0.46
L011756,2026-07-30,2,0.46
L011757,2026-07-30,2,0.46
L011758,2026-07-30,1,0.1
L011759,2026-07-30,1,0.1
L011760,2026-07-30,5,3.45
L011761,2026-07-30,3,1.12
L011762,2026-07-30,3,1.12
L011763,2026-07-30,7,7.23
L011764,2026-07-30,1,0.1
L011765,2026-07-30,2,0.46
L011766,2026-07-30,2,0.46
L011767,2026-07-30,2,0.46
L011768,2026-07-30,7,7.23
L011769,2026-07-30,2,0.46
L011770,2026-07-30,2,0.46
L011771,2026-07-30,2,0.46
L011772,2026-07-30,1,0.1
L011773,2026-07-30,4,2.11
L011774,2026-07-30,5,3.45
L011775,2026-07-30,6,5.15
L011776,2026-07-30,5,3.45
L011777,2026-07-30,9,12.57
L011778,2026-07-30,7,7.23
L011779,2026-07-30,2,0.46
L011780,2026-07-30,3,1.12
L011781,2026-07-30,3,1.12
L011782,2026-07-30,5,3.45
L011783,2026-07-30,9,12.57
L011784,2026-07-30,3,1.12
L011785,2026-07-30,10,15.85
L011786,2026-07-30,4,2.11
L011787,2026-07-30,6,5.15
L011788,2026-07-30,8,9.7
L011789,2026-07-30,8,9.7
L011790,2026-07-30,3,1.12
L011791,2026-07-30,4,2.11
L011792,2026-07-30,9,12.57
L011793,2026-07-30,3,1.12
L011794,2026-07-30,1,0.1
L011795,2026-07-30,8,9.7
L011796,2026-07-30,1,0.1
L011797,2026-07-30,3,1.12
L011798,2026-07-30,2,0.46
L011799,2026-07-30,10,15.85
L011800,2026-07-30,9,12.57
L011801,2026-07-30,10,15.85
L011802,2026-07-30,4,2.11
L011803,2026-07-30,1,0.1
L011804,2026-07-30,2,0.46
L011805,2026-07-30,6,5.15
L011806,2026-07-30,7,7.23
L011807,2026-07-30,3,1.12
L011808,2026-07-30,1,0.1
L011809,2026-07-30,1,0.1
L011810,2026-07-30,6,5.15
L011811,2026-07-30,6,5.15
L011812,2026-07-30,2,0.46
L011813,2026-07-30,5,3.45
L011814,2026-07-30,3,1.12
L011815,2026-07-30,4,2.11
L011816,2026-07-30,4,2.11
L011817,2026-07-30,3,1.12
L011818,2026-07-30,3,1.12
L011819,2026-07-30,6,5.15
L011820,2026-07-30,3,1.12
L011821,2026-07-30,6,5.15
L011822,2026-07-30,7,7.23
L011823,2026-07-30,6,5.15
L011824,2026-07-30,1,0.1
L011825,2026-07-30,3,1.12
L011826,2026-07-30,3,1.12
L011827,2026-07-30,3,1.12
L011828,2026-07-30,3,1.12
L011829,2026-07-30,1,0.1
L011830,2026-07-30,1,0.1
L011831,2026-07-30,3,1.12
L011832,2026-07-30,3,1.12
L011833,2026-07-30,9,12.57
L011834,2026-07-30,3,1.12
L011835,2026-07-30,3,1.12
L011836,2026-07-30,3,1.12
L011837,2026-07-30,3,1.12
L011838,2026-07-30,2,0.46
L011839,2026-07-30,6,5.15
L011840,2026-07-30,8,9.7
L011841,2026-07-30,3,1.12
L011842,2026-07-30,7,7.23
L011843,2026-07-30,1,0.1
L011844,2026-07-30,4,2.11
L011845,2026-07-30,2,0.46
L011846,2026-07-30,2,0.46
L011847,2026-07-30,2,0.46
L011848,2026-07-30,1,0.1
L011849,2026-07-30,8,9.7
L011850,2026-07-30,2,0.46
L011851,2026-07-30,1,0.1
L011852,2026-07-30,2,0.46
L011853,2026-07-30,7,7.23
L011854,2026-07-30,1,0.1
L011855,2026-07-30,7,7.23
L011856,2026-07-30,2,0.46
L011857,2026-07-30,1,0.1
L011858,2026-07-30,4,2.11
L011859,2026-07-30,4,2.11
L011860,2026-07-30,3,1.12
L011861,2026-07-30,2,0.46
L011862,2026-07-30,2,0.46
L011863,2026-07-30,3,1.12
L011864,2026-07-30,1,0.1
L011865,2026-07-30,8,9.7
L011866,2026-07-30,10,15.85
L011867,2026-07-30,3,1.12
L011868,2026-07-30,2,0.46
L011869,2026-07-30,9,12.57
L011870,2026-07-30,1,0.1
L011871,2026-07-30,1,0.1
L011872,2026-07-30,3,1.12
L011873,2026-07-30,4,2.11
L011874,2026-07-30,2,0.46
L011875,2026-07-30,1,0.1
L011876,2026-07-30,3,1.12
L011877,2026-07-30,3,1.12
L011878,2026-07-30,1,0.1
L011879,2026-07-30,2,0.46
L011880,2026-07-30,3,1.12
L011881,2026-07-30,7,7.23
L011882,2026-07-30,2,0.46
L011883,2026-07-30,7,7.23
L011884,2026-07-30,3,1.12
L011885,2026-07-30,1,0.1
L011886,2026-07-30,2,0.46
L011887,2026-07-30,1,0.1
L011888,2026-07-30,1,0.1
L011889,2026-07-30,4,2.11
L011890,2026-07-30,2,0.46
L011891,2026-07-30,3,1.12
L011892,2026-07-30,2,0.46
L011893,2026-07-30,2,0.46
L011894,2026-07-30,2,0.46
L011895,2026-07-30,5,3.45
L011896,2026-07-30,2,0.46
L011897,2026-07-30,1,0.1
L011898,2026-07-30,2,0.46
L011899,2026-07-30,2,0.46
L011900,2026-07-30,2,0.46
L011901,2026-07-30,3,1.12
L011902,2026-07-30,2,0.46
L011903,2026-07-30,9,12.57
L011904,2026-07-30,3,1.12
L011905,2026-07-30,2,0.46
L011906,2026-07-30,1,0.1
L011907,2026-07-30,2,0.46
L011908,2026-07-30,2,0.46
L011909,2026-07-30,1,0.1
L011910,2026-07-30,2,0.46
L011911,2026-07-30,5,3.45
L011912,2026-07-30,2,0.46
L011913,2026-07-30,9,12.57
L011914,2026-07-30,3,1.12
L011915,2026-07-30,10,15.85
L011916,2026-07-30,7,7.23
L011917,2026-07-30,6,5.15
L011918,2026-07-30,9,12.57
L011919,2026-07-30,1,0.1
L011920,2026-07-30,7,7.23
L011921,2026-07-30,10,15.85
L011922,2026-07-30,7,7.23
L011923,2026-07-30,9,12.57
L011924,2026-07-30,2,0.46
L011925,2026-07-30,1,0.1
L011926,2026-07-30,8,9.7
L011927,2026-07-30,1,0.1
L011928,2026-07-30,6,5.15
L011929,2026-07-30,3,1.12
L011930,2026-07-30,10,15.85
L011931,2026-07-30,7,7.23
L011932,2026-07-30,1,0.1
L011933,2026-07-30,1,0.1
L011934,2026-07-30,1,0.1
L011935,2026-07-30,5,3.45
L011936,2026-07-30,2,0.46
L011937,2026-07-30,3,1.12
L011938,2026-07-30,2,0.46
L011939,2026-07-30,1,0.1
L011940,2026-07-30,2,0.46
L011941,2026-07-30,1,0.1
L011942,2026-07-30,6,5.15
L011943,2026-07-30,1,0.1
L011944,2026-07-30,1,0.1
L011945,2026-07-30,3,1.12
L011946,2026-07-30,2,0.46
L011947,2026-07-30,10,15.85
L011948,2026-07-30,3,1.12
L011949,2026-07-30,3,1.12
L011950,2026-07-30,2,0.46
L011951,2026-07-30,1,0.1
L011952,2026-07-30,10,15.85
L011953,2026-07-30,1,0.1
L011954,2026-07-30,6,5.15
L011955,2026-07-30,3,1.12
L011956,2026-07-30,1,0.1
L011957,2026-07-30,3,1.12
L011958,2026-07-30,2,0.46
L011959,2026-07-30,3,1.12
L011960,2026-07-30,1,0.1
L011961,2026-07-30,1,0.1
L011962,2026-07-30,3,1.12
L011963,2026-07-30,3,1.12
L011964,2026-07-30,2,0.46
L011965,2026-07-30,10,15.85
L011966,2026-07-30,3,1.12
L011967,2026-07-30,1,0.1
L011968,2026-07-30,3,1.12
L011969,2026-07-30,2,0.46
L011970,2026-07-30,3,1.12
L011971,2026-07-30,3,1.12
L011972,2026-07-30,7,7.23
L011973,2026-07-30,1,0.1
L011974,2026-07-30,2,0.46
L011975,2026-07-30,2,0.46
L011976,2026-07-30,1,0.1
L011977,2026-07-30,8,9.7
L011978,2026-07-30,1,0.1
L011979,2026-07-30,1,0.1
L011980,2026-07-30,2,0.46
L011981,2026-07-30,2,0.46
L011982,2026-07-30,7,7.23
L011983,2026-07-30,4,2.11
L011984,2026-07-30,3,1.12
L011985,2026-07-30,2,0.46
L011986,2026-07-30,1,0.1
L011987,2026-07-30,4,2.11
L011988,2026-07-30,4,2.11
L011989,2026-07-30,5,3.45
L011990,2026-07-30,1,0.1
L011991,2026-07-30,2,0.46
L011992,2026-07-30,2,0.46
L011993,2026-07-30,6,5.15
L011994,2026-07-30,2,0.46
L011995,2026-07-30,10,15.85
L011996,2026-07-30,3,1.12
L011997,2026-07-30,7,7.23
L011998,2026-07-30,3,1.12
L011999,2026-07-30,2,0.46
L012000,2026-07-30,1,0.1
L012001,2026-07-30,7,7.23
L012002,2026-07-30,4,2.11
L012003,2026-07-30,2,0.46
L012004,2026-07-30,8,9.7
L012005,2026-07-30,3,1.12
L012006,2026-07-30,2,0.46
L012007,2026-07-30,1,0.1
L012008,2026-07-30,5,3.45
L012009,2026-07-30,2,0.46
L012010,2026-07-30,2,0.46
L012011,2026-07-30,3,1.12
L012012,2026-07-30,1,0.1
L012013,2026-07-30,3,1.12
L012014,2026-07-30,2,0.46
L012015,2026-07-30,1,0.1
L012016,2026-07-30,1,0.1
L012017,2026-07-30,1,0.1
L012018,2026-07-30,2,0.46
L012019,2026-07-30,5,3.45
L012020,2026-07-30,2,0.46
L012021,2026-07-30,1,0.1
L012022,2026-07-30,6,5.15
L012023,2026-07-30,3,1.12
L012024,2026-07-30,5,3.45
L012025,2026-07-30,5,3.45
L012026,2026-07-30,2,0.46
L012027,2026-07-30,9,12.57
L012028,2026-07-30,3,1.12
L012029,2026-07-30,2,0.46
L012030,2026-07-30,6,5.15
L012031,2026-07-30,2,0.46
L012032,2026-07-30,2,0.46
L012033,2026-07-30,1,0.1
L012034,2026-07-30,2,0.46
L012035,2026-07-30,3,1.12
L012036,2026-07-30,4,2.11
L012037,2026-07-30,3,1.12
L012038,2026-07-30,3,1.12
L012039,2026-07-30,4,2.11
L012040,2026-07-30,2,0.46
L012041,2026-07-30,1,0.1
L012042,2026-07-30,5,3.45
L012043,2026-07-30,1,0.1
L012044,2026-07-30,1,0.1
L012045,2026-07-30,1,0.1
L012046,2026-07-30,9,12.57
L012047,2026-07-30,1,0.1
L012048,2026-07-30,8,9.7
L012049,2026-07-30,1,0.1
L012050,2026-07-30,3,1.12
L012051,2026-07-30,4,2.11
L012052,2026-07-30,2,0.46
L012053,2026-07-30,1,0.1
L012054,2026-07-30,1,0.1
L012055,2026-07-30,2,0.46
L012056,2026-07-30,8,9.7
L012057,2026-07-30,1,0.1
L012058,2026-07-30,2,0.46
L012059,2026-07-30,3,1.12
L012060,2026-07-30,8,9.7
L012061,2026-07-30,1,0.1
L012062,2026-07-30,3,1.12
L012063,2026-07-30,2,0.46
L012064,2026-07-30,2,0.46
L012065,2026-07-30,10,15.85
L012066,2026-07-30,2,0.46
L012067,2026-07-30,7,7.23
L012068,2026-07-30,5,3.45
L012069,2026-07-30,6,5.15
L012070,2026-07-30,3,1.12
L012071,2026-07-30,1,0.1
L012072,2026-07-30,9,12.57
L012073,2026-07-30,5,3.45
L012074,2026-07-30,1,0.1
L012075,2026-07-30,3,1.12
L012076,2026-07-30,1,0.1
L012077,2026-07-30,3,1.12
L012078,2026-07-30,1,0.1
L012079,2026-07-30,3,1.12
L012080,2026-07-30,1,0.1
L012081,2026-07-30,3,1.12
L012082,2026-07-30,3,1.12
L012083,2026-07-30,1,0.1
L012084,2026-07-30,2,0.46
L012085,2026-07-30,2,0.46
L012086,2026-07-30,2,0.46
L012087,2026-07-30,1,0.1
L012088,2026-07-30,10,15.85
L012089,2026-07-30,3,1.12
L012090,2026-07-30,7,7.23
L012091,2026-07-30,2,0.46
L012092,2026-07-30,1,0.1
L012093,2026-07-30,1,0.1
L012094,2026-07-30,3,1.12
L012095,2026-07-30,2,0.46
L012096,2026-07-30,4,2.11
L012097,2026-07-30,3,1.12
L012098,2026-07-30,1,0.1
L012099,2026-07-30,4,2.11
L012100,2026-07-30,6,5.15
L012101,2026-07-30,2,0.46
L012102,2026-07-30,1,0.1
L012103,2026-07-30,2,0.46
L012104,2026-07-30,4,2.11
L012105,2026-07-30,4,2.11
L012106,2026-07-30,2,0.46
L012107,2026-07-30,1,0.1
L012108,2026-07-30,3,1.12
L012109,2026-07-30,5,3.45
L012110,2026-07-30,2,0.46
L012111,2026-07-30,5,3.45
L012112,2026-07-30,1,0.1
L012113,2026-07-30,10,15.85
L012114,2026-07-30,8,9.7
L012115,2026-07-30,7,7.23
L012116,2026-07-30,2,0.46
L012117,2026-07-30,8,9.7
L012118,2026-07-30,2,0.46
L012119,2026-07-30,7,7.23
L012120,2026-07-30,2,0.46
L012121,2026-07-30,3,1.12
L012122,2026-07-30,2,0.46
L012123,2026-07-30,9,12.57
L012124,2026-07-30,8,9.7
L012125,2026-07-30,2,0.46
L012126,2026-07-30,3,1.12
L012127,2026-07-30,6,5.15
L012128,2026-07-30,2,0.46
L012129,2026-07-30,1,0.1
L012130,2026-07-30,2,0.46
L012131,2026-07-30,1,0.1
L012132,2026-07-30,2,0.46
L012133,2026-07-30,4,2.11
L012134,2026-07-30,9,12.57
L012135,2026-07-30,1,0.1
L012136,2026-07-30,1,0.1
L012137,2026-07-30,5,3.45
L012138,2026-07-30,5,3.45
L012139,2026-07-30,1,0.1
L012140,2026-07-30,2,0.46
L012141,2026-07-30,7,7.23
L012142,2026-07-30,2,0.46
L012143,2026-07-30,7,7.23
L012144,2026-07-30,1,0.1
L012145,2026-07-30,3,1.12
L012146,2026-07-30,10,15.85
L012147,2026-07-30,2,0.46
L012148,2026-07-30,2,0.46
L012149,2026-07-30,2,0.46
L012150,2026-07-30,2,0.46
L012151,2026-07-30,1,0.1
L012152,2026-07-30,1,0.1
L012153,2026-07-30,1,0.1
L012154,2026-07-30,4,2.11
L012155,2026-07-30,1,0.1
L012156,2026-07-30,1,0.1
L012157,2026-07-30,1,0.1
L012158,2026-07-30,1,0.1
L012159,2026-07-30,10,15.85
L012160,2026-07-30,3,1.12
L012161,2026-07-30,3,1.12
L012162,2026-07-30,3,1.12
L012163,2026-07-30,3,1.12
L012164,2026-07-30,1,0.1
L012165,2026-07-30,3,1.12
L012166,2026-07-30,2,0.46
L012167,2026-07-30,1,0.1
L012168,2026-07-30,2,0.46
L012169,2026-07-30,3,1.12
L012170,2026-07-30,5,3.45
L012171,2026-07-30,1,0.1
L012172,2026-07-30,1,0.1
L012173,2026-07-30,2,0.46
L012174,2026-07-30,4,2.11
L012175,2026-07-30,1,0.1
L012176,2026-07-30,1,0.1
L012177,2026-07-30,2,0.46
L012178,2026-07-30,1,0.1
L012179,2026-07-30,3,1.12
L012180,2026-07-30,7,7.23
L012181,2026-07-30,2,0.46
L012182,2026-07-30,3,1.12
L012183,2026-07-30,7,7.23
L012184,2026-07-30,2,0.46
L012185,2026-07-30,10,15.85
L012186,2026-07-30,3,1.12
L012187,2026-07-30,6,5.15
L012188,2026-07-30,2,0.46
L012189,2026-07-30,2,0.46
L012190,2026-07-30,2,0.46
L012191,2026-07-30,7,7.23
L012192,2026-07-30,3,1.12
L012193,2026-07-30,3,1.12
L012194,2026-07-30,2,0.46
L012195,2026-07-30,3,1.12
L012196,2026-07-30,3,1.12
L012197,2026-07-30,3,1.12
L012198,2026-07-30,10,15.85
L012199,2026-07-30,1,0.1
L012200,2026-07-30,3,1.12
L012201,2026-07-30,1,0.1
L012202,2026-07-30,1,0.1
L012203,2026-07-30,3,1.12
L012204,2026-07-30,1,0.1
L012205,2026-07-30,3,1.12
L012206,2026-07-30,3,1.12
L012207,2026-07-30,2,0.46
L012208,2026-07-30,2,0.46
L012209,2026-07-30,9,12.57
L012210,2026-07-30,7,7.23
L012211,2026-07-30,2,0.46
L012212,2026-07-30,1,0.1
L012213,2026-07-30,3,1.12
L012214,2026-07-30,2,0.46
L012215,2026-07-30,3,1.12
L012216,2026-07-30,7,7.23
L012217,2026-07-30,1,0.1
L012218,2026-07-30,2,0.46
L012219,2026-07-30,1,0.1
L012220,2026-07-30,3,1.12
L012221,2026-07-30,3,1.12
L012222,2026-07-30,1,0.1
L012223,2026-07-30,2,0.46
L012224,2026-07-30,1,0.1
L012225,2026-07-30,4,2.11
L012226,2026-07-30,1,0.1
L012227,2026-07-30,9,12.57
L012228,2026-07-30,7,7.23
L012229,2026-07-30,1,0.1
L012230,2026-07-30,2,0.46
L012231,2026-07-30,9,12.57
L012232,2026-07-30,2,0.46
L012233,2026-07-30,1,0.1
L012234,2026-07-30,2,0.46
L012235,2026-07-30,7,7.23
L012236,2026-07-30,3,1.12
L012237,2026-07-30,1,0.1
L012238,2026-07-30,8,9.7
L012239,2026-07-30,1,0.1
L012240,2026-07-30,1,0.1
L012241,2026-07-30,2,0.46
L012242,2026-07-30,5,3.45
L012243,2026-07-30,1,0.1
L012244,2026-07-30,3,1.12
L012245,2026-07-30,5,3.45
L012246,2026-07-30,1,0.1
L012247,2026-07-30,3,1.12
L012248,2026-07-30,7,7.23
L012249,2026-07-30,6,5.15
L012250,2026-07-30,2,0.46
L012251,2026-07-30,2,0.46
L012252,2026-07-30,3,1.12
L012253,2026-07-30,3,1.12
L012254,2026-07-30,3,1.12
L012255,2026-07-30,3,1.12
L012256,2026-07-30,3,1.12
L012257,2026-07-30,8,9.7
L012258,2026-07-30,1,0.1
L012259,2026-07-30,8,9.7
L012260,2026-07-30,1,0.1
L012261,2026-07-30,9,12.57
L012262,2026-07-30,3,1.12
L012263,2026-07-30,7,7.23
L012264,2026-07-30,1,0.1
L012265,2026-07-30,1,0.1
L012266,2026-07-30,5,3.45
L012267,2026-07-30,10,15.85
L012268,2026-07-30,9,12.57
L012269,2026-07-30,9,12.57
L012270,2026-07-30,2,0.46
L012271,2026-07-30,10,15.85
L012272,2026-07-30,3,1.12
L012273,2026-07-30,3,1.12
L012274,2026-07-30,3,1.12
L012275,2026-07-30,3,1.12
L012276,2026-07-30,2,0.46
L012277,2026-07-30,4,2.11
L012278,2026-07-30,2,0.46
L012279,2026-07-30,3,1.12
L012280,2026-07-30,1,0.1
L012281,2026-07-30,7,7.23
L012282,2026-07-30,7,7.23
L012283,2026-07-30,9,12.57
L012284,2026-07-30,2,0.46
L012285,2026-07-30,10,15.85
L012286,2026-07-30,10,15.85
L012287,2026-07-30,1,0.1
L012288,2026-07-30,1,0.1
L012289,2026-07-30,10,15.85
L012290,2026-07-30,2,0.46
L012291,2026-07-30,6,5.15
L012292,2026-07-30,2,0.46
L012293,2026-07-30,3,1.12
L012294,2026-07-30,3,1.12
L012295,2026-07-30,6,5.15
L012296,2026-07-30,3,1.12
L012297,2026-07-30,1,0.1
L012298,2026-07-30,1,0.1
L012299,2026-07-30,10,15.85
L012300,2026-07-30,2,0.46
L012301,2026-07-30,5,3.45
L012302,2026-07-30,4,2.11
L012303,2026-07-30,3,1.12
L012304,2026-07-30,3,1.12
L012305,2026-07-30,10,15.85
L012306,2026-07-30,1,0.1
L012307,2026-07-30,3,1.12
L012308,2026-07-30,5,3.45
L012309,2026-07-30,1,0.1
L012310,2026-07-30,4,2.11
L012311,2026-07-30,1,0.1
L012312,2026-07-30,3,1.12
L012313,2026-07-30,1,0.1
L012314,2026-07-30,3,1.12
L012315,2026-07-30,4,2.11
L012316,2026-07-30,10,15.85
L012317,2026-07-30,6,5.15
L012318,2026-07-30,3,1.12
L012319,2026-07-30,2,0.46
L012320,2026-07-30,3,1.12
L012321,2026-07-30,8,9.7
L012322,2026-07-30,2,0.46
L012323,2026-07-30,2,0.46
L012324,2026-07-30,3,1.12
L012325,2026-07-30,5,3.45
L012326,2026-07-30,1,0.1
L012327,2026-07-30,5,3.45
L012328,2026-07-30,3,1.12
L012329,2026-07-30,10,15.85
L012330,2026-07-30,1,0.1
L012331,2026-07-30,2,0.46
L012332,2026-07-30,2,0.46
L012333,2026-07-30,3,1.12
L012334,2026-07-30,2,0.46
L012335,2026-07-30,5,3.45
L012336,2026-07-30,1,0.1
L012337,2026-07-30,3,1.12
L012338,2026-07-30,2,0.46
L012339,2026-07-30,4,2.11
L012340,2026-07-30,7,7.23
L012341,2026-07-30,3,1.12
L012342,2026-07-30,1,0.1
L012343,2026-07-30,3,1.12
L012344,2026-07-30,2,0.46
L012345,2026-07-30,1,0.1
L012346,2026-07-30,5,3.45
L012347,2026-07-30,6,5.15
L012348,2026-07-30,5,3.45
L012349,2026-07-30,1,0.1
L012350,2026-07-30,4,2.11
L012351,2026-07-30,3,1.12
L012352,2026-07-30,1,0.1
L012353,2026-07-30,6,5.15
L012354,2026-07-30,1,0.1
L012355,2026-07-30,3,1.12
L012356,2026-07-30,2,0.46
L012357,2026-07-30,4,2.11
L012358,2026-07-30,1,0.1
L012359,2026-07-30,9,12.57
L012360,2026-07-30,6,5.15
L012361,2026-07-30,4,2.11
L012362,2026-07-30,3,1.12
L012363,2026-07-30,1,0.1
L012364,2026-07-30,2,0.46
L012365,2026-07-30,2,0.46
L012366,2026-07-30,1,0.1
L012367,2026-07-30,1,0.1
L012368,2026-07-30,1,0.1
L012369,2026-07-30,1,0.1
L012370,2026-07-30,1,0.1
L012371,2026-07-30,2,0.46
L012372,2026-07-30,6,5.15
L012373,2026-07-30,3,1.12
L012374,2026-07-30,9,12.57
L012375,2026-07-30,1,0.1
L012376,2026-07-30,4,2.11
L012377,2026-07-30,1,0.1
L012378,2026-07-30,2,0.46
L012379,2026-07-30,3,1.12
L012380,2026-07-30,9,12.57
L012381,2026-07-30,5,3.45
L012382,2026-07-30,3,1.12
L012383,2026-07-30,2,0.46
L012384,2026-07-30,3,1.12
L012385,2026-07-30,3,1.12
L012386,2026-07-30,3,1.12
L012387,2026-07-30,7,7.23
L012388,2026-07-30,1,0.1
L012389,2026-07-30,2,0.46
L012390,2026-07-30,2,0.46
L012391,2026-07-30,8,9.7
L012392,2026-07-30,2,0.46
L012393,2026-07-30,4,2.11
L012394,2026-07-30,3,1.12
L012395,2026-07-30,1,0.1
L012396,2026-07-30,2,0.46
L012397,2026-07-30,2,0.46
L012398,2026-07-30,2,0.46
L012399,2026-07-30,3,1.12
L012400,2026-07-30,1,0.1
L012401,2026-07-30,2,0.46
L012402,2026-07-30,4,2.11
L012403,2026-07-30,3,1.12
L012404,2026-07-30,6,5.15
L012405,2026-07-30,1,0.1
L012406,2026-07-30,10,15.85
L012407,2026-07-30,3,1.12
L012408,2026-07-30,9,12.57
L012409,2026-07-30,3,1.12
L012410,2026-07-30,2,0.46
L012411,2026-07-30,1,0.1
L012412,2026-07-30,1,0.1
L012413,2026-07-30,2,0.46
L012414,2026-07-30,1,0.1
L012415,2026-07-30,3,1.12
L012416,2026-07-30,3,1.12
L012417,2026-07-30,8,9.7
L012418,2026-07-30,3,1.12
L012419,2026-07-30,8,9.7
L012420,2026-07-30,1,0.1
L012421,2026-07-30,8,9.7
L012422,2026-07-30,2,0.46
L012423,2026-07-30,3,1.12
L012424,2026-07-30,1,0.1
L012425,2026-07-30,9,12.57
L012426,2026-07-30,1,0.1
L012427,2026-07-30,1,0.1
L012428,2026-07-30,3,1.12
L012429,2026-07-30,3,1.12
L012430,2026-07-30,3,1.12
L012431,2026-07-30,3,1.12
L012432,2026-07-30,7,7.23
L012433,2026-07-30,1,0.1
L012434,2026-07-30,2,0.46
L012435,2026-07-30,1,0.1
L012436,2026-07-30,1,0.1
L012437,2026-07-30,3,1.12
L012438,2026-07-30,3,1.12
L012439,2026-07-30,1,0.1
L012440,2026-07-30,4,2.11
L012441,2026-07-30,1,0.1
L012442,2026-07-30,2,0.46
L012443,2026-07-30,3,1.12
L012444,2026-07-30,2,0.46
L012445,2026-07-30,1,0.1
L012446,2026-07-30,2,0.46
L012447,2026-07-30,6,5.15
L012448,2026-07-30,3,1.12
L012449,2026-07-30,7,7.23
L012450,2026-07-30,2,0.46
L012451,2026-07-30,2,0.46
L012452,2026-07-30,3,1.12
L012453,2026-07-30,5,3.45
L012454,2026-07-30,7,7.23
L012455,2026-07-30,6,5.15
L012456,2026-07-30,1,0.1
L012457,2026-07-30,10,15.85
L012458,2026-07-30,1,0.1
L012459,2026-07-30,2,0.46
L012460,2026-07-30,2,0.46
L012461,2026-07-30,1,0.1
L012462,2026-07-30,3,1.12
L012463,2026-07-30,7,7.23
L012464,2026-07-30,2,0.46
L012465,2026-07-30,1,0.1
L012466,2026-07-30,3,1.12
L012467,2026-07-30,1,0.1
L012468,2026-07-30,5,3.45
L012469,2026-07-30,2,0.46
L012470,2026-07-30,9,12.57
L012471,2026-07-30,2,0.46
L012472,2026-07-30,2,0.46
L012473,2026-07-30,1,0.1
L012474,2026-07-30,2,0.46
L012475,2026-07-30,3,1.12
L012476,2026-07-30,3,1.12
L012477,2026-07-30,6,5.15
L012478,2026-07-30,3,1.12
L012479,2026-07-30,4,2.11
L012480,2026-07-30,2,0.46
L012481,2026-07-30,6,5.15
L012482,2026-07-30,10,15.85
L012483,2026-07-30,1,0.1
L012484,2026-07-30,1,0.1
L012485,2026-07-30,3,1.12
L012486,2026-07-30,1,0.1
L012487,2026-07-30,3,1.12
L012488,2026-07-30,3,1.12
L012489,2026-07-30,1,0.1
L012490,2026-07-30,1,0.1
L012491,2026-07-30,3,1.12
L012492,2026-07-30,3,1.12
L012493,2026-07-30,2,0.46
L012494,2026-07-30,7,7.23
L012495,2026-07-30,3,1.12
L012496,2026-07-30,4,2.11
L012497,2026-07-30,1,0.1
L012498,2026-07-30,1,0.1
L012499,2026-07-30,1,0.1
L012500,2026-07-30,6,5.15
L012501,2026-07-30,8,9.7
L012502,2026-07-30,1,0.1
L012503,2026-07-30,6,5.15
L012504,2026-07-30,7,7.23
L012505,2026-07-30,2,0.46
L012506,2026-07-30,2,0.46
L012507,2026-07-30,2,0.46
L012508,2026-07-30,9,12.57
L012509,2026-07-30,1,0.1
L012510,2026-07-30,2,0.46
L012511,2026-07-30,2,0.46
L012512,2026-07-30,7,7.23
L012513,2026-07-30,3,1.12
L012514,2026-07-30,1,0.1
L012515,2026-07-30,2,0.46
L012516,2026-07-30,2,0.46
L012517,2026-07-30,8,9.7
L012518,2026-07-30,1,0.1
L012519,2026-07-30,6,5.15
L012520,2026-07-30,1,0.1
L012521,2026-07-30,3,1.12
L012522,2026-07-30,2,0.46
L012523,2026-07-30,4,2.11
L012524,2026-07-30,9,12.57
L012525,2026-07-30,2,0.46
L012526,2026-07-30,2,0.46
L012527,2026-07-30,8,9.7
L012528,2026-07-30,2,0.46
L012529,2026-07-30,1,0.1
L012530,2026-07-30,6,5.15
L012531,2026-07-30,10,15.85
L012532,2026-07-30,10,15.85
L012533,2026-07-30,3,1.12
L012534,2026-07-30,3,1.12
L012535,2026-07-30,4,2.11
L012536,2026-07-30,8,9.7
L012537,2026-07-30,3,1.12
L012538,2026-07-30,2,0.46
L012539,2026-07-30,3,1.12
L012540,2026-07-30,3,1.12
L012541,2026-07-30,1,0.1
L012542,2026-07-30,1,0.1
L012543,2026-07-30,1,0.1
L012544,2026-07-30,3,1.12
L012545,2026-07-30,5,3.45
L012546,2026-07-30,1,0.1
L012547,2026-07-30,6,5.15
L012548,2026-07-30,10,15.85
L012549,2026-07-30,5,3.45
L012550,2026-07-30,5,3.45
L012551,2026-07-30,1,0.1
L012552,2026-07-30,7,7.23
L012553,2026-07-30,1,0.1
L012554,2026-07-30,1,0.1
L012555,2026-07-30,2,0.46
L012556,2026-07-30,2,0.46
L012557,2026-07-30,9,12.57
L012558,2026-07-30,2,0.46
L012559,2026-07-30,1,0.1
L012560,2026-07-30,2,0.46
L012561,2026-07-30,1,0.1
L012562,2026-07-30,2,0.46
L012563,2026-07-30,3,1.12
L012564,2026-07-30,3,1.12
L012565,2026-07-30,2,0.46
L012566,2026-07-30,10,15.85
L012567,2026-07-30,10,15.85
L012568,2026-07-30,1,0.1
L012569,2026-07-30,6,5.15
L012570,2026-07-30,9,12.57
L012571,2026-07-30,1,0.1
L012572,2026-07-30,1,0.1
L012573,2026-07-30,3,1.12
L012574,2026-07-30,8,9.7
L012575,2026-07-30,2,0.46
L012576,2026-07-30,9,12.57
L012577,2026-07-30,2,0.46
L012578,2026-07-30,1,0.1
L012579,2026-07-30,3,1.12
L012580,2026-07-30,4,2.11
L012581,2026-07-30,4,2.11
L012582,2026-07-30,2,0.46
L012583,2026-07-30,6,5.15
L012584,2026-07-30,2,0.46
L012585,2026-07-30,8,9.7
L012586,2026-07-30,3,1.12
L012587,2026-07-30,4,2.11
L012588,2026-07-30,7,7.23
L012589,2026-07-30,3,1.12
L012590,2026-07-30,4,2.11
L012591,2026-07-30,3,1.12
L012592,2026-07-30,3,1.12
L012593,2026-07-30,3,1.12
L012594,2026-07-30,8,9.7
L012595,2026-07-30,3,1.12
L012596,2026-07-30,3,1.12
L012597,2026-07-30,3,1.12
L012598,2026-07-30,3,1.12
L012599,2026-07-30,1,0.1
L012600,2026-07-30,2,0.46
L012601,2026-07-30,3,1.12
L012602,2026-07-30,1,0.1
L012603,2026-07-30,2,0.46
L012604,2026-07-30,1,0.1
L012605,2026-07-30,3,1.12
L012606,2026-07-30,3,1.12
L012607,2026-07-30,10,15.85
L012608,2026-07-30,7,7.23
L012609,2026-07-30,3,1.12
L012610,2026-07-30,2,0.46
L012611,2026-07-30,7,7.23
L012612,2026-07-30,3,1.12
L012613,2026-07-30,2,0.46
L012614,2026-07-30,1,0.1
L012615,2026-07-30,1,0.1
L012616,2026-07-30,1,0.1
L012617,2026-07-30,2,0.46
L012618,2026-07-30,2,0.46
L012619,2026-07-30,2,0.46
L012620,2026-07-30,1,0.1
L012621,2026-07-30,10,15.85
L012622,2026-07-30,1,0.1
L012623,2026-07-30,4,2.11
L012624,2026-07-30,1,0.1
L012625,2026-07-30,1,0.1
L012626,2026-07-30,1,0.1
L012627,2026-07-30,3,1.12
L012628,2026-07-30,5,3.45
L012629,2026-07-30,2,0.46
L012630,2026-07-30,3,1.12
L012631,2026-07-30,3,1.12
L012632,2026-07-30,1,0.1
L012633,2026-07-30,9,12.57
L012634,2026-07-30,2,0.46
L012635,2026-07-30,1,0.1
L012636,2026-07-30,2,0.46
L012637,2026-07-30,2,0.46
L012638,2026-07-30,3,1.12
L012639,2026-07-30,2,0.46
L012640,2026-07-30,2,0.46
L012641,2026-07-30,7,7.23
L012642,2026-07-30,3,1.12
L012643,2026-07-30,3,1.12
L012644,2026-07-30,5,3.45
L012645,2026-07-30,3,1.12
L012646,2026-07-30,1,0.1
L012647,2026-07-30,1,0.1
L012648,2026-07-30,3,1.12
L012649,2026-07-30,1,0.1
L012650,2026-07-30,6,5.15
L012651,2026-07-30,2,0.46
L012652,2026-07-30,7,7.23
L012653,2026-07-30,7,7.23
L012654,2026-07-30,2,0.46
L012655,2026-07-30,3,1.12
L012656,2026-07-30,3,1.12
L012657,2026-07-30,3,1.12
L012658,2026-07-30,2,0.46
L012659,2026-07-30,1,0.1
L012660,2026-07-30,6,5.15
L012661,2026-07-30,1,0.1
L012662,2026-07-30,2,0.46
L012663,2026-07-30,3,1.12
L012664,2026-07-30,1,0.1
L012665,2026-07-30,6,5.15
L012666,2026-07-30,1,0.1
L012667,2026-07-30,1,0.1
L012668,2026-07-30,2,0.46
L012669,2026-07-30,2,0.46
L012670,2026-07-30,1,0.1
L012671,2026-07-30,1,0.1
L012672,2026-07-30,1,0.1
L012673,2026-07-30,2,0.46
L012674,2026-07-30,2,0.46
L012675,2026-07-30,3,1.12
L012676,2026-07-30,3,1.12
L012677,2026-07-30,2,0.46
L012678,2026-07-30,8,9.7
L012679,2026-07-30,7,7.23
L012680,2026-07-30,2,0.46
L012681,2026-07-30,5,3.45
L012682,2026-07-30,2,0.46
L012683,2026-07-30,1,0.1
L012684,2026-07-30,3,1.12
L012685,2026-07-30,1,0.1
L012686,2026-07-30,2,0.46
L012687,2026-07-30,2,0.46
L012688,2026-07-30,1,0.1
L012689,2026-07-30,7,7.23
L012690,2026-07-30,4,2.11
L012691,2026-07-30,1,0.1
L012692,2026-07-30,2,0.46
L012693,2026-07-30,1,0.1
L012694,2026-07-30,3,1.12
L012695,2026-07-30,3,1.12
L012696,2026-07-30,8,9.7
L012697,2026-07-30,8,9.7
L012698,2026-07-30,2,0.46
L012699,2026-07-30,1,0.1
L012700,2026-07-30,4,2.11
L012701,2026-07-30,4,2.11
L012702,2026-07-30,1,0.1
L012703,2026-07-30,7,7.23
L012704,2026-07-30,4,2.11
L012705,2026-07-30,9,12.57
L012706,2026-07-30,3,1.12
L012707,2026-07-30,2,0.46
L012708,2026-07-30,3,1.12
L012709,2026-07-30,6,5.15
L012710,2026-07-30,3,1.12
L012711,2026-07-30,9,12.57
L012712,2026-07-30,3,1.12
L012713,2026-07-30,1,0.1
L012714,2026-07-30,9,12.57
L012715,2026-07-30,3,1.12
L012716,2026-07-30,2,0.46
L012717,2026-07-30,1,0.1
L012718,2026-07-30,1,0.1
L012719,2026-07-30,2,0.46
L012720,2026-07-30,10,15.85
L012721,2026-07-30,3,1.12
L012722,2026-07-30,2,0.46
L012723,2026-07-30,7,7.23
L012724,2026-07-30,3,1.12
L012725,2026-07-30,10,15.85
L012726,2026-07-30,8,9.7
L012727,2026-07-30,9,12.57
L012728,2026-07-30,1,0.1
L012729,2026-07-30,2,0.46
L012730,2026-07-30,1,0.1
L012731,2026-07-30,1,0.1
L012732,2026-07-30,4,2.11
L012733,2026-07-30,3,1.12
L012734,2026-07-30,2,0.46
L012735,2026-07-30,1,0.1
L012736,2026-07-30,1,0.1
L012737,2026-07-30,1,0.1
L012738,2026-07-30,1,0.1
L012739,2026-07-30,1,0.1
L012740,2026-07-30,3,1.12
L012741,2026-07-30,6,5.15
L012742,2026-07-30,1,0.1
L012743,2026-07-30,1,0.1
L012744,2026-07-30,2,0.46
L012745,2026-07-30,9,12.57
L012746,2026-07-30,1,0.1
L012747,2026-07-30,3,1.12
L012748,2026-07-30,8,9.7
L012749,2026-07-30,1,0.1
L012750,2026-07-30,8,9.7
L012751,2026-07-30,1,0.1
L012752,2026-07-30,1,0.1
L012753,2026-07-30,2,0.46
L012754,2026-07-30,2,0.46
L012755,2026-07-30,1,0.1
L012756,2026-07-30,4,2.11
L012757,2026-07-30,1,0.1
L012758,2026-07-30,3,1.12
L012759,2026-07-30,3,1.12
L012760,2026-07-30,1,0.1
L012761,2026-07-30,3,1.12
L012762,2026-07-30,7,7.23
L012763,2026-07-30,3,1.12
L012764,2026-07-30,3,1.12
L012765,2026-07-30,1,0.1
L012766,2026-07-30,3,1.12
L012767,2026-07-30,3,1.12
L012768,2026-07-30,2,0.46
L012769,2026-07-30,2,0.46
L012770,2026-07-30,4,2.11
L012771,2026-07-30,3,1.12
L012772,2026-07-30,1,0.1
L012773,2026-07-30,3,1.12
L012774,2026-07-30,8,9.7
L012775,2026-07-30,3,1.12
L012776,2026-07-30,2,0.46
L012777,2026-07-30,7,7.23
L012778,2026-07-30,4,2.11
L012779,2026-07-30,8,9.7
L012780,2026-07-30,2,0.46
L012781,2026-07-30,3,1.12
L012782,2026-07-30,2,0.46
L012783,2026-07-30,9,12.57
L012784,2026-07-30,2,0.46
L012785,2026-07-30,1,0.1
L012786,2026-07-30,3,1.12
L012787,2026-07-30,4,2.11
L012788,2026-07-30,9,12.57
L012789,2026-07-30,3,1.12
L012790,2026-07-30,8,9.7
L012791,2026-07-30,9,12.57
L012792,2026-07-30,1,0.1
L012793,2026-07-30,2,0.46
L012794,2026-07-30,7,7.23
L012795,2026-07-30,1,0.1
L012796,2026-07-30,6,5.15
L012797,2026-07-30,3,1.12
L012798,2026-07-30,8,9.7
L012799,2026-07-30,3,1.12
L012800,2026-07-30,3,1.12
L012801,2026-07-30,2,0.46
L012802,2026-07-30,1,0.1
L012803,2026-07-30,10,15.85
L012804,2026-07-30,3,1.12
L012805,2026-07-30,4,2.11
L012806,2026-07-30,5,3.45
L012807,2026-07-30,1,0.1
L012808,2026-07-30,1,0.1
L012809,2026-07-30,1,0.1
L012810,2026-07-30,3,1.12
L012811,2026-07-30,2,0.46
L012812,2026-07-30,1,0.1
L012813,2026-07-30,1,0.1
L012814,2026-07-30,2,0.46
L012815,2026-07-30,2,0.46
L012816,2026-07-30,1,0.1
L012817,2026-07-30,3,1.12
L012818,2026-07-30,2,0.46
L012819,2026-07-30,3,1.12
L012820,2026-07-30,3,1.12
L012821,2026-07-30,9,12.57
L012822,2026-07-30,8,9.7
L012823,2026-07-30,1,0.1
L012824,2026-07-30,1,0.1
L012825,2026-07-30,3,1.12
L012826,2026-07-30,1,0.1
L012827,2026-07-30,2,0.46
L012828,2026-07-30,3,1.12
L012829,2026-07-30,3,1.12
L012830,2026-07-30,4,2.11
L012831,2026-07-30,5,3.45
L012832,2026-07-30,8,9.7
L012833,2026-07-30,1,0.1
L012834,2026-07-30,6,5.15
L012835,2026-07-30,3,1.12
L012836,2026-07-30,5,3.45
L012837,2026-07-30,1,0.1
L012838,2026-07-30,3,1.12
L012839,2026-07-30,2,0.46
L012840,2026-07-30,9,12.57
L012841,2026-07-30,6,5.15
L012842,2026-07-30,3,1.12
L012843,2026-07-30,1,0.1
L012844,2026-07-30,1,0.1
L012845,2026-07-30,1,0.1
L012846,2026-07-30,3,1.12
L012847,2026-07-30,10,15.85
L012848,2026-07-30,1,0.1
L012849,2026-07-30,2,0.46
L012850,2026-07-30,1,0.1
L012851,2026-07-30,2,0.46
L012852,2026-07-30,3,1.12
L012853,2026-07-30,2,0.46
L012854,2026-07-30,3,1.12
L012855,2026-07-30,3,1.12
L012856,2026-07-30,3,1.12
L012857,2026-07-30,1,0.1
L012858,2026-07-30,1,0.1
L012859,2026-07-30,1,0.1
L012860,2026-07-30,5,3.45
L012861,2026-07-30,3,1.12
L012862,2026-07-30,9,12.57
L012863,2026-07-30,1,0.1
L012864,2026-07-30,1,0.1
L012865,2026-07-30,8,9.7
L012866,2026-07-30,1,0.1
L012867,2026-07-30,9,12.57
L012868,2026-07-30,3,1.12
L012869,2026-07-30,3,1.12
L012870,2026-07-30,5,3.45
L012871,2026-07-30,3,1.12
L012872,2026-07-30,1,0.1
L012873,2026-07-30,7,7.23
L012874,2026-07-30,3,1.12
L012875,2026-07-30,1,0.1
L012876,2026-07-30,3,1.12
L012877,2026-07-30,7,7.23
L012878,2026-07-30,6,5.15
L012879,2026-07-30,2,0.46
L012880,2026-07-30,1,0.1
L012881,2026-07-30,2,0.46
L012882,2026-07-30,5,3.45
L012883,2026-07-30,2,0.46
L012884,2026-07-30,1,0.1
L012885,2026-07-30,3,1.12
L012886,2026-07-30,7,7.23
L012887,2026-07-30,6,5.15
L012888,2026-07-30,2,0.46
L012889,2026-07-30,1,0.1
L012890,2026-07-30,3,1.12
L012891,2026-07-30,7,7.23
L012892,2026-07-30,7,7.23
L012893,2026-07-30,2,0.46
L012894,2026-07-30,2,0.46
L012895,2026-07-30,1,0.1
L012896,2026-07-30,1,0.1
L012897,2026-07-30,2,0.46
L012898,2026-07-30,9,12.57
L012899,2026-07-30,1,0.1
L012900,2026-07-30,3,1.12
L012901,2026-07-30,3,1.12
L012902,2026-07-30,1,0.1
L012903,2026-07-30,1,0.1
L012904,2026-07-30,2,0.46
L012905,2026-07-30,4,2.11
L012906,2026-07-30,1,0.1
L012907,2026-07-30,1,0.1
L012908,2026-07-30,5,3.45
L012909,2026-07-30,8,9.7
L012910,2026-07-30,8,9.7
L012911,2026-07-30,1,0.1
L012912,2026-07-30,3,1.12
L012913,2026-07-30,4,2.11
L012914,2026-07-30,2,0.46
L012915,2026-07-30,3,1.12
L012916,2026-07-30,2,0.46
L012917,2026-07-30,2,0.46
L012918,2026-07-30,4,2.11
L012919,2026-07-30,6,5.15
L012920,2026-07-30,8,9.7
L012921,2026-07-30,2,0.46
L012922,2026-07-30,1,0.1
L012923,2026-07-30,1,0.1
L012924,2026-07-30,7,7.23
L012925,2026-07-30,2,0.46
L012926,2026-07-30,6,5.15
L012927,2026-07-30,4,2.11
L012928,2026-07-30,8,9.7
L012929,2026-07-30,2,0.46
L012930,2026-07-30,1,0.1
L012931,2026-07-30,2,0.46
L012932,2026-07-30,1,0.1
L012933,2026-07-30,3,1.12
L012934,2026-07-30,3,1.12
L012935,2026-07-30,5,3.45
L012936,2026-07-30,6,5.15
L012937,2026-07-30,1,0.1
L012938,2026-07-30,3,1.12
L012939,2026-07-30,2,0.46
L012940,2026-07-30,2,0.46
L012941,2026-07-30,3,1.12
L012942,2026-07-30,9,12.57
L012943,2026-07-30,3,1.12
L012944,2026-07-30,8,9.7
L012945,2026-07-30,8,9.7
L012946,2026-07-30,3,1.12
L012947,2026-07-30,4,2.11
L012948,2026-07-30,3,1.12
L012949,2026-07-30,7,7.23
L012950,2026-07-30,1,0.1
L012951,2026-07-30,1,0.1
L012952,2026-07-30,3,1.12
L012953,2026-07-30,2,0.46
L012954,2026-07-30,2,0.46
L012955,2026-07-30,3,1.12
L012956,2026-07-30,4,2.11
L012957,2026-07-30,2,0.46
L012958,2026-07-30,7,7.23
L012959,2026-07-30,1,0.1
L012960,2026-07-30,2,0.46
L012961,2026-07-30,1,0.1
L012962,2026-07-30,3,1.12
L012963,2026-07-30,2,0.46
L012964,2026-07-30,3,1.12
L012965,2026-07-30,5,3.45
L012966,2026-07-30,2,0.46
L012967,2026-07-30,1,0.1
L012968,2026-07-30,2,0.46
L012969,2026-07-30,5,3.45
L012970,2026-07-30,2,0.46
L012971,2026-07-30,8,9.7
L012972,2026-07-30,3,1.12
L012973,2026-07-30,3,1.12
L012974,2026-07-30,2,0.46
L012975,2026-07-30,2,0.46
L012976,2026-07-30,1,0.1
L012977,2026-07-30,1,0.1
L012978,2026-07-30,10,15.85
L012979,2026-07-30,3,1.12
L012980,2026-07-30,3,1.12
L012981,2026-07-30,1,0.1
L012982,2026-07-30,10,15.85
L012983,2026-07-30,10,15.85
L012984,2026-07-30,4,2.11
L012985,2026-07-30,7,7.23
L012986,2026-07-30,7,7.23
L012987,2026-07-30,1,0.1
L012988,2026-07-30,4,2.11
L012989,2026-07-30,2,0.46
L012990,2026-07-30,10,15.85
L012991,2026-07-30,3,1.12
L012992,2026-07-30,3,1.12
L012993,2026-07-30,1,0.1
L012994,2026-07-30,1,0.1
L012995,2026-07-30,4,2.11
L012996,2026-07-30,1,0.1
L012997,2026-07-30,1,0.1
L012998,2026-07-30,1,0.1
L012999,2026-07-30,9,12.57
L013000,2026-07-30,2,0.46
L013001,2026-07-30,3,1.12
L013002,2026-07-30,2,0.46
L013003,2026-07-30,4,2.11
L013004,2026-07-30,7,7.23
L013005,2026-07-30,3,1.12
L013006,2026-07-30,3,1.12
L013007,2026-07-30,1,0.1
L013008,2026-07-30,2,0.46
L013009,2026-07-30,8,9.7
L013010,2026-07-30,3,1.12
L013011,2026-07-30,3,1.12
L013012,2026-07-30,2,0.46
L013013,2026-07-30,3,1.12
L013014,2026-07-30,1,0.1
L013015,2026-07-30,10,15.85
L013016,2026-07-30,1,0.1
L013017,2026-07-30,7,7.23
L013018,2026-07-30,1,0.1
L013019,2026-07-30,10,15.85
L013020,2026-07-30,2,0.46
L013021,2026-07-30,1,0.1
L013022,2026-07-30,3,1.12
L013023,2026-07-30,1,0.1
L013024,2026-07-30,1,0.1
L013025,2026-07-30,3,1.12
L013026,2026-07-30,8,9.7
L013027,2026-07-30,1,0.1
L013028,2026-07-30,3,1.12
L013029,2026-07-30,2,0.46
L013030,2026-07-30,10,15.85
L013031,2026-07-30,2,0.46
L013032,2026-07-30,2,0.46
L013033,2026-07-30,3,1.12
L013034,2026-07-30,2,0.46
L013035,2026-07-30,1,0.1
L013036,2026-07-30,2,0.46
L013037,2026-07-30,3,1.12
L013038,2026-07-30,2,0.46
L013039,2026-07-30,7,7.23
L013040,2026-07-30,2,0.46
L013041,2026-07-30,3,1.12
L013042,2026-07-30,1,0.1
L013043,2026-07-30,10,15.85
L013044,2026-07-30,1,0.1
L013045,2026-07-30,5,3.45
L013046,2026-07-30,2,0.46
L013047,2026-07-30,10,15.85
L013048,2026-07-30,1,0.1
L013049,2026-07-30,10,15.85
L013050,2026-07-30,3,1.12
L013051,2026-07-30,1,0.1
L013052,2026-07-30,2,0.46
L013053,2026-07-30,3,1.12
L013054,2026-07-30,3,1.12
L013055,2026-07-30,4,2.11
L013056,2026-07-30,10,15.85
L013057,2026-07-30,6,5.15
L013058,2026-07-30,7,7.23
L013059,2026-07-30,3,1.12
L013060,2026-07-30,3,1.12
L013061,2026-07-30,3,1.12
L013062,2026-07-30,7,7.23
L013063,2026-07-30,1,0.1
L013064,2026-07-30,4,2.11
L013065,2026-07-30,2,0.46
L013066,2026-07-30,2,0.46
L013067,2026-07-30,1,0.1
L013068,2026-07-30,3,1.12
L013069,2026-07-30,3,1.12
L013070,2026-07-30,3,1.12
L013071,2026-07-30,3,1.12
L013072,2026-07-30,2,0.46
L013073,2026-07-30,3,1.12
L013074,2026-07-30,1,0.1
L013075,2026-07-30,2,0.46
L013076,2026-07-30,3,1.12
L013077,2026-07-30,2,0.46
L013078,2026-07-30,9,12.57
L013079,2026-07-30,1,0.1
L013080,2026-07-30,8,9.7
L013081,2026-07-30,2,0.46
L013082,2026-07-30,2,0.46
L013083,2026-07-30,1,0.1
L013084,2026-07-30,5,3.45
L013085,2026-07-30,1,0.1
L013086,2026-07-30,8,9.7
L013087,2026-07-30,2,0.46
L013088,2026-07-30,1,0.1
L013089,2026-07-30,2,0.46
L013090,2026-07-30,1,0.1
L013091,2026-07-30,4,2.11
L013092,2026-07-30,2,0.46
L013093,2026-07-30,3,1.12
L013094,2026-07-30,1,0.1
L013095,2026-07-30,3,1.12
L013096,2026-07-30,9,12.57
L013097,2026-07-30,1,0.1
L013098,2026-07-30,4,2.11
L013099,2026-07-30,1,0.1
L013100,2026-07-30,3,1.12
L013101,2026-07-30,3,1.12
L013102,2026-07-30,8,9.7
L013103,2026-07-30,5,3.45
L013104,2026-07-30,8,9.7
L013105,2026-07-30,1,0.1
L013106,2026-07-30,3,1.12
L013107,2026-07-30,2,0.46
L013108,2026-07-30,3,1.12
L013109,2026-07-30,7,7.23
L013110,2026-07-30,2,0.46
L013111,2026-07-30,2,0.46
L013112,2026-07-30,1,0.1
L013113,2026-07-30,1,0.1
L013114,2026-07-30,3,1.12
L013115,2026-07-30,1,0.1
L013116,2026-07-30,5,3.45
L013117,2026-07-30,10,15.85
L013118,2026-07-30,3,1.12
L013119,2026-07-30,1,0.1
L013120,2026-07-30,2,0.46
L013121,2026-07-30,3,1.12
L013122,2026-07-30,1,0.1
L013123,2026-07-30,3,1.12
L013124,2026-07-30,2,0.46
L013125,2026-07-30,9,12.57
L013126,2026-07-30,3,1.12
L013127,2026-07-30,5,3.45
L013128,2026-07-30,3,1.12
L013129,2026-07-30,8,9.7
L013130,2026-07-30,1,0.1
L013131,2026-07-30,1,0.1
L013132,2026-07-30,3,1.12
L013133,2026-07-30,6,5.15
L013134,2026-07-30,5,3.45
L013135,2026-07-30,4,2.11
L013136,2026-07-30,2,0.46
L013137,2026-07-30,1,0.1
L013138,2026-07-30,1,0.1
L013139,2026-07-30,1,0.1
L013140,2026-07-30,2,0.46
L013141,2026-07-30,1,0.1
L013142,2026-07-30,2,0.46
L013143,2026-07-30,6,5.15
L013144,2026-07-30,3,1.12
L013145,2026-07-30,3,1.12
L013146,2026-07-30,2,0.46
L013147,2026-07-30,8,9.7
L013148,2026-07-30,2,0.46
L013149,2026-07-30,8,9.7
L013150,2026-07-30,1,0.1
L013151,2026-07-30,6,5.15
L013152,2026-07-30,5,3.45
L013153,2026-07-30,9,12.57
L013154,2026-07-30,3,1.12
L013155,2026-07-30,3,1.12
L013156,2026-07-30,2,0.46
L013157,2026-07-30,3,1.12
L013158,2026-07-30,6,5.15
L013159,2026-07-30,5,3.45
L013160,2026-07-30,1,0.1
L013161,2026-07-30,1,0.1
L013162,2026-07-30,3,1.12
L013163,2026-07-30,6,5.15
L013164,2026-07-30,2,0.46
L013165,2026-07-30,2,0.46
L013166,2026-07-30,2,0.46
L013167,2026-07-30,2,0.46
L013168,2026-07-30,7,7.23
L013169,2026-07-30,8,9.7
L013170,2026-07-30,10,15.85
L013171,2026-07-30,2,0.46
L013172,2026-07-30,10,15.85
L013173,2026-07-30,2,0.46
L013174,2026-07-30,1,0.1
L013175,2026-07-30,10,15.85
L013176,2026-07-30,2,0.46
L013177,2026-07-30,3,1.12
L013178,2026-07-30,3,1.12
L013179,2026-07-30,1,0.1
L013180,2026-07-30,3,1.12
L013181,2026-07-30,1,0.1
L013182,2026-07-30,2,0.46
L013183,2026-07-30,7,7.23
L013184,2026-07-30,8,9.7
L013185,2026-07-30,5,3.45
L013186,2026-07-30,3,1.12
L013187,2026-07-30,4,2.11
L013188,2026-07-30,1,0.1
L013189,2026-07-30,3,1.12
L013190,2026-07-30,5,3.45
L013191,2026-07-30,6,5.15
L013192,2026-07-30,3,1.12
L013193,2026-07-30,3,1.12
L013194,2026-07-30,2,0.46
L013195,2026-07-30,8,9.7
L013196,2026-07-30,2,0.46
L013197,2026-07-30,1,0.1
L013198,2026-07-30,9,12.57
L013199,2026-07-30,6,5.15
L013200,2026-07-30,2,0.46
L013201,2026-07-30,6,5.15
L013202,2026-07-30,1,0.1
L013203,2026-07-30,1,0.1
L013204,2026-07-30,7,7.23
L013205,2026-07-30,2,0.46
L013206,2026-07-30,7,7.23
L013207,2026-07-30,3,1.12
L013208,2026-07-30,4,2.11
L013209,2026-07-30,2,0.46
L013210,2026-07-30,1,0.1
L013211,2026-07-30,3,1.12
L013212,2026-07-30,3,1.12
L013213,2026-07-30,6,5.15
L013214,2026-07-30,2,0.46
L013215,2026-07-30,2,0.46
L013216,2026-07-30,1,0.1
L013217,2026-07-30,1,0.1
L013218,2026-07-30,2,0.46
L013219,2026-07-30,3,1.12
L013220,2026-07-30,7,7.23
L013221,2026-07-30,2,0.46
L013222,2026-07-30,2,0.46
L013223,2026-07-30,2,0.46
L013224,2026-07-30,1,0.1
L013225,2026-07-30,1,0.1
L013226,2026-07-30,10,15.85
L013227,2026-07-30,1,0.1
L013228,2026-07-30,3,1.12
L013229,2026-07-30,2,0.46
L013230,2026-07-30,1,0.1
L013231,2026-07-30,2,0.46
L013232,2026-07-30,2,0.46
L013233,2026-07-30,3,1.12
L013234,2026-07-30,3,1.12
L013235,2026-07-30,3,1.12
L013236,2026-07-30,3,1.12
L013237,2026-07-30,3,1.12
L013238,2026-07-30,6,5.15
L013239,2026-07-30,4,2.11
L013240,2026-07-30,2,0.46
L013241,2026-07-30,3,1.12
L013242,2026-07-30,4,2.11
L013243,2026-07-30,1,0.1
L013244,2026-07-30,5,3.45
L013245,2026-07-30,1,0.1
L013246,2026-07-30,4,2.11
L013247,2026-07-30,8,9.7
L013248,2026-07-30,1,0.1
L013249,2026-07-30,1,0.1
L013250,2026-07-30,2,0.46
L013251,2026-07-30,4,2.11
L013252,2026-07-30,3,1.12
L013253,2026-07-30,7,7.23
L013254,2026-07-30,2,0.46
L013255,2026-07-30,9,12.57
L013256,2026-07-30,1,0.1
L013257,2026-07-30,4,2.11
L013258,2026-07-30,3,1.12
L013259,2026-07-30,3,1.12
L013260,2026-07-30,1,0.1
L013261,2026-07-30,1,0.1
L013262,2026-07-30,10,15.85
L013263,2026-07-30,4,2.11
L013264,2026-07-30,2,0.46
L013265,2026-07-30,1,0.1
L013266,2026-07-30,2,0.46
L013267,2026-07-30,1,0.1
L013268,2026-07-30,7,7.23
L013269,2026-07-30,10,15.85
L013270,2026-07-30,2,0.46
L013271,2026-07-30,3,1.12
L013272,2026-07-30,2,0.46
L013273,2026-07-30,4,2.11
L013274,2026-07-30,2,0.46
L013275,2026-07-30,10,15.85
L013276,2026-07-30,2,0.46
L013277,2026-07-30,1,0.1
L013278,2026-07-30,1,0.1
L013279,2026-07-30,4,2.11
L013280,2026-07-30,5,3.45
L013281,2026-07-30,1,0.1
L013282,2026-07-30,3,1.12
L013283,2026-07-30,2,0.46
L013284,2026-07-30,2,0.46
L013285,2026-07-30,2,0.46
L013286,2026-07-30,9,12.57
L013287,2026-07-30,1,0.1
L013288,2026-07-30,1,0.1
L013289,2026-07-30,4,2.11
L013290,2026-07-30,9,12.57
L013291,2026-07-30,5,3.45
L013292,2026-07-30,3,1.12
L013293,2026-07-30,3,1.12
L013294,2026-07-30,3,1.12
L013295,2026-07-30,2,0.46
L013296,2026-07-30,1,0.1
L013297,2026-07-30,1,0.1
L013298,2026-07-30,2,0.46
L013299,2026-07-30,2,0.46
L013300,2026-07-30,4,2.11
L013301,2026-07-30,2,0.46
L013302,2026-07-30,2,0.46
L013303,2026-07-30,4,2.11
L013304,2026-07-30,1,0.1
L013305,2026-07-30,3,1.12
L013306,2026-07-30,1,0.1
L013307,2026-07-30,3,1.12
L013308,2026-07-30,3,1.12
L013309,2026-07-30,1,0.1
L013310,2026-07-30,6,5.15
L013311,2026-07-30,9,12.57
L013312,2026-07-30,1,0.1
L013313,2026-07-30,10,15.85
L013314,2026-07-30,1,0.1
L013315,2026-07-30,9,12.57
L013316,2026-07-30,1,0.1
L013317,2026-07-30,1,0.1
L013318,2026-07-30,1,0.1
L013319,2026-07-30,3,1.12
L013320,2026-07-30,1,0.1
L013321,2026-07-30,3,1.12
L013322,2026-07-30,3,1.12
L013323,2026-07-30,2,0.46
L013324,2026-07-30,6,5.15
L013325,2026-07-30,3,1.12
L013326,2026-07-30,1,0.1
L013327,2026-07-30,1,0.1
L013328,2026-07-30,1,0.1
L013329,2026-07-30,2,0.46
L013330,2026-07-30,3,1.12
L013331,2026-07-30,2,0.46
L013332,2026-07-30,5,3.45
L013333,2026-07-30,7,7.23
L013334,2026-07-30,5,3.45
L013335,2026-07-30,1,0.1
L013336,2026-07-30,2,0.46
L013337,2026-07-30,2,0.46
L013338,2026-07-30,2,0.46
L013339,2026-07-30,2,0.46
L013340,2026-07-30,2,0.46
L013341,2026-07-30,2,0.46
L013342,2026-07-30,2,0.46
L013343,2026-07-30,5,3.45
L013344,2026-07-30,6,5.15
L013345,2026-07-30,3,1.12
L013346,2026-07-30,2,0.46
L013347,2026-07-30,1,0.1
L013348,2026-07-30,1,0.1
L013349,2026-07-30,7,7.23
L013350,2026-07-30,3,1.12
L013351,2026-07-30,8,9.7
L013352,2026-07-30,3,1.12
L013353,2026-07-30,2,0.46
L013354,2026-07-30,10,15.85
L013355,2026-07-30,2,0.46
L013356,2026-07-30,6,5.15
L013357,2026-07-30,1,0.1
L013358,2026-07-30,2,0.46
L013359,2026-07-30,3,1.12
L013360,2026-07-30,4,2.11
L013361,2026-07-30,4,2.11
L013362,2026-07-30,5,3.45
L013363,2026-07-30,5,3.45
L013364,2026-07-30,3,1.12
L013365,2026-07-30,1,0.1
L013366,2026-07-30,7,7.23
L013367,2026-07-30,6,5.15
L013368,2026-07-30,5,3.45
L013369,2026-07-30,1,0.1
L013370,2026-07-30,3,1.12
L013371,2026-07-30,1,0.1
L013372,2026-07-30,6,5.15
L013373,2026-07-30,3,1.12
L013374,2026-07-30,9,12.57
L013375,2026-07-30,2,0.46
L013376,2026-07-30,9,12.57
L013377,2026-07-30,1,0.1
L013378,2026-07-30,1,0.1
L013379,2026-07-30,2,0.46
L013380,2026-07-30,1,0.1
L013381,2026-07-30,2,0.46
L013382,2026-07-30,1,0.1
L013383,2026-07-30,10,15.85
L013384,2026-07-30,1,0.1
L013385,2026-07-30,3,1.12
L013386,2026-07-30,1,0.1
L013387,2026-07-30,2,0.46
L013388,2026-07-30,1,0.1
L013389,2026-07-30,1,0.1
L013390,2026-07-30,5,3.45
L013391,2026-07-30,1,0.1
L013392,2026-07-30,3,1.12
L013393,2026-07-30,1,0.1
L013394,2026-07-30,3,1.12
L013395,2026-07-30,1,0.1
L013396,2026-07-30,1,0.1
L013397,2026-07-30,1,0.1
L013398,2026-07-30,1,0.1
L013399,2026-07-30,3,1.12
L013400,2026-07-30,8,9.7
L013401,2026-07-30,3,1.12
L013402,2026-07-30,1,0.1
L013403,2026-07-30,1,0.1
L013404,2026-07-30,2,0.46
L013405,2026-07-30,1,0.1
L013406,2026-07-30,1,0.1
L013407,2026-07-30,2,0.46
L013408,2026-07-30,3,1.12
L013409,2026-07-30,5,3.45
L013410,2026-07-30,4,2.11
L013411,2026-07-30,8,9.7
L013412,2026-07-30,8,9.7
L013413,2026-07-30,1,0.1
L013414,2026-07-30,5,3.45
L013415,2026-07-30,5,3.45
L013416,2026-07-30,1,0.1
L013417,2026-07-30,6,5.15
L013418,2026-07-30,3,1.12
L013419,2026-07-30,4,2.11
L013420,2026-07-30,10,15.85
L013421,2026-07-30,3,1.12
L013422,2026-07-30,10,15.85
L013423,2026-07-30,5,3.45
L013424,2026-07-30,2,0.46
L013425,2026-07-30,7,7.23
L013426,2026-07-30,6,5.15
L013427,2026-07-30,10,15.85
L013428,2026-07-30,2,0.46
L013429,2026-07-30,3,1.12
L013430,2026-07-30,2,0.46
L013431,2026-07-30,1,0.1
L013432,2026-07-30,1,0.1
L013433,2026-07-30,6,5.15
L013434,2026-07-30,3,1.12
L013435,2026-07-30,2,0.46
L013436,2026-07-30,2,0.46
L013437,2026-07-30,1,0.1
L013438,2026-07-30,4,2.11
L013439,2026-07-30,1,0.1
L013440,2026-07-30,1,0.1
L013441,2026-07-30,2,0.46
L013442,2026-07-30,2,0.46
L013443,2026-07-30,3,1.12
L013444,2026-07-30,1,0.1
L013445,2026-07-30,4,2.11
L013446,2026-07-30,8,9.7
L013447,2026-07-30,5,3.45
L013448,2026-07-30,3,1.12
L013449,2026-07-30,7,7.23
L013450,2026-07-30,6,5.15
L013451,2026-07-30,4,2.11
L013452,2026-07-30,8,9.7
L013453,2026-07-30,6,5.15
L013454,2026-07-30,10,15.85
L013455,2026-07-30,1,0.1
L013456,2026-07-30,2,0.46
L013457,2026-07-30,1,0.1
L013458,2026-07-30,3,1.12
L013459,2026-07-30,1,0.1
L013460,2026-07-30,5,3.45
L013461,2026-07-30,2,0.46
L013462,2026-07-30,1,0.1
L013463,2026-07-30,10,15.85
L013464,2026-07-30,6,5.15
L013465,2026-07-30,2,0.46
L013466,2026-07-30,7,7.23
L013467,2026-07-30,2,0.46
L013468,2026-07-30,2,0.46
L013469,2026-07-30,2,0.46
L013470,2026-07-30,2,0.46
L013471,2026-07-30,1,0.1
L013472,2026-07-30,2,0.46
L013473,2026-07-30,1,0.1
L013474,2026-07-30,2,0.46
L013475,2026-07-30,7,7.23
L013476,2026-07-30,3,1.12
L013477,2026-07-30,2,0.46
L013478,2026-07-30,3,1.12
L013479,2026-07-30,3,1.12
L013480,2026-07-30,1,0.1
L013481,2026-07-30,1,0.1
L013482,2026-07-30,3,1.12
L013483,2026-07-30,1,0.1
L013484,2026-07-30,2,0.46
L013485,2026-07-30,4,2.11
L013486,2026-07-30,10,15.85
L013487,2026-07-30,2,0.46
L013488,2026-07-30,2,0.46
L013489,2026-07-30,10,15.85
L013490,2026-07-30,6,5.15
L013491,2026-07-30,1,0.1
L013492,2026-07-30,3,1.12
L013493,2026-07-30,10,15.85
L013494,2026-07-30,6,5.15
L013495,2026-07-30,1,0.1
L013496,2026-07-30,3,1.12
L013497,2026-07-30,2,0.46
L013498,2026-07-30,5,3.45
L013499,2026-07-30,3,1.12
L013500,2026-07-30,1,0.1
L013501,2026-07-30,1,0.1
L013502,2026-07-30,6,5.15
L013503,2026-07-30,9,12.57
L013504,2026-07-30,3,1.12
L013505,2026-07-30,3,1.12
L013506,2026-07-30,5,3.45
L013507,2026-07-30,4,2.11
L013508,2026-07-30,9,12.57
L013509,2026-07-30,1,0.1
L013510,2026-07-30,9,12.57
L013511,2026-07-30,10,15.85
L013512,2026-07-30,8,9.7
L013513,2026-07-30,2,0.46
L013514,2026-07-30,2,0.46
L013515,2026-07-30,3,1.12
L013516,2026-07-30,3,1.12
L013517,2026-07-30,2,0.46
L013518,2026-07-30,7,7.23
L013519,2026-07-30,9,12.57
L013520,2026-07-30,1,0.1
L013521,2026-07-30,4,2.11
L013522,2026-07-30,2,0.46
L013523,2026-07-30,3,1.12
L013524,2026-07-30,1,0.1
L013525,2026-07-30,3,1.12
L013526,2026-07-30,4,2.11
L013527,2026-07-30,2,0.46
L013528,2026-07-30,1,0.1
L013529,2026-07-30,2,0.46
L013530,2026-07-30,2,0.46
L013531,2026-07-30,6,5.15
L013532,2026-07-30,5,3.45
L013533,2026-07-30,1,0.1
L013534,2026-07-30,3,1.12
L013535,2026-07-30,1,0.1
L013536,2026-07-30,2,0.46
L013537,2026-07-30,5,3.45
L013538,2026-07-30,2,0.46
L013539,2026-07-30,3,1.12
L013540,2026-07-30,3,1.12
L013541,2026-07-30,3,1.12
L013542,2026-07-30,8,9.7
L013543,2026-07-30,10,15.85
L013544,2026-07-30,1,0.1
L013545,2026-07-30,1,0.1
L013546,2026-07-30,2,0.46
L013547,2026-07-30,7,7.23
L013548,2026-07-30,8,9.7
L013549,2026-07-30,2,0.46
L013550,2026-07-30,1,0.1
L013551,2026-07-30,10,15.85
L013552,2026-07-30,1,0.1
L013553,2026-07-30,3,1.12
L013554,2026-07-30,10,15.85
L013555,2026-07-30,3,1.12
L013556,2026-07-30,1,0.1
L013557,2026-07-30,2,0.46
L013558,2026-07-30,4,2.11
L013559,2026-07-30,10,15.85
L013560,2026-07-30,2,0.46
L013561,2026-07-30,2,0.46
L013562,2026-07-30,1,0.1
L013563,2026-07-30,1,0.1
L013564,2026-07-30,10,15.85
L013565,2026-07-30,3,1.12
L013566,2026-07-30,5,3.45
L013567,2026-07-30,2,0.46
L013568,2026-07-30,1,0.1
L013569,2026-07-30,3,1.12
L013570,2026-07-30,3,1.12
L013571,2026-07-30,1,0.1
L013572,2026-07-30,10,15.85
L013573,2026-07-30,1,0.1
L013574,2026-07-30,8,9.7
L013575,2026-07-30,1,0.1
L013576,2026-07-30,10,15.85
L013577,2026-07-30,3,1.12
L013578,2026-07-30,9,12.57
L013579,2026-07-30,2,0.46
L013580,2026-07-30,9,12.57
L013581,2026-07-30,1,0.1
L013582,2026-07-30,1,0.1
L013583,2026-07-30,1,0.1
L013584,2026-07-30,9,12.57
L013585,2026-07-30,1,0.1
L013586,2026-07-30,1,0.1
L013587,2026-07-30,2,0.46
L013588,2026-07-30,9,12.57
L013589,2026-07-30,8,9.7
L013590,2026-07-30,7,7.23
L013591,2026-07-30,6,5.15
L013592,2026-07-30,7,7.23
L013593,2026-07-30,7,7.23
L013594,2026-07-30,3,1.12
L013595,2026-07-30,10,15.85
L013596,2026-07-30,1,0.1
L013597,2026-07-30,5,3.45
L013598,2026-07-30,6,5.15
L013599,2026-07-30,2,0.46
L013600,2026-07-30,7,7.23
L013601,2026-07-30,10,15.85
L013602,2026-07-30,5,3.45
L013603,2026-07-30,1,0.1
L013604,2026-07-30,2,0.46
L013605,2026-07-30,3,1.12
L013606,2026-07-30,4,2.11
L013607,2026-07-30,2,0.46
L013608,2026-07-30,4,2.11
L013609,2026-07-30,8,9.7
L013610,2026-07-30,2,0.46
L013611,2026-07-30,6,5.15
L013612,2026-07-30,2,0.46
L013613,2026-07-30,6,5.15
L013614,2026-07-30,2,0.46
L013615,2026-07-30,1,0.1
L013616,2026-07-30,9,12.57
L013617,2026-07-30,7,7.23
L013618,2026-07-30,2,0.46
L013619,2026-07-30,3,1.12
L013620,2026-07-30,2,0.46
L013621,2026-07-30,6,5.15
L013622,2026-07-30,3,1.12
L013623,2026-07-30,5,3.45
L013624,2026-07-30,1,0.1
L013625,2026-07-30,6,5.15
L013626,2026-07-30,4,2.11
L013627,2026-07-30,6,5.15
L013628,2026-07-30,9,12.57
L013629,2026-07-30,2,0.46
L013630,2026-07-30,8,9.7
L013631,2026-07-30,8,9.7
L013632,2026-07-30,6,5.15
L013633,2026-07-30,9,12.57
L013634,2026-07-30,9,12.57
L013635,2026-07-30,1,0.1
L013636,2026-07-30,7,7.23
L013637,2026-07-30,1,0.1
L013638,2026-07-30,2,0.46
L013639,2026-07-30,1,0.1
L013640,2026-07-30,3,1.12
L013641,2026-07-30,1,0.1
L013642,2026-07-30,5,3.45
L013643,2026-07-30,3,1.12
L013644,2026-07-30,2,0.46
L013645,2026-07-30,4,2.11
L013646,2026-07-30,2,0.46
L013647,2026-07-30,10,15.85
L013648,2026-07-30,1,0.1
L013649,2026-07-30,3,1.12
L013650,2026-07-30,2,0.46
L013651,2026-07-30,6,5.15
L013652,2026-07-30,1,0.1
L013653,2026-07-30,10,15.85
L013654,2026-07-30,2,0.46
L013655,2026-07-30,3,1.12
L013656,2026-07-30,1,0.1
L013657,2026-07-30,4,2.11
L013658,2026-07-30,5,3.45
L013659,2026-07-30,3,1.12
L013660,2026-07-30,4,2.11
L013661,2026-07-30,2,0.46
L013662,2026-07-30,2,0.46
L013663,2026-07-30,1,0.1
L013664,2026-07-30,10,15.85
L013665,2026-07-30,3,1.12
L013666,2026-07-30,1,0.1
L013667,2026-07-30,1,0.1
L013668,2026-07-30,3,1.12
L013669,2026-07-30,6,5.15
L013670,2026-07-30,1,0.1
L013671,2026-07-30,1,0.1
L013672,2026-07-30,6,5.15
L013673,2026-07-30,3,1.12
L013674,2026-07-30,4,2.11
L013675,2026-07-30,3,1.12
L013676,2026-07-30,3,1.12
L013677,2026-07-30,1,0.1
L013678,2026-07-30,4,2.11
L013679,2026-07-30,1,0.1
L013680,2026-07-30,3,1.12
L013681,2026-07-30,1,0.1
L013682,2026-07-30,6,5.15
L013683,2026-07-30,1,0.1
L013684,2026-07-30,1,0.1
L013685,2026-07-30,10,15.85
L013686,2026-07-30,2,0.46
L013687,2026-07-30,6,5.15
L013688,2026-07-30,3,1.12
L013689,2026-07-30,10,15.85
L013690,2026-07-30,9,12.57
L013691,2026-07-30,3,1.12
L013692,2026-07-30,1,0.1
L013693,2026-07-30,7,7.23
L013694,2026-07-30,1,0.1
L013695,2026-07-30,3,1.12
L013696,2026-07-30,2,0.46
L013697,2026-07-30,8,9.7
L013698,2026-07-30,3,1.12
L013699,2026-07-30,2,0.46
L013700,2026-07-30,2,0.46
L013701,2026-07-30,3,1.12
L013702,2026-07-30,2,0.46
L013703,2026-07-30,2,0.46
L013704,2026-07-30,5,3.45
L013705,2026-07-30,2,0.46
L013706,2026-07-30,8,9.7
L013707,2026-07-30,7,7.23
L013708,2026-07-30,2,0.46
L013709,2026-07-30,1,0.1
L013710,2026-07-30,9,12.57
L013711,2026-07-30,2,0.46
L013712,2026-07-30,1,0.1
L013713,2026-07-30,6,5.15
L013714,2026-07-30,4,2.11
L013715,2026-07-30,1,0.1
L013716,2026-07-30,2,0.46
L013717,2026-07-30,6,5.15
L013718,2026-07-30,2,0.46
L013719,2026-07-30,1,0.1
L013720,2026-07-30,1,0.1
L013721,2026-07-30,1,0.1
L013722,2026-07-30,6,5.15
L013723,2026-07-30,2,0.46
L013724,2026-07-30,2,0.46
L013725,2026-07-30,3,1.12
L013726,2026-07-30,5,3.45
L013727,2026-07-30,2,0.46
L013728,2026-07-30,2,0.46
L013729,2026-07-30,3,1.12
L013730,2026-07-30,7,7.23
L013731,2026-07-30,3,1.12
L013732,2026-07-30,4,2.11
L013733,2026-07-30,3,1.12
L013734,2026-07-30,2,0.46
L013735,2026-07-30,1,0.1
L013736,2026-07-30,3,1.12
L013737,2026-07-30,1,0.1
L013738,2026-07-30,1,0.1
L013739,2026-07-30,7,7.23
L013740,2026-07-30,1,0.1
L013741,2026-07-30,2,0.46
L013742,2026-07-30,10,15.85
L013743,2026-07-30,1,0.1
L013744,2026-07-30,1,0.1
L013745,2026-07-30,2,0.46
L013746,2026-07-30,1,0.1
L013747,2026-07-30,6,5.15
L013748,2026-07-30,3,1.12
L013749,2026-07-30,3,1.12
L013750,2026-07-30,3,1.12
L013751,2026-07-30,1,0.1
L013752,2026-07-30,10,15.85
L013753,2026-07-30,2,0.46
L013754,2026-07-30,2,0.46
L013755,2026-07-30,3,1.12
L013756,2026-07-30,7,7.23
L013757,2026-07-30,3,1.12
L013758,2026-07-30,8,9.7
L013759,2026-07-30,8,9.7
L013760,2026-07-30,5,3.45
L013761,2026-07-30,8,9.7
L013762,2026-07-30,3,1.12
L013763,2026-07-30,2,0.46
L013764,2026-07-30,3,1.12
L013765,2026-07-30,3,1.12
L013766,2026-07-30,3,1.12
L013767,2026-07-30,3,1.12
L013768,2026-07-30,1,0.1
L013769,2026-07-30,3,1.12
L013770,2026-07-30,2,0.46
L013771,2026-07-30,3,1.12
L013772,2026-07-30,7,7.23
L013773,2026-07-30,1,0.1
L013774,2026-07-30,9,12.57
L013775,2026-07-30,7,7.23
L013776,2026-07-30,1,0.1
L013777,2026-07-30,2,0.46
L013778,2026-07-30,1,0.1
L013779,2026-07-30,9,12.57
L013780,2026-07-30,3,1.12
L013781,2026-07-30,4,2.11
L013782,2026-07-30,9,12.57
L013783,2026-07-30,1,0.1
L013784,2026-07-30,4,2.11
L013785,2026-07-30,5,3.45
L013786,2026-07-30,5,3.45
L013787,2026-07-30,3,1.12
L013788,2026-07-30,3,1.12
L013789,2026-07-30,9,12.57
L013790,2026-07-30,7,7.23
L013791,2026-07-30,2,0.46
L013792,2026-07-30,4,2.11
L013793,2026-07-30,3,1.12
L013794,2026-07-30,1,0.1
L013795,2026-07-30,1,0.1
L013796,2026-07-30,1,0.1
L013797,2026-07-30,9,12.57
L013798,2026-07-30,3,1.12
L013799,2026-07-30,1,0.1
L013800,2026-07-30,6,5.15
L013801,2026-07-30,1,0.1
L013802,2026-07-30,3,1.12
L013803,2026-07-30,3,1.12
L013804,2026-07-30,1,0.1
L013805,2026-07-30,1,0.1
L013806,2026-07-30,2,0.46
L013807,2026-07-30,2,0.46
L013808,2026-07-30,9,12.57
L013809,2026-07-30,2,0.46
L013810,2026-07-30,1,0.1
L013811,2026-07-30,1,0.1
L013812,2026-07-30,3,1.12
L013813,2026-07-30,6,5.15
L013814,2026-07-30,2,0.46
L013815,2026-07-30,2,0.46
L013816,2026-07-30,5,3.45
L013817,2026-07-30,3,1.12
L013818,2026-07-30,3,1.12
L013819,2026-07-30,1,0.1
L013820,2026-07-30,7,7.23
L013821,2026-07-30,2,0.46
L013822,2026-07-30,1,0.1
L013823,2026-07-30,2,0.46
L013824,2026-07-30,8,9.7
L013825,2026-07-30,1,0.1
L013826,2026-07-30,2,0.46
L013827,2026-07-30,6,5.15
L013828,2026-07-30,1,0.1
L013829,2026-07-30,9,12.57
L013830,2026-07-30,2,0.46
L013831,2026-07-30,3,1.12
L013832,2026-07-30,7,7.23
L013833,2026-07-30,1,0.1
L013834,2026-07-30,9,12.57
L013835,2026-07-30,10,15.85
L013836,2026-07-30,3,1.12
L013837,2026-07-30,1,0.1
L013838,2026-07-30,3,1.12
L013839,2026-07-30,2,0.46
L013840,2026-07-30,2,0.46
L013841,2026-07-30,10,15.85
L013842,2026-07-30,2,0.46
L013843,2026-07-30,5,3.45
L013844,2026-07-30,2,0.46
L013845,2026-07-30,2,0.46
L013846,2026-07-30,3,1.12
L013847,2026-07-30,6,5.15
L013848,2026-07-30,5,3.45
L013849,2026-07-30,5,3.45
L013850,2026-07-30,1,0.1
L013851,2026-07-30,3,1.12
L013852,2026-07-30,3,1.12
L013853,2026-07-30,1,0.1
L013854,2026-07-30,6,5.15
L013855,2026-07-30,3,1.12
L013856,2026-07-30,3,1.12
L013857,2026-07-30,3,1.12
L013858,2026-07-30,2,0.46
L013859,2026-07-30,2,0.46
L013860,2026-07-30,3,1.12
L013861,2026-07-30,2,0.46
L013862,2026-07-30,6,5.15
L013863,2026-07-30,3,1.12
L013864,2026-07-30,6,5.15
L013865,2026-07-30,2,0.46
L013866,2026-07-30,2,0.46
L013867,2026-07-30,3,1.12
L013868,2026-07-30,9,12.57
L013869,2026-07-30,2,0.46
L013870,2026-07-30,8,9.7
L013871,2026-07-30,3,1.12
L013872,2026-07-30,9,12.57
L013873,2026-07-30,1,0.1
L013874,2026-07-30,9,12.57
L013875,2026-07-30,3,1.12
L013876,2026-07-30,3,1.12
L013877,2026-07-30,7,7.23
L013878,2026-07-30,1,0.1
L013879,2026-07-30,3,1.12
L013880,2026-07-30,2,0.46
L013881,2026-07-30,3,1.12
L013882,2026-07-30,5,3.45
L013883,2026-07-30,7,7.23
L013884,2026-07-30,2,0.46
L013885,2026-07-30,4,2.11
L013886,2026-07-30,3,1.12
L013887,2026-07-30,3,1.12
L013888,2026-07-30,3,1.12
L013889,2026-07-30,3,1.12
L013890,2026-07-30,3,1.12
L013891,2026-07-30,6,5.15
L013892,2026-07-30,9,12.57
L013893,2026-07-30,3,1.12
L013894,2026-07-30,2,0.46
L013895,2026-07-30,1,0.1
L013896,2026-07-30,5,3.45
L013897,2026-07-30,1,0.1
L013898,2026-07-30,2,0.46
L013899,2026-07-30,7,7.23
L013900,2026-07-30,10,15.85
L013901,2026-07-30,6,5.15
L013902,2026-07-30,2,0.46
L013903,2026-07-30,2,0.46
L013904,2026-07-30,1,0.1
L013905,2026-07-30,10,15.85
L013906,2026-07-30,2,0.46
L013907,2026-07-30,2,0.46
L013908,2026-07-30,3,1.12
L013909,2026-07-30,3,1.12
L013910,2026-07-30,1,0.1
L013911,2026-07-30,3,1.12
L013912,2026-07-30,1,0.1
L013913,2026-07-30,9,12.57
L013914,2026-07-30,7,7.23
L013915,2026-07-30,1,0.1
L013916,2026-07-30,1,0.1
L013917,2026-07-30,2,0.46
L013918,2026-07-30,9,12.57
L013919,2026-07-30,7,7.23
L013920,2026-07-30,3,1.12
L013921,2026-07-30,10,15.85
L013922,2026-07-30,1,0.1
L013923,2026-07-30,3,1.12
L013924,2026-07-30,3,1.12
L013925,2026-07-30,3,1.12
L013926,2026-07-30,1,0.1
L013927,2026-07-30,2,0.46
L013928,2026-07-30,2,0.46
L013929,2026-07-30,2,0.46
L013930,2026-07-30,3,1.12
L013931,2026-07-30,1,0.1
L013932,2026-07-30,10,15.85
L013933,2026-07-30,2,0.46
L013934,2026-07-30,3,1.12
L013935,2026-07-30,3,1.12
L013936,2026-07-30,9,12.57
L013937,2026-07-30,2,0.46
L013938,2026-07-30,2,0.46
L013939,2026-07-30,2,0.46
L013940,2026-07-30,2,0.46
L013941,2026-07-30,3,1.12
L013942,2026-07-30,1,0.1
L013943,2026-07-30,2,0.46
L013944,2026-07-30,10,15.85
L013945,2026-07-30,1,0.1
L013946,2026-07-30,3,1.12
L013947,2026-07-30,2,0.46
L013948,2026-07-30,5,3.45
L013949,2026-07-30,7,7.23
L013950,2026-07-30,7,7.23
L013951,2026-07-30,3,1.12
L013952,2026-07-30,7,7.23
L013953,2026-07-30,2,0.46
L013954,2026-07-30,3,1.12
L013955,2026-07-30,1,0.1
L013956,2026-07-30,3,1.12
L013957,2026-07-30,4,2.11
L013958,2026-07-30,8,9.7
L013959,2026-07-30,1,0.1
L013960,2026-07-30,3,1.12
L013961,2026-07-30,8,9.7
L013962,2026-07-30,3,1.12
L013963,2026-07-30,1,0.1
L013964,2026-07-30,2,0.46
L013965,2026-07-30,1,0.1
L013966,2026-07-30,7,7.23
L013967,2026-07-30,3,1.12
L013968,2026-07-30,2,0.46
L013969,2026-07-30,9,12.57
L013970,2026-07-30,1,0.1
L013971,2026-07-30,1,0.1
L013972,2026-07-30,3,1.12
L013973,2026-07-30,3,1.12
L013974,2026-07-30,3,1.12
L013975,2026-07-30,10,15.85
L013976,2026-07-30,4,2.11
L013977,2026-07-30,2,0.46
L013978,2026-07-30,2,0.46
L013979,2026-07-30,2,0.46
L013980,2026-07-30,3,1.12
L013981,2026-07-30,2,0.46
L013982,2026-07-30,1,0.1
L013983,2026-07-30,2,0.46
L013984,2026-07-30,3,1.12
L013985,2026-07-30,2,0.46
L013986,2026-07-30,1,0.1
L013987,2026-07-30,3,1.12
L013988,2026-07-30,1,0.1
L013989,2026-07-30,2,0.46
L013990,2026-07-30,3,1.12
L013991,2026-07-30,2,0.46
L013992,2026-07-30,4,2.11
L013993,2026-07-30,10,15.85
L013994,2026-07-30,6,5.15
L013995,2026-07-30,2,0.46
L013996,2026-07-30,4,2.11
L013997,2026-07-30,3,1.12
L013998,2026-07-30,1,0.1
L013999,2026-07-30,2,0.46
L014000,2026-07-30,7,7.23
L014001,2026-07-30,2,0.46
L014002,2026-07-30,1,0.1
L014003,2026-07-30,1,0.1
L014004,2026-07-30,6,5.15
L014005,2026-07-30,4,2.11
L014006,2026-07-30,1,0.1
L014007,2026-07-30,2,0.46
L014008,2026-07-30,2,0.46
L014009,2026-07-30,10,15.85
L014010,2026-07-30,2,0.46
L014011,2026-07-30,3,1.12
L014012,2026-07-30,6,5.15
L014013,2026-07-30,3,1.12
L014014,2026-07-30,1,0.1
L014015,2026-07-30,7,7.23
L014016,2026-07-30,1,0.1
L014017,2026-07-30,4,2.11
L014018,2026-07-30,1,0.1
L014019,2026-07-30,9,12.57
L014020,2026-07-30,3,1.12
L014021,2026-07-30,2,0.46
L014022,2026-07-30,4,2.11
L014023,2026-07-30,2,0.46
L014024,2026-07-30,6,5.15
L014025,2026-07-30,1,0.1
L014026,2026-07-30,1,0.1
L014027,2026-07-30,6,5.15
L014028,2026-07-30,5,3.45
L014029,2026-07-30,4,2.11
L014030,2026-07-30,1,0.1
L014031,2026-07-30,1,0.1
L014032,2026-07-30,4,2.11
L014033,2026-07-30,2,0.46
L014034,2026-07-30,2,0.46
L014035,2026-07-30,2,0.46
L014036,2026-07-30,2,0.46
L014037,2026-07-30,2,0.46
L014038,2026-07-30,6,5.15
L014039,2026-07-30,4,2.11
L014040,2026-07-30,1,0.1
L014041,2026-07-30,4,2.11
L014042,2026-07-30,3,1.12
L014043,2026-07-30,2,0.46
L014044,2026-07-30,2,0.46
L014045,2026-07-30,2,0.46
L014046,2026-07-30,6,5.15
L014047,2026-07-30,7,7.23
L014048,2026-07-30,1,0.1
L014049,2026-07-30,4,2.11
L014050,2026-07-30,6,5.15
L014051,2026-07-30,9,12.57
L014052,2026-07-30,10,15.85
L014053,2026-07-30,6,5.15
L014054,2026-07-30,2,0.46
L014055,2026-07-30,3,1.12
L014056,2026-07-30,1,0.1
L014057,2026-07-30,1,0.1
L014058,2026-07-30,5,3.45
L014059,2026-07-30,2,0.46
L014060,2026-07-30,2,0.46
L014061,2026-07-30,2,0.46
L014062,2026-07-30,1,0.1
L014063,2026-07-30,2,0.46
L014064,2026-07-30,5,3.45
L014065,2026-07-30,1,0.1
L014066,2026-07-30,1,0.1
L014067,2026-07-30,3,1.12
L014068,2026-07-30,3,1.12
L014069,2026-07-30,2,0.46
L014070,2026-07-30,2,0.46
L014071,2026-07-30,5,3.45
L014072,2026-07-30,6,5.15
L014073,2026-07-30,8,9.7
L014074,2026-07-30,1,0.1
L014075,2026-07-30,9,12.57
L014076,2026-07-30,2,0.46
L014077,2026-07-30,1,0.1
L014078,2026-07-30,1,0.1
L014079,2026-07-30,3,1.12
L014080,2026-07-30,2,0.46
L014081,2026-07-30,1,0.1
L014082,2026-07-30,8,9.7
L014083,2026-07-30,2,0.46
L014084,2026-07-30,1,0.1
L014085,2026-07-30,1,0.1
L014086,2026-07-30,9,12.57
L014087,2026-07-30,1,0.1
L014088,2026-07-30,3,1.12
L014089,2026-07-30,6,5.15
L014090,2026-07-30,1,0.1
L014091,2026-07-30,2,0.46
L014092,2026-07-30,8,9.7
L014093,2026-07-30,3,1.12
L014094,2026-07-30,1,0.1
L014095,2026-07-30,10,15.85
L014096,2026-07-30,1,0.1
L014097,2026-07-30,4,2.11
L014098,2026-07-30,1,0.1
L014099,2026-07-30,3,1.12
L014100,2026-07-30,3,1.12
L014101,2026-07-30,10,15.85
L014102,2026-07-30,1,0.1
L014103,2026-07-30,1,0.1
L014104,2026-07-30,1,0.1
L014105,2026-07-30,3,1.12
L014106,2026-07-30,2,0.46
L014107,2026-07-30,3,1.12
L014108,2026-07-30,10,15.85
L014109,2026-07-30,9,12.57
L014110,2026-07-30,6,5.15
L014111,2026-07-30,6,5.15
L014112,2026-07-30,9,12.57
L014113,2026-07-30,3,1.12
L014114,2026-07-30,2,0.46
L014115,2026-07-30,5,3.45
L014116,2026-07-30,8,9.7
L014117,2026-07-30,3,1.12
L014118,2026-07-30,8,9.7
L014119,2026-07-30,10,15.85
L014120,2026-07-30,4,2.11
L014121,2026-07-30,2,0.46
L014122,2026-07-30,1,0.1
L014123,2026-07-30,2,0.46
L014124,2026-07-30,1,0.1
L014125,2026-07-30,2,0.46
L014126,2026-07-30,7,7.23
L014127,2026-07-30,3,1.12
L014128,2026-07-30,3,1.12
L014129,2026-07-30,6,5.15
L014130,2026-07-30,3,1.12
L014131,2026-07-30,2,0.46
L014132,2026-07-30,8,9.7
L014133,2026-07-30,6,5.15
L014134,2026-07-30,4,2.11
L014135,2026-07-30,9,12.57
L014136,2026-07-30,1,0.1
L014137,2026-07-30,3,1.12
L014138,2026-07-30,5,3.45
L014139,2026-07-30,6,5.15
L014140,2026-07-30,2,0.46
L014141,2026-07-30,2,0.46
L014142,2026-07-30,1,0.1
L014143,2026-07-30,2,0.46
L014144,2026-07-30,1,0.1
L014145,2026-07-30,1,0.1
L014146,2026-07-30,1,0.1
L014147,2026-07-30,9,12.57
L014148,2026-07-30,3,1.12
L014149,2026-07-30,1,0.1
L014150,2026-07-30,3,1.12
L014151,2026-07-30,1,0.1
L014152,2026-07-30,1,0.1
L014153,2026-07-30,1,0.1
L014154,2026-07-30,2,0.46
L014155,2026-07-30,1,0.1
L014156,2026-07-30,4,2.11
L014157,2026-07-30,3,1.12
L014158,2026-07-30,2,0.46
L014159,2026-07-30,2,0.46
L014160,2026-07-30,3,1.12
L014161,2026-07-30,1,0.1
L014162,2026-07-30,2,0.46
L014163,2026-07-30,10,15.85
L014164,2026-07-30,8,9.7
L014165,2026-07-30,1,0.1
L014166,2026-07-30,7,7.23
L014167,2026-07-30,1,0.1
L014168,2026-07-30,3,1.12
L014169,2026-07-30,9,12.57
L014170,2026-07-30,4,2.11
L014171,2026-07-30,1,0.1
L014172,2026-07-30,2,0.46
L014173,2026-07-30,10,15.85
L014174,2026-07-30,3,1.12
L014175,2026-07-30,1,0.1
L014176,2026-07-30,2,0.46
L014177,2026-07-30,7,7.23
L014178,2026-07-30,6,5.15
L014179,2026-07-30,5,3.45
L014180,2026-07-30,8,9.7
L014181,2026-07-30,1,0.1
L014182,2026-07-30,2,0.46
L014183,2026-07-30,1,0.1
L014184,2026-07-30,2,0.46
L014185,2026-07-30,3,1.12
L014186,2026-07-30,1,0.1
L014187,2026-07-30,1,0.1
L014188,2026-07-30,8,9.7
L014189,2026-07-30,2,0.46
L014190,2026-07-30,5,3.45
L014191,2026-07-30,4,2.11
L014192,2026-07-30,3,1.12
L014193,2026-07-30,1,0.1
L014194,2026-07-30,3,1.12
L014195,2026-07-30,3,1.12
L014196,2026-07-30,3,1.12
L014197,2026-07-30,3,1.12
L014198,2026-07-30,3,1.12
L014199,2026-07-30,2,0.46
L014200,2026-07-30,4,2.11
L014201,2026-07-30,1,0.1
L014202,2026-07-30,5,3.45
L014203,2026-07-30,8,9.7
L014204,2026-07-30,10,15.85
L014205,2026-07-30,6,5.15
L014206,2026-07-30,9,12.57
L014207,2026-07-30,8,9.7
L014208,2026-07-30,3,1.12
L014209,2026-07-30,9,12.57
L014210,2026-07-30,1,0.1
L014211,2026-07-30,7,7.23
L014212,2026-07-30,2,0.46
L014213,2026-07-30,6,5.15
L014214,2026-07-30,2,0.46
L014215,2026-07-30,3,1.12
L014216,2026-07-30,4,2.11
L014217,2026-07-30,6,5.15
L014218,2026-07-30,3,1.12
L014219,2026-07-30,1,0.1
L014220,2026-07-30,3,1.12
L014221,2026-07-30,2,0.46
L014222,2026-07-30,2,0.46
L014223,2026-07-30,8,9.7
L014224,2026-07-30,2,0.46
L014225,2026-07-30,1,0.1
L014226,2026-07-30,9,12.57
L014227,2026-07-30,3,1.12
L014228,2026-07-30,5,3.45
L014229,2026-07-30,3,1.12
L014230,2026-07-30,10,15.85
L014231,2026-07-30,1,0.1
L014232,2026-07-30,2,0.46
L014233,2026-07-30,2,0.46
L014234,2026-07-30,9,12.57
L014235,2026-07-30,2,0.46
L014236,2026-07-30,7,7.23
L014237,2026-07-30,2,0.46
L014238,2026-07-30,2,0.46
L014239,2026-07-30,4,2.11
L014240,2026-07-30,1,0.1
L014241,2026-07-30,4,2.11
L014242,2026-07-30,8,9.7
L014243,2026-07-30,2,0.46
L014244,2026-07-30,3,1.12
L014245,2026-07-30,2,0.46
L014246,2026-07-30,3,1.12
L014247,2026-07-30,3,1.12
L014248,2026-07-30,2,0.46
L014249,2026-07-30,1,0.1
L014250,2026-07-30,1,0.1
L014251,2026-07-30,1,0.1
L014252,2026-07-30,1,0.1
L014253,2026-07-30,2,0.46
L014254,2026-07-30,1,0.1
L014255,2026-07-30,1,0.1
L014256,2026-07-30,3,1.12
L014257,2026-07-30,5,3.45
L014258,2026-07-30,2,0.46
L014259,2026-07-30,3,1.12
L014260,2026-07-30,2,0.46
L014261,2026-07-30,6,5.15
L014262,2026-07-30,1,0.1
L014263,2026-07-30,2,0.46
L014264,2026-07-30,1,0.1
L014265,2026-07-30,2,0.46
L014266,2026-07-30,10,15.85
L014267,2026-07-30,10,15.85
L014268,2026-07-30,10,15.85
L014269,2026-07-30,3,1.12
L014270,2026-07-30,2,0.46
L014271,2026-07-30,1,0.1
L014272,2026-07-30,2,0.46
L014273,2026-07-30,3,1.12
L014274,2026-07-30,3,1.12
L014275,2026-07-30,2,0.46
L014276,2026-07-30,6,5.15
L014277,2026-07-30,6,5.15
L014278,2026-07-30,1,0.1
L014279,2026-07-30,9,12.57
L014280,2026-07-30,3,1.12
L014281,2026-07-30,6,5.15
L014282,2026-07-30,6,5.15
L014283,2026-07-30,2,0.46
L014284,2026-07-30,3,1.12
L014285,2026-07-30,1,0.1
L014286,2026-07-30,1,0.1
L014287,2026-07-30,6,5.15
L014288,2026-07-30,1,0.1
L014289,2026-07-30,4,2.11
L014290,2026-07-30,6,5.15
L014291,2026-07-30,5,3.45
L014292,2026-07-30,5,3.45
L014293,2026-07-30,9,12.57
L014294,2026-07-30,2,0.46
L014295,2026-07-30,5,3.45
L014296,2026-07-30,2,0.46
L014297,2026-07-30,5,3.45
L014298,2026-07-30,5,3.45
L014299,2026-07-30,3,1.12
L014300,2026-07-30,1,0.1
L014301,2026-07-30,3,1.12
L014302,2026-07-30,10,15.85
L014303,2026-07-30,1,0.1
L014304,2026-07-30,2,0.46
L014305,2026-07-30,4,2.11
L014306,2026-07-30,8,9.7
L014307,2026-07-30,9,12.57
L014308,2026-07-30,3,1.12
L014309,2026-07-30,3,1.12
L014310,2026-07-30,8,9.7
L014311,2026-07-30,1,0.1
L014312,2026-07-30,8,9.7
L014313,2026-07-30,2,0.46
L014314,2026-07-30,1,0.1
L014315,2026-07-30,3,1.12
L014316,2026-07-30,10,15.85
L014317,2026-07-30,5,3.45
L014318,2026-07-30,1,0.1
L014319,2026-07-30,2,0.46
L014320,2026-07-30,9,12.57
L014321,2026-07-30,1,0.1
L014322,2026-07-30,2,0.46
L014323,2026-07-30,9,12.57
L014324,2026-07-30,1,0.1
L014325,2026-07-30,3,1.12
L014326,2026-07-30,7,7.23
L014327,2026-07-30,1,0.1
L014328,2026-07-30,3,1.12
L014329,2026-07-30,10,15.85
L014330,2026-07-30,2,0.46
L014331,2026-07-30,3,1.12
L014332,2026-07-30,7,7.23
L014333,2026-07-30,2,0.46
L014334,2026-07-30,3,1.12
L014335,2026-07-30,7,7.23
L014336,2026-07-30,6,5.15
L014337,2026-07-30,1,0.1
L014338,2026-07-30,9,12.57
L014339,2026-07-30,3,1.12
L014340,2026-07-30,6,5.15
L014341,2026-07-30,5,3.45
L014342,2026-07-30,7,7.23
L014343,2026-07-30,2,0.46
L014344,2026-07-30,1,0.1
L014345,2026-07-30,4,2.11
L014346,2026-07-30,2,0.46
L014347,2026-07-30,1,0.1
L014348,2026-07-30,1,0.1
L014349,2026-07-30,1,0.1
L014350,2026-07-30,1,0.1
L014351,2026-07-30,2,0.46
L014352,2026-07-30,9,12.57
L014353,2026-07-30,3,1.12
L014354,2026-07-30,2,0.46
L014355,2026-07-30,3,1.12
L014356,2026-07-30,3,1.12
L014357,2026-07-30,1,0.1
L014358,2026-07-30,3,1.12
L014359,2026-07-30,2,0.46
L014360,2026-07-30,2,0.46
L014361,2026-07-30,8,9.7
L014362,2026-07-30,2,0.46
L014363,2026-07-30,3,1.12
L014364,2026-07-30,4,2.11
L014365,2026-07-30,1,0.1
L014366,2026-07-30,3,1.12
L014367,2026-07-30,2,0.46
L014368,2026-07-30,1,0.1
L014369,2026-07-30,1,0.1
L014370,2026-07-30,2,0.46
L014371,2026-07-30,2,0.46
L014372,2026-07-30,10,15.85
L014373,2026-07-30,1,0.1
L014374,2026-07-30,3,1.12
L014375,2026-07-30,7,7.23
L014376,2026-07-30,1,0.1
L014377,2026-07-30,4,2.11
L014378,2026-07-30,1,0.1
L014379,2026-07-30,3,1.12
L014380,2026-07-30,2,0.46
L014381,2026-07-30,1,0.1
L014382,2026-07-30,3,1.12
L014383,2026-07-30,3,1.12
L014384,2026-07-30,1,0.1
L014385,2026-07-30,3,1.12
L014386,2026-07-30,6,5.15
L014387,2026-07-30,2,0.46
L014388,2026-07-30,3,1.12
L014389,2026-07-30,9,12.57
L014390,2026-07-30,3,1.12
L014391,2026-07-30,7,7.23
L014392,2026-07-30,2,0.46
L014393,2026-07-30,7,7.23
L014394,2026-07-30,3,1.12
L014395,2026-07-30,5,3.45
L014396,2026-07-30,4,2.11
L014397,2026-07-30,1,0.1
L014398,2026-07-30,9,12.57
L014399,2026-07-30,1,0.1
L014400,2026-07-30,10,15.85
L014401,2026-07-30,6,5.15
L014402,2026-07-30,2,0.46
L014403,2026-07-30,2,0.46
L014404,2026-07-30,5,3.45
L014405,2026-07-30,2,0.46
L014406,2026-07-30,1,0.1
L014407,2026-07-30,3,1.12
L014408,2026-07-30,5,3.45
L014409,2026-07-30,2,0.46
L014410,2026-07-30,3,1.12
L014411,2026-07-30,1,0.1
L014412,2026-07-30,5,3.45
L014413,2026-07-30,1,0.1
L014414,2026-07-30,3,1.12
L014415,2026-07-30,1,0.1
L014416,2026-07-30,10,15.85
L014417,2026-07-30,6,5.15
L014418,2026-07-30,3,1.12
L014419,2026-07-30,2,0.46
L014420,2026-07-30,2,0.46
L014421,2026-07-30,1,0.1
L014422,2026-07-30,2,0.46
L014423,2026-07-30,7,7.23
L014424,2026-07-30,8,9.7
L014425,2026-07-30,5,3.45
L014426,2026-07-30,2,0.46
L014427,2026-07-30,9,12.57
L014428,2026-07-30,8,9.7
L014429,2026-07-30,3,1.12
L014430,2026-07-30,5,3.45
L014431,2026-07-30,2,0.46
L014432,2026-07-30,1,0.1
L014433,2026-07-30,3,1.12
L014434,2026-07-30,1,0.1
L014435,2026-07-30,3,1.12
L014436,2026-07-30,6,5.15
L014437,2026-07-30,6,5.15
L014438,2026-07-30,1,0.1
L014439,2026-07-30,1,0.1
L014440,2026-07-30,3,1.12
L014441,2026-07-30,8,9.7
L014442,2026-07-30,5,3.45
L014443,2026-07-30,1,0.1
L014444,2026-07-30,1,0.1
L014445,2026-07-30,3,1.12
L014446,2026-07-30,3,1.12
L014447,2026-07-30,1,0.1
L014448,2026-07-30,4,2.11
L014449,2026-07-30,10,15.85
L014450,2026-07-30,2,0.46
L014451,2026-07-30,9,12.57
L014452,2026-07-30,2,0.46
L014453,2026-07-30,7,7.23
L014454,2026-07-30,1,0.1
L014455,2026-07-30,6,5.15
L014456,2026-07-30,2,0.46
L014457,2026-07-30,2,0.46
L014458,2026-07-30,3,1.12
L014459,2026-07-30,3,1.12
L014460,2026-07-30,5,3.45
L014461,2026-07-30,3,1.12
L014462,2026-07-30,10,15.85
L014463,2026-07-30,8,9.7
L014464,2026-07-30,3,1.12
L014465,2026-07-30,2,0.46
L014466,2026-07-30,2,0.46
L014467,2026-07-30,1,0.1
L014468,2026-07-30,9,12.57
L014469,2026-07-30,10,15.85
L014470,2026-07-30,2,0.46
L014471,2026-07-30,2,0.46
L014472,2026-07-30,5,3.45
L014473,2026-07-30,1,0.1
L014474,2026-07-30,3,1.12
L014475,2026-07-30,1,0.1
L014476,2026-07-30,1,0.1
L014477,2026-07-30,3,1.12
L014478,2026-07-30,9,12.57
L014479,2026-07-30,9,12.57
L014480,2026-07-30,1,0.1
L014481,2026-07-30,8,9.7
L014482,2026-07-30,1,0.1
L014483,2026-07-30,6,5.15
L014484,2026-07-30,5,3.45
L014485,2026-07-30,8,9.7
L014486,2026-07-30,5,3.45
L014487,2026-07-30,6,5.15
L014488,2026-07-30,1,0.1
L014489,2026-07-30,6,5.15
L014490,2026-07-30,3,1.12
L014491,2026-07-30,9,12.57
L014492,2026-07-30,1,0.1
L014493,2026-07-30,3,1.12
L014494,2026-07-30,1,0.1
L014495,2026-07-30,2,0.46
L014496,2026-07-30,1,0.1
L014497,2026-07-30,3,1.12
L014498,2026-07-30,4,2.11
L014499,2026-07-30,3,1.12
L014500,2026-07-30,3,1.12
L014501,2026-07-30,1,0.1
L014502,2026-07-30,3,1.12
L014503,2026-07-30,10,15.85
L014504,2026-07-30,2,0.46
L014505,2026-07-30,7,7.23
L014506,2026-07-30,9,12.57
L014507,2026-07-30,1,0.1
L014508,2026-07-30,1,0.1
L014509,2026-07-30,2,0.46
L014510,2026-07-30,9,12.57
L014511,2026-07-30,3,1.12
L014512,2026-07-30,3,1.12
L014513,2026-07-30,8,9.7
L014514,2026-07-30,1,0.1
L014515,2026-07-30,1,0.1
L014516,2026-07-30,1,0.1
L014517,2026-07-30,2,0.46
L014518,2026-07-30,2,0.46
L014519,2026-07-30,8,9.7
L014520,2026-07-30,3,1.12
L014521,2026-07-30,1,0.1
L014522,2026-07-30,2,0.46
L014523,2026-07-30,1,0.1
L014524,2026-07-30,3,1.12
L014525,2026-07-30,5,3.45
L014526,2026-07-30,2,0.46
L014527,2026-07-30,2,0.46
L014528,2026-07-30,3,1.12
L014529,2026-07-30,2,0.46
L014530,2026-07-30,10,15.85
L014531,2026-07-30,10,15.85
L014532,2026-07-30,6,5.15
L014533,2026-07-30,9,12.57
L014534,2026-07-30,9,12.57
L014535,2026-07-30,4,2.11
L014536,2026-07-30,8,9.7
L014537,2026-07-30,1,0.1
L014538,2026-07-30,1,0.1
L014539,2026-07-30,10,15.85
L014540,2026-07-30,2,0.46
L014541,2026-07-30,1,0.1
L014542,2026-07-30,2,0.46
L014543,2026-07-30,2,0.46
L014544,2026-07-30,8,9.7
L014545,2026-07-30,2,0.46
L014546,2026-07-30,1,0.1
L014547,2026-07-30,2,0.46
L014548,2026-07-30,3,1.12
L014549,2026-07-30,4,2.11
L014550,2026-07-30,3,1.12
L014551,2026-07-30,10,15.85
L014552,2026-07-30,2,0.46
L014553,2026-07-30,2,0.46
L014554,2026-07-30,4,2.11
L014555,2026-07-30,10,15.85
L014556,2026-07-30,2,0.46
L014557,2026-07-30,3,1.12
L014558,2026-07-30,1,0.1
L014559,2026-07-30,8,9.7
L014560,2026-07-30,2,0.46
L014561,2026-07-30,2,0.46
L014562,2026-07-30,1,0.1
L014563,2026-07-30,2,0.46
L014564,2026-07-30,1,0.1
L014565,2026-07-30,4,2.11
L014566,2026-07-30,1,0.1
L014567,2026-07-30,2,0.46
L014568,2026-07-30,9,12.57
L014569,2026-07-30,2,0.46
L014570,2026-07-30,1,0.1
L014571,2026-07-30,2,0.46
L014572,2026-07-30,10,15.85
L014573,2026-07-30,8,9.7
L014574,2026-07-30,1,0.1
L014575,2026-07-30,2,0.46
L014576,2026-07-30,6,5.15
L014577,2026-07-30,1,0.1
L014578,2026-07-30,3,1.12
L014579,2026-07-30,2,0.46
L014580,2026-07-30,2,0.46
L014581,2026-07-30,3,1.12
L014582,2026-07-30,3,1.12
L014583,2026-07-30,3,1.12
L014584,2026-07-30,2,0.46
L014585,2026-07-30,2,0.46
L014586,2026-07-30,3,1.12
L014587,2026-07-30,5,3.45
L014588,2026-07-30,4,2.11
L014589,2026-07-30,1,0.1
L014590,2026-07-30,1,0.1
L014591,2026-07-30,1,0.1
L014592,2026-07-30,2,0.46
L014593,2026-07-30,6,5.15
L014594,2026-07-30,10,15.85
L014595,2026-07-30,4,2.11
L014596,2026-07-30,3,1.12
L014597,2026-07-30,2,0.46
L014598,2026-07-30,3,1.12
L014599,2026-07-30,4,2.11
L014600,2026-07-30,2,0.46
L014601,2026-07-30,1,0.1
L014602,2026-07-30,5,3.45
L014603,2026-07-30,6,5.15
L014604,2026-07-30,4,2.11
L014605,2026-07-30,8,9.7
L014606,2026-07-30,5,3.45
L014607,2026-07-30,10,15.85
L014608,2026-07-30,2,0.46
L014609,2026-07-30,1,0.1
L014610,2026-07-30,1,0.1
L014611,2026-07-30,1,0.1
L014612,2026-07-30,2,0.46
L014613,2026-07-30,1,0.1
L014614,2026-07-30,3,1.12
L014615,2026-07-30,9,12.57
L014616,2026-07-30,6,5.15
L014617,2026-07-30,2,0.46
L014618,2026-07-30,2,0.46
L014619,2026-07-30,3,1.12
L014620,2026-07-30,1,0.1
L014621,2026-07-30,1,0.1
L014622,2026-07-30,3,1.12
L014623,2026-07-30,3,1.12
L014624,2026-07-30,1,0.1
L014625,2026-07-30,2,0.46
L014626,2026-07-30,3,1.12
L014627,2026-07-30,3,1.12
L014628,2026-07-30,7,7.23
L014629,2026-07-30,3,1.12
L014630,2026-07-30,2,0.46
L014631,2026-07-30,2,0.46
L014632,2026-07-30,3,1.12
L014633,2026-07-30,6,5.15
L014634,2026-07-30,10,15.85
L014635,2026-07-30,2,0.46
L014636,2026-07-30,4,2.11
L014637,2026-07-30,8,9.7
L014638,2026-07-30,8,9.7
L014639,2026-07-30,8,9.7
L014640,2026-07-30,3,1.12
L014641,2026-07-30,2,0.46
L014642,2026-07-30,2,0.46
L014643,2026-07-30,1,0.1
L014644,2026-07-30,3,1.12
L014645,2026-07-30,2,0.46
L014646,2026-07-30,3,1.12
L014647,2026-07-30,10,15.85
L014648,2026-07-30,7,7.23
L014649,2026-07-30,3,1.12
L014650,2026-07-30,4,2.11
L014651,2026-07-30,2,0.46
L014652,2026-07-30,2,0.46
L014653,2026-07-30,9,12.57
L014654,2026-07-30,9,12.57
L014655,2026-07-30,2,0.46
L014656,2026-07-30,2,0.46
L014657,2026-07-30,6,5.15
L014658,2026-07-30,5,3.45
L014659,2026-07-30,3,1.12
L014660,2026-07-30,1,0.1
L014661,2026-07-30,4,2.11
L014662,2026-07-30,10,15.85
L014663,2026-07-30,2,0.46
L014664,2026-07-30,3,1.12
L014665,2026-07-30,5,3.45
L014666,2026-07-30,5,3.45
L014667,2026-07-30,2,0.46
L014668,2026-07-30,2,0.46
L014669,2026-07-30,10,15.85
L014670,2026-07-30,1,0.1
L014671,2026-07-30,3,1.12
L014672,2026-07-30,7,7.23
L014673,2026-07-30,8,9.7
L014674,2026-07-30,2,0.46
L014675,2026-07-30,6,5.15
L014676,2026-07-30,7,7.23
L014677,2026-07-30,8,9.7
L014678,2026-07-30,3,1.12
L014679,2026-07-30,1,0.1
L014680,2026-07-30,8,9.7
L014681,2026-07-30,2,0.46
L014682,2026-07-30,2,0.46
L014683,2026-07-30,1,0.1
L014684,2026-07-30,3,1.12
L014685,2026-07-30,1,0.1
L014686,2026-07-30,3,1.12
L014687,2026-07-30,1,0.1
L014688,2026-07-30,4,2.11
L014689,2026-07-30,3,1.12
L014690,2026-07-30,8,9.7
L014691,2026-07-30,2,0.46
L014692,2026-07-30,2,0.46
L014693,2026-07-30,5,3.45
L014694,2026-07-30,10,15.85
L014695,2026-07-30,1,0.1
L014696,2026-07-30,2,0.46
L014697,2026-07-30,6,5.15
L014698,2026-07-30,5,3.45
L014699,2026-07-30,2,0.46
L014700,2026-07-30,2,0.46
L014701,2026-07-30,3,1.12
L014702,2026-07-30,3,1.12
L014703,2026-07-30,8,9.7
L014704,2026-07-30,10,15.85
L014705,2026-07-30,4,2.11
L014706,2026-07-30,1,0.1
L014707,2026-07-30,3,1.12
L014708,2026-07-30,2,0.46
L014709,2026-07-30,6,5.15
L014710,2026-07-30,8,9.7
L014711,2026-07-30,10,15.85
L014712,2026-07-30,3,1.12
L014713,2026-07-30,10,15.85
L014714,2026-07-30,5,3.45
L014715,2026-07-30,3,1.12
L014716,2026-07-30,2,0.46
L014717,2026-07-30,3,1.12
L014718,2026-07-30,3,1.12
L014719,2026-07-30,2,0.46
L014720,2026-07-30,1,0.1
L014721,2026-07-30,1,0.1
L014722,2026-07-30,1,0.1
L014723,2026-07-30,6,5.15
L014724,2026-07-30,2,0.46
L014725,2026-07-30,1,0.1
L014726,2026-07-30,3,1.12
L014727,2026-07-30,2,0.46
L014728,2026-07-30,10,15.85
L014729,2026-07-30,1,0.1
L014730,2026-07-30,3,1.12
L014731,2026-07-30,3,1.12
L014732,2026-07-30,2,0.46
L014733,2026-07-30,2,0.46
L014734,2026-07-30,4,2.11
L014735,2026-07-30,7,7.23
L014736,2026-07-30,1,0.1
L014737,2026-07-30,1,0.1
L014738,2026-07-30,1,0.1
L014739,2026-07-30,7,7.23
L014740,2026-07-30,1,0.1
L014741,2026-07-30,4,2.11
L014742,2026-07-30,3,1.12
L014743,2026-07-30,2,0.46
L014744,2026-07-30,6,5.15
L014745,2026-07-30,10,15.85
L014746,2026-07-30,1,0.1
L014747,2026-07-30,7,7.23
L014748,2026-07-30,8,9.7
L014749,2026-07-30,6,5.15
L014750,2026-07-30,1,0.1
L014751,2026-07-30,2,0.46
L014752,2026-07-30,1,0.1
L014753,2026-07-30,1,0.1
L014754,2026-07-30,1,0.1
L014755,2026-07-30,3,1.12
L014756,2026-07-30,4,2.11
L014757,2026-07-30,6,5.15
L014758,2026-07-30,1,0.1
L014759,2026-07-30,8,9.7
L014760,2026-07-30,7,7.23
L014761,2026-07-30,6,5.15
L014762,2026-07-30,1,0.1
L014763,2026-07-30,8,9.7
L014764,2026-07-30,3,1.12
L014765,2026-07-30,2,0.46
L014766,2026-07-30,3,1.12
L014767,2026-07-30,1,0.1
L014768,2026-07-30,2,0.46
L014769,2026-07-30,2,0.46
L014770,2026-07-30,5,3.45
L014771,2026-07-30,4,2.11
L014772,2026-07-30,8,9.7
L014773,2026-07-30,8,9.7
L014774,2026-07-30,9,12.57
L014775,2026-07-30,4,2.11
L014776,2026-07-30,6,5.15
L014777,2026-07-30,3,1.12
L014778,2026-07-30,3,1.12
L014779,2026-07-30,3,1.12
L014780,2026-07-30,9,12.57
L014781,2026-07-30,3,1.12
L014782,2026-07-30,1,0.1
L014783,2026-07-30,8,9.7
L014784,2026-07-30,1,0.1
L014785,2026-07-30,8,9.7
L014786,2026-07-30,2,0.46
L014787,2026-07-30,2,0.46
L014788,2026-07-30,9,12.57
L014789,2026-07-30,3,1.12
L014790,2026-07-30,2,0.46
L014791,2026-07-30,3,1.12
L014792,2026-07-30,1,0.1
L014793,2026-07-30,3,1.12
L014794,2026-07-30,3,1.12
L014795,2026-07-30,3,1.12
L014796,2026-07-30,10,15.85
L014797,2026-07-30,2,0.46
L014798,2026-07-30,2,0.46
L014799,2026-07-30,5,3.45
L014800,2026-07-30,1,0.1
L014801,2026-07-30,3,1.12
L014802,2026-07-30,1,0.1
L014803,2026-07-30,2,0.46
L014804,2026-07-30,3,1.12
L014805,2026-07-30,1,0.1
L014806,2026-07-30,2,0.46
L014807,2026-07-30,1,0.1
L014808,2026-07-30,10,15.85
L014809,2026-07-30,2,0.46
L014810,2026-07-30,4,2.11
L014811,2026-07-30,4,2.11
L014812,2026-07-30,5,3.45
L014813,2026-07-30,2,0.46
L014814,2026-07-30,3,1.12
L014815,2026-07-30,8,9.7
L014816,2026-07-30,6,5.15
L014817,2026-07-30,5,3.45
L014818,2026-07-30,2,0.46
L014819,2026-07-30,2,0.46
L014820,2026-07-30,3,1.12
L014821,2026-07-30,5,3.45
L014822,2026-07-30,10,15.85
L014823,2026-07-30,2,0.46
L014824,2026-07-30,6,5.15
L014825,2026-07-30,2,0.46
L014826,2026-07-30,1,0.1
L014827,2026-07-30,4,2.11
L014828,2026-07-30,3,1.12
L014829,2026-07-30,3,1.12
L014830,2026-07-30,3,1.12
L014831,2026-07-30,5,3.45
L014832,2026-07-30,1,0.1
L014833,2026-07-30,5,3.45
L014834,2026-07-30,3,1.12
L014835,2026-07-30,4,2.11
L014836,2026-07-30,1,0.1
L014837,2026-07-30,1,0.1
L014838,2026-07-30,1,0.1
L014839,2026-07-30,2,0.46
L014840,2026-07-30,1,0.1
L014841,2026-07-30,9,12.57
L014842,2026-07-30,7,7.23
L014843,2026-07-30,2,0.46
L014844,2026-07-30,1,0.1
L014845,2026-07-30,3,1.12
L014846,2026-07-30,6,5.15
L014847,2026-07-30,7,7.23
L014848,2026-07-30,3,1.12
L014849,2026-07-30,2,0.46
L014850,2026-07-30,2,0.46
L014851,2026-07-30,1,0.1
L014852,2026-07-30,3,1.12
L014853,2026-07-30,2,0.46
L014854,2026-07-30,7,7.23
L014855,2026-07-30,5,3.45
L014856,2026-07-30,1,0.1
L014857,2026-07-30,4,2.11
L014858,2026-07-30,7,7.23
L014859,2026-07-30,7,7.23
L014860,2026-07-30,3,1.12
L014861,2026-07-30,3,1.12
L014862,2026-07-30,4,2.11
L014863,2026-07-30,1,0.1
L014864,2026-07-30,2,0.46
L014865,2026-07-30,3,1.12
L014866,2026-07-30,1,0.1
L014867,2026-07-30,3,1.12
L014868,2026-07-30,6,5.15
L014869,2026-07-30,2,0.46
L014870,2026-07-30,4,2.11
L014871,2026-07-30,3,1.12
L014872,2026-07-30,2,0.46
L014873,2026-07-30,3,1.12
L014874,2026-07-30,3,1.12
L014875,2026-07-30,3,1.12
L014876,2026-07-30,7,7.23
L014877,2026-07-30,1,0.1
L014878,2026-07-30,1,0.1
L014879,2026-07-30,2,0.46
L014880,2026-07-30,3,1.12
L014881,2026-07-30,8,9.7
L014882,2026-07-30,3,1.12
L014883,2026-07-30,3,1.12
L014884,2026-07-30,3,1.12
L014885,2026-07-30,2,0.46
L014886,2026-07-30,5,3.45
L014887,2026-07-30,2,0.46
L014888,2026-07-30,3,1.12
L014889,2026-07-30,10,15.85
L014890,2026-07-30,2,0.46
L014891,2026-07-30,6,5.15
L014892,2026-07-30,3,1.12
L014893,2026-07-30,3,1.12
L014894,2026-07-30,2,0.46
L014895,2026-07-30,10,15.85
L014896,2026-07-30,2,0.46
L014897,2026-07-30,1,0.1
L014898,2026-07-30,3,1.12
L014899,2026-07-30,1,0.1
L014900,2026-07-30,1,0.1
L014901,2026-07-30,5,3.45
L014902,2026-07-30,1,0.1
L014903,2026-07-30,3,1.12
L014904,2026-07-30,2,0.46
L014905,2026-07-30,2,0.46
L014906,2026-07-30,10,15.85
L014907,2026-07-30,7,7.23
L014908,2026-07-30,9,12.57
L014909,2026-07-30,8,9.7
L014910,2026-07-30,3,1.12
L014911,2026-07-30,7,7.23
L014912,2026-07-30,2,0.46
L014913,2026-07-30,1,0.1
L014914,2026-07-30,1,0.1
L014915,2026-07-30,2,0.46
L014916,2026-07-30,3,1.12
L014917,2026-07-30,3,1.12
L014918,2026-07-30,3,1.12
L014919,2026-07-30,6,5.15
L014920,2026-07-30,6,5.15
L014921,2026-07-30,2,0.46
L014922,2026-07-30,3,1.12
L014923,2026-07-30,2,0.46
L014924,2026-07-30,7,7.23
L014925,2026-07-30,1,0.1
L014926,2026-07-30,6,5.15
L014927,2026-07-30,2,0.46
L014928,2026-07-30,3,1.12
L014929,2026-07-30,1,0.1
L014930,2026-07-30,7,7.23
L014931,2026-07-30,4,2.11
L014932,2026-07-30,1,0.1
L014933,2026-07-30,10,15.85
L014934,2026-07-30,1,0.1
L014935,2026-07-30,2,0.46
L014936,2026-07-30,3,1.12
L014937,2026-07-30,2,0.46
L014938,2026-07-30,1,0.1
L014939,2026-07-30,4,2.11
L014940,2026-07-30,1,0.1
L014941,2026-07-30,3,1.12
L014942,2026-07-30,5,3.45
L014943,2026-07-30,8,9.7
L014944,2026-07-30,9,12.57
L014945,2026-07-30,2,0.46
L014946,2026-07-30,3,1.12
L014947,2026-07-30,2,0.46
L014948,2026-07-30,3,1.12
L014949,2026-07-30,8,9.7
L014950,2026-07-30,2,0.46
L014951,2026-07-30,1,0.1
L014952,2026-07-30,3,1.12
L014953,2026-07-30,3,1.12
L014954,2026-07-30,3,1.12
L014955,2026-07-30,2,0.46
L014956,2026-07-30,2,0.46
L014957,2026-07-30,10,15.85
L014958,2026-07-30,1,0.1
L014959,2026-07-30,2,0.46
L014960,2026-07-30,10,15.85
L014961,2026-07-30,1,0.1
L014962,2026-07-30,1,0.1
L014963,2026-07-30,1,0.1
L014964,2026-07-30,5,3.45
L014965,2026-07-30,2,0.46
L014966,2026-07-30,3,1.12
L014967,2026-07-30,4,2.11
L014968,2026-07-30,3,1.12
L014969,2026-07-30,1,0.1
L014970,2026-07-30,3,1.12
L014971,2026-07-30,2,0.46
L014972,2026-07-30,3,1.12
L014973,2026-07-30,3,1.12
L014974,2026-07-30,7,7.23
L014975,2026-07-30,5,3.45
L014976,2026-07-30,3,1.12
L014977,2026-07-30,3,1.12
L014978,2026-07-30,6,5.15
L014979,2026-07-30,6,5.15
L014980,2026-07-30,3,1.12
L014981,2026-07-30,3,1.12
L014982,2026-07-30,1,0.1
L014983,2026-07-30,1,0.1
L014984,2026-07-30,3,1.12
L014985,2026-07-30,2,0.46
L014986,2026-07-30,1,0.1
L014987,2026-07-30,3,1.12
L014988,2026-07-30,8,9.7
L014989,2026-07-30,8,9.7
L014990,2026-07-30,2,0.46
L014991,2026-07-30,3,1.12
L014992,2026-07-30,3,1.12
L014993,2026-07-30,9,12.57
L014994,2026-07-30,2,0.46
L014995,2026-07-30,2,0.46
L014996,2026-07-30,2,0.46
L014997,2026-07-30,8,9.7
L014998,2026-07-30,1,0.1
L014999,2026-07-30,3,1.12
L015000,2026-07-30,3,1.12
L015001,2026-07-30,8,9.7
L015002,2026-07-30,3,1.12
L015003,2026-07-30,2,0.46
L015004,2026-07-30,2,0.46
L015005,2026-07-30,3,1.12
L015006,2026-07-30,1,0.1
L015007,2026-07-30,2,0.46
L015008,2026-07-30,5,3.45
L015009,2026-07-30,1,0.1
L015010,2026-07-30,10,15.85
L015011,2026-07-30,1,0.1
L015012,2026-07-30,4,2.11
L015013,2026-07-30,8,9.7
L015014,2026-07-30,3,1.12
L015015,2026-07-30,6,5.15
L015016,2026-07-30,3,1.12
L015017,2026-07-30,2,0.46
L015018,2026-07-30,3,1.12
L015019,2026-07-30,1,0.1
L015020,2026-07-30,3,1.12
L015021,2026-07-30,3,1.12
L015022,2026-07-30,5,3.45
L015023,2026-07-30,10,15.85
L015024,2026-07-30,1,0.1
L015025,2026-07-30,1,0.1
L015026,2026-07-30,5,3.45
L015027,2026-07-30,2,0.46
L015028,2026-07-30,9,12.57
L015029,2026-07-30,1,0.1
L015030,2026-07-30,2,0.46
L015031,2026-07-30,1,0.1
L015032,2026-07-30,2,0.46
L015033,2026-07-30,3,1.12
L015034,2026-07-30,1,0.1
L015035,2026-07-30,8,9.7
L015036,2026-07-30,1,0.1
L015037,2026-07-30,3,1.12
L015038,2026-07-30,1,0.1
L015039,2026-07-30,4,2.11
L015040,2026-07-30,9,12.57
L015041,2026-07-30,4,2.11
L015042,2026-07-30,10,15.85
L015043,2026-07-30,1,0.1
L015044,2026-07-30,1,0.1
L015045,2026-07-30,1,0.1
L015046,2026-07-30,9,12.57
L015047,2026-07-30,3,1.12
L015048,2026-07-30,2,0.46
L015049,2026-07-30,3,1.12
L015050,2026-07-30,3,1.12
L015051,2026-07-30,3,1.12
L015052,2026-07-30,6,5.15
L015053,2026-07-30,3,1.12
L015054,2026-07-30,2,0.46
L015055,2026-07-30,2,0.46
L015056,2026-07-30,5,3.45
L015057,2026-07-30,1,0.1
L015058,2026-07-30,3,1.12
L015059,2026-07-30,2,0.46
L015060,2026-07-30,3,1.12
L015061,2026-07-30,1,0.1
L015062,2026-07-30,3,1.12
L015063,2026-07-30,1,0.1
L015064,2026-07-30,1,0.1
L015065,2026-07-30,1,0.1
L015066,2026-07-30,5,3.45
L015067,2026-07-30,2,0.46
L015068,2026-07-30,6,5.15
L015069,2026-07-30,1,0.1
L015070,2026-07-30,10,15.85
L015071,2026-07-30,8,9.7
L015072,2026-07-30,10,15.85
L015073,2026-07-30,9,12.57
L015074,2026-07-30,1,0.1
L015075,2026-07-30,2,0.46
L015076,2026-07-30,2,0.46
L015077,2026-07-30,10,15.85
L015078,2026-07-30,1,0.1
L015079,2026-07-30,6,5.15
L015080,2026-07-30,3,1.12
L015081,2026-07-30,2,0.46
L015082,2026-07-30,6,5.15
L015083,2026-07-30,7,7.23
L015084,2026-07-30,2,0.46
L015085,2026-07-30,2,0.46
L015086,2026-07-30,9,12.57
L015087,2026-07-30,3,1.12
L015088,2026-07-30,3,1.12
L015089,2026-07-30,3,1.12
L015090,2026-07-30,7,7.23
L015091,2026-07-30,3,1.12
L015092,2026-07-30,3,1.12
L015093,2026-07-30,2,0.46
L015094,2026-07-30,1,0.1
L015095,2026-07-30,6,5.15
L015096,2026-07-30,3,1.12
L015097,2026-07-30,2,0.46
L015098,2026-07-30,10,15.85
L015099,2026-07-30,3,1.12
L015100,2026-07-30,2,0.46
L015101,2026-07-30,2,0.46
L015102,2026-07-30,2,0.46
L015103,2026-07-30,2,0.46
L015104,2026-07-30,2,0.46
L015105,2026-07-30,5,3.45
L015106,2026-07-30,1,0.1
L015107,2026-07-30,2,0.46
L015108,2026-07-30,1,0.1
L015109,2026-07-30,10,15.85
L015110,2026-07-30,3,1.12
L015111,2026-07-30,2,0.46
L015112,2026-07-30,1,0.1
L015113,2026-07-30,2,0.46
L015114,2026-07-30,1,0.1
L015115,2026-07-30,1,0.1
L015116,2026-07-30,7,7.23
L015117,2026-07-30,2,0.46
L015118,2026-07-30,3,1.12
L015119,2026-07-30,3,1.12
L015120,2026-07-30,3,1.12
L015121,2026-07-30,3,1.12
L015122,2026-07-30,5,3.45
L015123,2026-07-30,1,0.1
L015124,2026-07-30,1,0.1
L015125,2026-07-30,1,0.1
L015126,2026-07-30,3,1.12
L015127,2026-07-30,2,0.46
L015128,2026-07-30,3,1.12
L015129,2026-07-30,6,5.15
L015130,2026-07-30,4,2.11
L015131,2026-07-30,10,15.85
L015132,2026-07-30,4,2.11
L015133,2026-07-30,3,1.12
L015134,2026-07-30,3,1.12
L015135,2026-07-30,10,15.85
L015136,2026-07-30,3,1.12
L015137,2026-07-30,5,3.45
L015138,2026-07-30,2,0.46
L015139,2026-07-30,1,0.1
L015140,2026-07-30,10,15.85
L015141,2026-07-30,3,1.12
L015142,2026-07-30,9,12.57
L015143,2026-07-30,1,0.1
L015144,2026-07-30,4,2.11
L015145,2026-07-30,1,0.1
L015146,2026-07-30,1,0.1
L015147,2026-07-30,2,0.46
L015148,2026-07-30,2,0.46
L015149,2026-07-30,1,0.1
L015150,2026-07-30,6,5.15
L015151,2026-07-30,5,3.45
L015152,2026-07-30,9,12.57
L015153,2026-07-30,5,3.45
L015154,2026-07-30,1,0.1
L015155,2026-07-30,2,0.46
L015156,2026-07-30,9,12.57
L015157,2026-07-30,3,1.12
L015158,2026-07-30,3,1.12
L015159,2026-07-30,3,1.12
L015160,2026-07-30,2,0.46
L015161,2026-07-30,1,0.1
L015162,2026-07-30,9,12.57
L015163,2026-07-30,1,0.1
L015164,2026-07-30,1,0.1
L015165,2026-07-30,1,0.1
L015166,2026-07-30,3,1.12
L015167,2026-07-30,2,0.46
L015168,2026-07-30,7,7.23
L015169,2026-07-30,3,1.12
L015170,2026-07-30,3,1.12
L015171,2026-07-30,2,0.46
L015172,2026-07-30,1,0.1
L015173,2026-07-30,3,1.12
L015174,2026-07-30,1,0.1
L015175,2026-07-30,5,3.45
L015176,2026-07-30,8,9.7
L015177,2026-07-30,3,1.12
L015178,2026-07-30,2,0.46
L015179,2026-07-30,10,15.85
L015180,2026-07-30,9,12.57
L015181,2026-07-30,1,0.1
L015182,2026-07-30,1,0.1
L015183,2026-07-30,2,0.46
L015184,2026-07-30,5,3.45
L015185,2026-07-30,8,9.7
L015186,2026-07-30,1,0.1
L015187,2026-07-30,2,0.46
L015188,2026-07-30,7,7.23
L015189,2026-07-30,3,1.12
L015190,2026-07-30,2,0.46
L015191,2026-07-30,1,0.1
L015192,2026-07-30,2,0.46
L015193,2026-07-30,1,0.1
L015194,2026-07-30,6,5.15
L015195,2026-07-30,1,0.1
L015196,2026-07-30,2,0.46
L015197,2026-07-30,2,0.46
L015198,2026-07-30,2,0.46
L015199,2026-07-30,1,0.1
L015200,2026-07-30,5,3.45
L015201,2026-07-30,3,1.12
L015202,2026-07-30,9,12.57
L015203,2026-07-30,3,1.12
L015204,2026-07-30,7,7.23
L015205,2026-07-30,8,9.7
L015206,2026-07-30,10,15.85
L015207,2026-07-30,9,12.57
L015208,2026-07-30,3,1.12
L015209,2026-07-30,2,0.46
L015210,2026-07-30,1,0.1
L015211,2026-07-30,2,0.46
L015212,2026-07-30,1,0.1
L015213,2026-07-30,1,0.1
L015214,2026-07-30,2,0.46
L015215,2026-07-30,6,5.15
L015216,2026-07-30,2,0.46
L015217,2026-07-30,8,9.7
L015218,2026-07-30,10,15.85
L015219,2026-07-30,6,5.15
L015220,2026-07-30,2,0.46
L015221,2026-07-30,1,0.1
L015222,2026-07-30,7,7.23
L015223,2026-07-30,3,1.12
L015224,2026-07-30,6,5.15
L015225,2026-07-30,3,1.12
L015226,2026-07-30,10,15.85
L015227,2026-07-30,2,0.46
L015228,2026-07-30,2,0.46
L015229,2026-07-30,2,0.46
L015230,2026-07-30,1,0.1
L015231,2026-07-30,1,0.1
L015232,2026-07-30,9,12.57
L015233,2026-07-30,2,0.46
L015234,2026-07-30,1,0.1
L015235,2026-07-30,1,0.1
L015236,2026-07-30,1,0.1
L015237,2026-07-30,8,9.7
L015238,2026-07-30,2,0.46
L015239,2026-07-30,10,15.85
L015240,2026-07-30,5,3.45
L015241,2026-07-30,3,1.12
L015242,2026-07-30,2,0.46
L015243,2026-07-30,3,1.12
L015244,2026-07-30,4,2.11
L015245,2026-07-30,2,0.46
L015246,2026-07-30,10,15.85
L015247,2026-07-30,10,15.85
L015248,2026-07-30,2,0.46
L015249,2026-07-30,3,1.12
L015250,2026-07-30,3,1.12
L015251,2026-07-30,3,1.12
L015252,2026-07-30,1,0.1
L015253,2026-07-30,2,0.46
L015254,2026-07-30,1,0.1
L015255,2026-07-30,8,9.7
L015256,2026-07-30,2,0.46
L015257,2026-07-30,2,0.46
L015258,2026-07-30,5,3.45
L015259,2026-07-30,7,7.23
L015260,2026-07-30,1,0.1
L015261,2026-07-30,5,3.45
L015262,2026-07-30,6,5.15
L015263,2026-07-30,3,1.12
L015264,2026-07-30,3,1.12
L015265,2026-07-30,1,0.1
L015266,2026-07-30,5,3.45
L015267,2026-07-30,2,0.46
L015268,2026-07-30,3,1.12
L015269,2026-07-30,9,12.57
L015270,2026-07-30,2,0.46
L015271,2026-07-30,3,1.12
L015272,2026-07-30,1,0.1
L015273,2026-07-30,2,0.46
L015274,2026-07-30,1,0.1
L015275,2026-07-30,1,0.1
L015276,2026-07-30,10,15.85
L015277,2026-07-30,9,12.57
L015278,2026-07-30,3,1.12
L015279,2026-07-30,3,1.12
L015280,2026-07-30,1,0.1
L015281,2026-07-30,1,0.1
L015282,2026-07-30,3,1.12
L015283,2026-07-30,2,0.46
L015284,2026-07-30,2,0.46
L015285,2026-07-30,3,1.12
L015286,2026-07-30,2,0.46
L015287,2026-07-30,8,9.7
L015288,2026-07-30,2,0.46
L015289,2026-07-30,3,1.12
L015290,2026-07-30,5,3.45
L015291,2026-07-30,3,1.12
L015292,2026-07-30,1,0.1
L015293,2026-07-30,2,0.46
L015294,2026-07-30,1,0.1
L015295,2026-07-30,3,1.12
L015296,2026-07-30,3,1.12
L015297,2026-07-30,6,5.15
L015298,2026-07-30,3,1.12
L015299,2026-07-30,1,0.1
L015300,2026-07-30,1,0.1
L015301,2026-07-30,3,1.12
L015302,2026-07-30,1,0.1
L015303,2026-07-30,3,1.12
L015304,2026-07-30,7,7.23
L015305,2026-07-30,3,1.12
L015306,2026-07-30,8,9.7
L015307,2026-07-30,1,0.1
L015308,2026-07-30,8,9.7
L015309,2026-07-30,7,7.23
L015310,2026-07-30,3,1.12
L015311,2026-07-30,8,9.7
L015312,2026-07-30,1,0.1
L015313,2026-07-30,10,15.85
L015314,2026-07-30,3,1.12
L015315,2026-07-30,10,15.85
L015316,2026-07-30,3,1.12
L015317,2026-07-30,2,0.46
L015318,2026-07-30,9,12.57
L015319,2026-07-30,1,0.1
L015320,2026-07-30,8,9.7
L015321,2026-07-30,7,7.23
L015322,2026-07-30,2,0.46
L015323,2026-07-30,1,0.1
L015324,2026-07-30,1,0.1
L015325,2026-07-30,4,2.11
L015326,2026-07-30,4,2.11
L015327,2026-07-30,2,0.46
L015328,2026-07-30,2,0.46
L015329,2026-07-30,5,3.45
L015330,2026-07-30,2,0.46
L015331,2026-07-30,2,0.46
L015332,2026-07-30,2,0.46
L015333,2026-07-30,3,1.12
L015334,2026-07-30,1,0.1
L015335,2026-07-30,1,0.1
L015336,2026-07-30,2,0.46
L015337,2026-07-30,4,2.11
L015338,2026-07-30,2,0.46
L015339,2026-07-30,3,1.12
L015340,2026-07-30,3,1.12
L015341,2026-07-30,1,0.1
L015342,2026-07-30,2,0.46
L015343,2026-07-30,9,12.57
L015344,2026-07-30,7,7.23
L015345,2026-07-30,5,3.45
L015346,2026-07-30,2,0.46
L015347,2026-07-30,2,0.46
L015348,2026-07-30,1,0.1
L015349,2026-07-30,1,0.1
L015350,2026-07-30,2,0.46
L015351,2026-07-30,1,0.1
L015352,2026-07-30,5,3.45
L015353,2026-07-30,1,0.1
L015354,2026-07-30,2,0.46
L015355,2026-07-30,3,1.12
L015356,2026-07-30,6,5.15
L015357,2026-07-30,1,0.1
L015358,2026-07-30,3,1.12
L015359,2026-07-30,5,3.45
L015360,2026-07-30,8,9.7
L015361,2026-07-30,7,7.23
L015362,2026-07-30,10,15.85
L015363,2026-07-30,3,1.12
L015364,2026-07-30,7,7.23
L015365,2026-07-30,9,12.57
L015366,2026-07-30,6,5.15
L015367,2026-07-30,1,0.1
L015368,2026-07-30,4,2.11
L015369,2026-07-30,8,9.7
L015370,2026-07-30,9,12.57
L015371,2026-07-30,5,3.45
L015372,2026-07-30,3,1.12
L015373,2026-07-30,10,15.85
L015374,2026-07-30,2,0.46
L015375,2026-07-30,1,0.1
L015376,2026-07-30,2,0.46
L015377,2026-07-30,3,1.12
L015378,2026-07-30,1,0.1
L015379,2026-07-30,9,12.57
L015380,2026-07-30,1,0.1
L015381,2026-07-30,4,2.11
L015382,2026-07-30,2,0.46
L015383,2026-07-30,2,0.46
L015384,2026-07-30,2,0.46
L015385,2026-07-30,1,0.1
L015386,2026-07-30,4,2.11
L015387,2026-07-30,2,0.46
L015388,2026-07-30,3,1.12
L015389,2026-07-30,7,7.23
L015390,2026-07-30,3,1.12
L015391,2026-07-30,5,3.45
L015392,2026-07-30,1,0.1
L015393,2026-07-30,2,0.46
L015394,2026-07-30,3,1.12
L015395,2026-07-30,9,12.57
L015396,2026-07-30,2,0.46
L015397,2026-07-30,3,1.12
L015398,2026-07-30,1,0.1
L015399,2026-07-30,1,0.1
L015400,2026-07-30,3,1.12
L015401,2026-07-30,1,0.1
L015402,2026-07-30,7,7.23
L015403,2026-07-30,2,0.46
L015404,2026-07-30,1,0.1
L015405,2026-07-30,6,5.15
L015406,2026-07-30,2,0.46
L015407,2026-07-30,8,9.7
L015408,2026-07-30,1,0.1
L015409,2026-07-30,1,0.1
L015410,2026-07-30,2,0.46
L015411,2026-07-30,1,0.1
L015412,2026-07-30,1,0.1
L015413,2026-07-30,2,0.46
L015414,2026-07-30,2,0.46
L015415,2026-07-30,4,2.11
L015416,2026-07-30,1,0.1
L015417,2026-07-30,1,0.1
L015418,2026-07-30,1,0.1
L015419,2026-07-30,2,0.46
L015420,2026-07-30,1,0.1
L015421,2026-07-30,1,0.1
L015422,2026-07-30,7,7.23
L015423,2026-07-30,5,3.45
L015424,2026-07-30,2,0.46
L015425,2026-07-30,6,5.15
L015426,2026-07-30,3,1.12
L015427,2026-07-30,7,7.23
L015428,2026-07-30,7,7.23
L015429,2026-07-30,2,0.46
L015430,2026-07-30,3,1.12
L015431,2026-07-30,8,9.7
L015432,2026-07-30,3,1.12
L015433,2026-07-30,3,1.12
L015434,2026-07-30,1,0.1
L015435,2026-07-30,2,0.46
L015436,2026-07-30,3,1.12
L015437,2026-07-30,2,0.46
L015438,2026-07-30,8,9.7
L015439,2026-07-30,2,0.46
L015440,2026-07-30,3,1.12
L015441,2026-07-30,6,5.15
L015442,2026-07-30,2,0.46
L015443,2026-07-30,10,15.85
L015444,2026-07-30,2,0.46
L015445,2026-07-30,6,5.15
L015446,2026-07-30,1,0.1
L015447,2026-07-30,4,2.11
L015448,2026-07-30,8,9.7
L015449,2026-07-30,7,7.23
L015450,2026-07-30,1,0.1
L015451,2026-07-30,3,1.12
L015452,2026-07-30,3,1.12
L015453,2026-07-30,1,0.1
L015454,2026-07-30,1,0.1
L015455,2026-07-30,2,0.46
L015456,2026-07-30,1,0.1
L015457,2026-07-30,3,1.12
L015458,2026-07-30,10,15.85
L015459,2026-07-30,7,7.23
L015460,2026-07-30,1,0.1
L015461,2026-07-30,3,1.12
L015462,2026-07-30,8,9.7
L015463,2026-07-30,1,0.1
L015464,2026-07-30,1,0.1
L015465,2026-07-30,1,0.1
L015466,2026-07-30,10,15.85
L015467,2026-07-30,1,0.1
L015468,2026-07-30,2,0.46
L015469,2026-07-30,10,15.85
L015470,2026-07-30,8,9.7
L015471,2026-07-30,6,5.15
L015472,2026-07-30,2,0.46
L015473,2026-07-30,3,1.12
L015474,2026-07-30,7,7.23
L015475,2026-07-30,3,1.12
L015476,2026-07-30,2,0.46
L015477,2026-07-30,1,0.1
L015478,2026-07-30,4,2.11
L015479,2026-07-30,1,0.1
L015480,2026-07-30,5,3.45
L015481,2026-07-30,2,0.46
L015482,2026-07-30,1,0.1
L015483,2026-07-30,5,3.45
L015484,2026-07-30,3,1.12
L015485,2026-07-30,1,0.1
L015486,2026-07-30,2,0.46
L015487,2026-07-30,2,0.46
L015488,2026-07-30,1,0.1
L015489,2026-07-30,10,15.85
L015490,2026-07-30,3,1.12
L015491,2026-07-30,3,1.12
L015492,2026-07-30,2,0.46
L015493,2026-07-30,6,5.15
L015494,2026-07-30,3,1.12
L015495,2026-07-30,2,0.46
L015496,2026-07-30,3,1.12
L015497,2026-07-30,3,1.12
L015498,2026-07-30,1,0.1
L015499,2026-07-30,1,0.1
L015500,2026-07-30,1,0.1
L015501,2026-07-30,3,1.12
L015502,2026-07-30,3,1.12
L015503,2026-07-30,10,15.85
L015504,2026-07-30,1,0.1
L015505,2026-07-30,5,3.45
L015506,2026-07-30,1,0.1
L015507,2026-07-30,2,0.46
L015508,2026-07-30,6,5.15
L015509,2026-07-30,1,0.1
L015510,2026-07-30,2,0.46
L015511,2026-07-30,6,5.15
L015512,2026-07-30,2,0.46
L015513,2026-07-30,1,0.1
L015514,2026-07-30,3,1.12
L015515,2026-07-30,3,1.12
L015516,2026-07-30,5,3.45
L015517,2026-07-30,8,9.7
L015518,2026-07-30,1,0.1
L015519,2026-07-30,3,1.12
L015520,2026-07-30,2,0.46
L015521,2026-07-30,3,1.12
L015522,2026-07-30,1,0.1
L015523,2026-07-30,1,0.1
L015524,2026-07-30,9,12.57
L015525,2026-07-30,3,1.12
L015526,2026-07-30,4,2.11
L015527,2026-07-30,3,1.12
L015528,2026-07-30,1,0.1
L015529,2026-07-30,1,0.1
L015530,2026-07-30,2,0.46
L015531,2026-07-30,9,12.57
L015532,2026-07-30,1,0.1
L015533,2026-07-30,9,12.57
L015534,2026-07-30,5,3.45
L015535,2026-07-30,1,0.1
L015536,2026-07-30,9,12.57
L015537,2026-07-30,4,2.11
L015538,2026-07-30,1,0.1
L015539,2026-07-30,3,1.12
L015540,2026-07-30,5,3.45
L015541,2026-07-30,3,1.12
L015542,2026-07-30,1,0.1
L015543,2026-07-30,3,1.12
L015544,2026-07-30,2,0.46
L015545,2026-07-30,3,1.12
L015546,2026-07-30,8,9.7
L015547,2026-07-30,1,0.1
L015548,2026-07-30,3,1.12
L015549,2026-07-30,1,0.1
L015550,2026-07-30,3,1.12
L015551,2026-07-30,2,0.46
L015552,2026-07-30,5,3.45
L015553,2026-07-30,8,9.7
L015554,2026-07-30,7,7.23
L015555,2026-07-30,7,7.23
L015556,2026-07-30,10,15.85
L015557,2026-07-30,2,0.46
L015558,2026-07-30,3,1.12
L015559,2026-07-30,8,9.7
L015560,2026-07-30,3,1.12
L015561,2026-07-30,1,0.1
L015562,2026-07-30,6,5.15
L015563,2026-07-30,8,9.7
L015564,2026-07-30,1,0.1
L015565,2026-07-30,6,5.15
L015566,2026-07-30,1,0.1
L015567,2026-07-30,2,0.46
L015568,2026-07-30,5,3.45
L015569,2026-07-30,3,1.12
L015570,2026-07-30,1,0.1
L015571,2026-07-30,5,3.45
L015572,2026-07-30,10,15.85
L015573,2026-07-30,8,9.7
L015574,2026-07-30,8,9.7
L015575,2026-07-30,2,0.46
L015576,2026-07-30,2,0.46
L015577,2026-07-30,2,0.46
L015578,2026-07-30,2,0.46
L015579,2026-07-30,10,15.85
L015580,2026-07-30,1,0.1
L015581,2026-07-30,3,1.12
L015582,2026-07-30,2,0.46
L015583,2026-07-30,6,5.15
L015584,2026-07-30,2,0.46
L015585,2026-07-30,3,1.12
L015586,2026-07-30,5,3.45
L015587,2026-07-30,2,0.46
L015588,2026-07-30,2,0.46
L015589,2026-07-30,3,1.12
L015590,2026-07-30,3,1.12
L015591,2026-07-30,1,0.1
L015592,2026-07-30,2,0.46
L015593,2026-07-30,2,0.46
L015594,2026-07-30,1,0.1
L015595,2026-07-30,4,2.11
L015596,2026-07-30,1,0.1
L015597,2026-07-30,2,0.46
L015598,2026-07-30,3,1.12
L015599,2026-07-30,2,0.46
L015600,2026-07-30,3,1.12
L015601,2026-07-30,2,0.46
L015602,2026-07-30,6,5.15
L015603,2026-07-30,3,1.12
L015604,2026-07-30,7,7.23
L015605,2026-07-30,3,1.12
L015606,2026-07-30,3,1.12
L015607,2026-07-30,2,0.46
L015608,2026-07-30,3,1.12
L015609,2026-07-30,8,9.7
L015610,2026-07-30,3,1.12
L015611,2026-07-30,3,1.12
L015612,2026-07-30,3,1.12
L015613,2026-07-30,1,0.1
L015614,2026-07-30,2,0.46
L015615,2026-07-30,5,3.45
L015616,2026-07-30,6,5.15
L015617,2026-07-30,3,1.12
L015618,2026-07-30,1,0.1
L015619,2026-07-30,10,15.85
L015620,2026-07-30,1,0.1
L015621,2026-07-30,4,2.11
L015622,2026-07-30,7,7.23
L015623,2026-07-30,1,0.1
L015624,2026-07-30,3,1.12
L015625,2026-07-30,4,2.11
L015626,2026-07-30,10,15.85
L015627,2026-07-30,2,0.46
L015628,2026-07-30,6,5.15
L015629,2026-07-30,4,2.11
L015630,2026-07-30,2,0.46
L015631,2026-07-30,3,1.12
L015632,2026-07-30,2,0.46
L015633,2026-07-30,3,1.12
L015634,2026-07-30,2,0.46
L015635,2026-07-30,5,3.45
L015636,2026-07-30,8,9.7
L015637,2026-07-30,2,0.46
L015638,2026-07-30,6,5.15
L015639,2026-07-30,1,0.1
L015640,2026-07-30,3,1.12
L015641,2026-07-30,6,5.15
L015642,2026-07-30,1,0.1
L015643,2026-07-30,1,0.1
L015644,2026-07-30,2,0.46
L015645,2026-07-30,1,0.1
L015646,2026-07-30,4,2.11
L015647,2026-07-30,4,2.11
L015648,2026-07-30,3,1.12
L015649,2026-07-30,5,3.45
L015650,2026-07-30,2,0.46
L015651,2026-07-30,3,1.12
L015652,2026-07-30,2,0.46
L015653,2026-07-30,10,15.85
L015654,2026-07-30,2,0.46
L015655,2026-07-30,8,9.7
L015656,2026-07-30,10,15.85
L015657,2026-07-30,1,0.1
L015658,2026-07-30,3,1.12
L015659,2026-07-30,4,2.11
L015660,2026-07-30,2,0.46
L015661,2026-07-30,3,1.12
L015662,2026-07-30,1,0.1
L015663,2026-07-30,1,0.1
L015664,2026-07-30,7,7.23
L015665,2026-07-30,2,0.46
L015666,2026-07-30,4,2.11
L015667,2026-07-30,3,1.12
L015668,2026-07-30,3,1.12
L015669,2026-07-30,1,0.1
L015670,2026-07-30,10,15.85
L015671,2026-07-30,1,0.1
L015672,2026-07-30,3,1.12
L015673,2026-07-30,1,0.1
L015674,2026-07-30,1,0.1
L015675,2026-07-30,10,15.85
L015676,2026-07-30,3,1.12
L015677,2026-07-30,2,0.46
L015678,2026-07-30,1,0.1
L015679,2026-07-30,6,5.15
L015680,2026-07-30,3,1.12
L015681,2026-07-30,3,1.12
L015682,2026-07-30,3,1.12
L015683,2026-07-30,1,0.1
L015684,2026-07-30,6,5.15
L015685,2026-07-30,3,1.12
L015686,2026-07-30,3,1.12
L015687,2026-07-30,5,3.45
L015688,2026-07-30,1,0.1
L015689,2026-07-30,5,3.45
L015690,2026-07-30,2,0.46
L015691,2026-07-30,2,0.46
L015692,2026-07-30,2,0.46
L015693,2026-07-30,3,1.12
L015694,2026-07-30,10,15.85
L015695,2026-07-30,5,3.45
L015696,2026-07-30,1,0.1
L015697,2026-07-30,2,0.46
L015698,2026-07-30,1,0.1
L015699,2026-07-30,2,0.46
L015700,2026-07-30,6,5.15
L015701,2026-07-30,2,0.46
L015702,2026-07-30,2,0.46
L015703,2026-07-30,5,3.45
L015704,2026-07-30,4,2.11
L015705,2026-07-30,2,0.46
L015706,2026-07-30,3,1.12
L015707,2026-07-30,4,2.11
L015708,2026-07-30,2,0.46
L015709,2026-07-30,3,1.12
L015710,2026-07-30,3,1.12
L015711,2026-07-30,4,2.11
L015712,2026-07-30,1,0.1
L015713,2026-07-30,2,0.46
L015714,2026-07-30,3,1.12
L015715,2026-07-30,1,0.1
L015716,2026-07-30,2,0.46
L015717,2026-07-30,4,2.11
L015718,2026-07-30,4,2.11
L015719,2026-07-30,4,2.11
L015720,2026-07-30,6,5.15
L015721,2026-07-30,8,9.7
L015722,2026-07-30,2,0.46
L015723,2026-07-30,10,15.85
L015724,2026-07-30,3,1.12
L015725,2026-07-30,3,1.12
L015726,2026-07-30,3,1.12
L015727,2026-07-30,3,1.12
L015728,2026-07-30,3,1.12
L015729,2026-07-30,1,0.1
L015730,2026-07-30,2,0.46
L015731,2026-07-30,2,0.46
L015732,2026-07-30,3,1.12
L015733,2026-07-30,3,1.12
L015734,2026-07-30,5,3.45
L015735,2026-07-30,1,0.1
L015736,2026-07-30,1,0.1
L015737,2026-07-30,4,2.11
L015738,2026-07-30,1,0.1
L015739,2026-07-30,8,9.7
L015740,2026-07-30,1,0.1
L015741,2026-07-30,3,1.12
L015742,2026-07-30,3,1.12
L015743,2026-07-30,3,1.12
L015744,2026-07-30,4,2.11
L015745,2026-07-30,3,1.12
L015746,2026-07-30,10,15.85
L015747,2026-07-30,2,0.46
L015748,2026-07-30,2,0.46
L015749,2026-07-30,10,15.85
L015750,2026-07-30,3,1.12
L015751,2026-07-30,1,0.1
L015752,2026-07-30,4,2.11
L015753,2026-07-30,3,1.12
L015754,2026-07-30,5,3.45
L015755,2026-07-30,1,0.1
L015756,2026-07-30,6,5.15
L015757,2026-07-30,2,0.46
L015758,2026-07-30,2,0.46
L015759,2026-07-30,2,0.46
L015760,2026-07-30,4,2.11
L015761,2026-07-30,2,0.46
L015762,2026-07-30,2,0.46
L015763,2026-07-30,2,0.46
L015764,2026-07-30,2,0.46
L015765,2026-07-30,1,0.1
L015766,2026-07-30,1,0.1
L015767,2026-07-30,3,1.12
L015768,2026-07-30,3,1.12
L015769,2026-07-30,2,0.46
L015770,2026-07-30,8,9.7
L015771,2026-07-30,5,3.45
L015772,2026-07-30,1,0.1
L015773,2026-07-30,9,12.57
L015774,2026-07-30,8,9.7
L015775,2026-07-30,2,0.46
L015776,2026-07-30,1,0.1
L015777,2026-07-30,1,0.1
L015778,2026-07-30,2,0.46
L015779,2026-07-30,3,1.12
L015780,2026-07-30,9,12.57
L015781,2026-07-30,1,0.1
L015782,2026-07-30,6,5.15
L015783,2026-07-30,3,1.12
L015784,2026-07-30,1,0.1
L015785,2026-07-30,8,9.7
L015786,2026-07-30,6,5.15
L015787,2026-07-30,2,0.46
L015788,2026-07-30,4,2.11
L015789,2026-07-30,2,0.46
L015790,2026-07-30,2,0.46
L015791,2026-07-30,2,0.46
L015792,2026-07-30,2,0.46
L015793,2026-07-30,3,1.12
L015794,2026-07-30,9,12.57
L015795,2026-07-30,2,0.46
L015796,2026-07-30,8,9.7
L015797,2026-07-30,4,2.11
L015798,2026-07-30,3,1.12
L015799,2026-07-30,3,1.12
L015800,2026-07-30,2,0.46
L015801,2026-07-30,7,7.23
L015802,2026-07-30,3,1.12
L015803,2026-07-30,7,7.23
L015804,2026-07-30,3,1.12
L015805,2026-07-30,5,3.45
L015806,2026-07-30,3,1.12
L015807,2026-07-30,4,2.11
L015808,2026-07-30,5,3.45
L015809,2026-07-30,2,0.46
L015810,2026-07-30,3,1.12
L015811,2026-07-30,8,9.7
L015812,2026-07-30,6,5.15
L015813,2026-07-30,7,7.23
L015814,2026-07-30,3,1.12
L015815,2026-07-30,8,9.7
L015816,2026-07-30,2,0.46
L015817,2026-07-30,3,1.12
L015818,2026-07-30,5,3.45
L015819,2026-07-30,6,5.15
L015820,2026-07-30,2,0.46
L015821,2026-07-30,1,0.1
L015822,2026-07-30,3,1.12
L015823,2026-07-30,2,0.46
L015824,2026-07-30,2,0.46
L015825,2026-07-30,7,7.23
L015826,2026-07-30,3,1.12
L015827,2026-07-30,2,0.46
L015828,2026-07-30,2,0.46
L015829,2026-07-30,2,0.46
L015830,2026-07-30,3,1.12
L015831,2026-07-30,3,1.12
L015832,2026-07-30,3,1.12
L015833,2026-07-30,1,0.1
L015834,2026-07-30,7,7.23
L015835,2026-07-30,4,2.11
L015836,2026-07-30,4,2.11
L015837,2026-07-30,3,1.12
L015838,2026-07-30,2,0.46
L015839,2026-07-30,2,0.46
L015840,2026-07-30,4,2.11
L015841,2026-07-30,2,0.46
L015842,2026-07-30,10,15.85
L015843,2026-07-30,2,0.46
L015844,2026-07-30,5,3.45
L015845,2026-07-30,1,0.1
L015846,2026-07-30,2,0.46
L015847,2026-07-30,1,0.1
L015848,2026-07-30,3,1.12
L015849,2026-07-30,1,0.1
L015850,2026-07-30,1,0.1
L015851,2026-07-30,10,15.85
L015852,2026-07-30,2,0.46
L015853,2026-07-30,3,1.12
L015854,2026-07-30,1,0.1
L015855,2026-07-30,1,0.1
L015856,2026-07-30,10,15.85
L015857,2026-07-30,1,0.1
L015858,2026-07-30,2,0.46
L015859,2026-07-30,3,1.12
L015860,2026-07-30,9,12.57
L015861,2026-07-30,1,0.1
L015862,2026-07-30,1,0.1
L015863,2026-07-30,1,0.1
L015864,2026-07-30,1,0.1
L015865,2026-07-30,3,1.12
L015866,2026-07-30,3,1.12
L015867,2026-07-30,3,1.12
L015868,2026-07-30,1,0.1
L015869,2026-07-30,3,1.12
L015870,2026-07-30,3,1.12
L015871,2026-07-30,3,1.12
L015872,2026-07-30,3,1.12
L015873,2026-07-30,2,0.46
L015874,2026-07-30,1,0.1
L015875,2026-07-30,2,0.46
L015876,2026-07-30,3,1.12
L015877,2026-07-30,3,1.12
L015878,2026-07-30,2,0.46
L015879,2026-07-30,1,0.1
L015880,2026-07-30,6,5.15
L015881,2026-07-30,1,0.1
L015882,2026-07-30,3,1.12
L015883,2026-07-30,4,2.11
L015884,2026-07-30,1,0.1
L015885,2026-07-30,1,0.1
L015886,2026-07-30,9,12.57
L015887,2026-07-30,2,0.46
L015888,2026-07-30,1,0.1
L015889,2026-07-30,6,5.15
L015890,2026-07-30,1,0.1
L015891,2026-07-30,3,1.12
L015892,2026-07-30,6,5.15
L015893,2026-07-30,3,1.12
L015894,2026-07-30,9,12.57
L015895,2026-07-30,2,0.46
L015896,2026-07-30,3,1.12
L015897,2026-07-30,3,1.12
L015898,2026-07-30,3,1.12
L015899,2026-07-30,2,0.46
L015900,2026-07-30,7,7.23
L015901,2026-07-30,3,1.12
L015902,2026-07-30,1,0.1
L015903,2026-07-30,1,0.1
L015904,2026-07-30,1,0.1
L015905,2026-07-30,3,1.12
L015906,2026-07-30,2,0.46
L015907,2026-07-30,3,1.12
L015908,2026-07-30,9,12.57
L015909,2026-07-30,3,1.12
L015910,2026-07-30,1,0.1
L015911,2026-07-30,2,0.46
L015912,2026-07-30,1,0.1
L015913,2026-07-30,6,5.15
L015914,2026-07-30,4,2.11
L015915,2026-07-30,5,3.45
L015916,2026-07-30,1,0.1
L015917,2026-07-30,1,0.1
L015918,2026-07-30,4,2.11
L015919,2026-07-30,6,5.15
L015920,2026-07-30,6,5.15
L015921,2026-07-30,1,0.1
L015922,2026-07-30,1,0.1
L015923,2026-07-30,6,5.15
L015924,2026-07-30,3,1.12
L015925,2026-07-30,3,1.12
L015926,2026-07-30,2,0.46
L015927,2026-07-30,4,2.11
L015928,2026-07-30,7,7.23
L015929,2026-07-30,9,12.57
L015930,2026-07-30,1,0.1
L015931,2026-07-30,10,15.85
L015932,2026-07-30,9,12.57
L015933,2026-07-30,1,0.1
L015934,2026-07-30,3,1.12
L015935,2026-07-30,1,0.1
L015936,2026-07-30,5,3.45
L015937,2026-07-30,6,5.15
L015938,2026-07-30,10,15.85
L015939,2026-07-30,1,0.1
L015940,2026-07-30,1,0.1
L015941,2026-07-30,1,0.1
L015942,2026-07-30,2,0.46
L015943,2026-07-30,2,0.46
L015944,2026-07-30,1,0.1
L015945,2026-07-30,1,0.1
L015946,2026-07-30,1,0.1
L015947,2026-07-30,1,0.1
L015948,2026-07-30,3,1.12
L015949,2026-07-30,2,0.46
L015950,2026-07-30,2,0.46
L015951,2026-07-30,9,12.57
L015952,2026-07-30,5,3.45
L015953,2026-07-30,2,0.46
L015954,2026-07-30,3,1.12
L015955,2026-07-30,7,7.23
L015956,2026-07-30,1,0.1
L015957,2026-07-30,2,0.46
L015958,2026-07-30,3,1.12
L015959,2026-07-30,2,0.46
L015960,2026-07-30,6,5.15
L015961,2026-07-30,9,12.57
L015962,2026-07-30,2,0.46
L015963,2026-07-30,1,0.1
L015964,2026-07-30,7,7.23
L015965,2026-07-30,1,0.1
L015966,2026-07-30,7,7.23
L015967,2026-07-30,9,12.57
L015968,2026-07-30,2,0.46
L015969,2026-07-30,2,0.46
L015970,2026-07-30,1,0.1
L015971,2026-07-30,1,0.1
L015972,2026-07-30,1,0.1
L015973,2026-07-30,9,12.57
L015974,2026-07-30,7,7.23
L015975,2026-07-30,1,0.1
L015976,2026-07-30,10,15.85
L015977,2026-07-30,1,0.1
L015978,2026-07-30,1,0.1
L015979,2026-07-30,3,1.12
L015980,2026-07-30,3,1.12
L015981,2026-07-30,1,0.1
L015982,2026-07-30,9,12.57
L015983,2026-07-30,3,1.12
L015984,2026-07-30,2,0.46
L015985,2026-07-30,1,0.1
L015986,2026-07-30,3,1.12
L015987,2026-07-30,6,5.15
L015988,2026-07-30,2,0.46
L015989,2026-07-30,3,1.12
L015990,2026-07-30,8,9.7
L015991,2026-07-30,3,1.12
L015992,2026-07-30,8,9.7
L015993,2026-07-30,2,0.46
L015994,2026-07-30,1,0.1
L015995,2026-07-30,1,0.1
L015996,2026-07-30,1,0.1
L015997,2026-07-30,2,0.46
L015998,2026-07-30,3,1.12
L015999,2026-07-30,2,0.46
L016000,2026-07-30,3,1.12
L016001,2026-07-30,8,9.7
L016002,2026-07-30,2,0.46
L016003,2026-07-30,3,1.12
L016004,2026-07-30,2,0.46
L016005,2026-07-30,2,0.46
L016006,2026-07-30,2,0.46
L016007,2026-07-30,6,5.15
L016008,2026-07-30,1,0.1
L016009,2026-07-30,6,5.15
L016010,2026-07-30,1,0.1
L016011,2026-07-30,1,0.1
L016012,2026-07-30,2,0.46
L016013,2026-07-30,3,1.12
L016014,2026-07-30,4,2.11
L016015,2026-07-30,1,0.1
L016016,2026-07-30,6,5.15
L016017,2026-07-30,1,0.1
L016018,2026-07-30,2,0.46
L016019,2026-07-30,4,2.11
L016020,2026-07-30,3,1.12
L016021,2026-07-30,5,3.45
L016022,2026-07-30,1,0.1
L016023,2026-07-30,1,0.1
L016024,2026-07-30,2,0.46
L016025,2026-07-30,2,0.46
L016026,2026-07-30,2,0.46
L016027,2026-07-30,10,15.85
L016028,2026-07-30,1,0.1
L016029,2026-07-30,8,9.7
L016030,2026-07-30,1,0.1
L016031,2026-07-30,5,3.45
L016032,2026-07-30,1,0.1
L016033,2026-07-30,4,2.11
L016034,2026-07-30,2,0.46
L016035,2026-07-30,7,7.23
L016036,2026-07-30,1,0.1
L016037,2026-07-30,1,0.1
L016038,2026-07-30,3,1.12
L016039,2026-07-30,1,0.1
L016040,2026-07-30,5,3.45
L016041,2026-07-30,1,0.1
L016042,2026-07-30,4,2.11
L016043,2026-07-30,3,1.12
L016044,2026-07-30,1,0.1
L016045,2026-07-30,1,0.1
L016046,2026-07-30,5,3.45
L016047,2026-07-30,1,0.1
L016048,2026-07-30,1,0.1
L016049,2026-07-30,1,0.1
L016050,2026-07-30,8,9.7
L016051,2026-07-30,1,0.1
L016052,2026-07-30,3,1.12
L016053,2026-07-30,5,3.45
L016054,2026-07-30,1,0.1
L016055,2026-07-30,1,0.1
L016056,2026-07-30,7,7.23
L016057,2026-07-30,8,9.7
L016058,2026-07-30,2,0.46
L016059,2026-07-30,5,3.45
L016060,2026-07-30,3,1.12
L016061,2026-07-30,7,7.23
L016062,2026-07-30,1,0.1
L016063,2026-07-30,1,0.1
L016064,2026-07-30,8,9.7
L016065,2026-07-30,6,5.15
L016066,2026-07-30,3,1.12
L016067,2026-07-30,2,0.46
L016068,2026-07-30,1,0.1
L016069,2026-07-30,2,0.46
L016070,2026-07-30,2,0.46
L016071,2026-07-30,8,9.7
L016072,2026-07-30,3,1.12
L016073,2026-07-30,10,15.85
L016074,2026-07-30,3,1.12
L016075,2026-07-30,1,0.1
L016076,2026-07-30,9,12.57
L016077,2026-07-30,4,2.11
L016078,2026-07-30,3,1.12
L016079,2026-07-30,3,1.12
L016080,2026-07-30,3,1.12
L016081,2026-07-30,3,1.12
L016082,2026-07-30,3,1.12
L016083,2026-07-30,1,0.1
L016084,2026-07-30,2,0.46
L016085,2026-07-30,1,0.1
L016086,2026-07-30,2,0.46
L016087,2026-07-30,1,0.1
L016088,2026-07-30,4,2.11
L016089,2026-07-30,4,2.11
L016090,2026-07-30,1,0.1
L016091,2026-07-30,10,15.85
L016092,2026-07-30,3,1.12
L016093,2026-07-30,1,0.1
L016094,2026-07-30,3,1.12
L016095,2026-07-30,3,1.12
L016096,2026-07-30,1,0.1
L016097,2026-07-30,10,15.85
L016098,2026-07-30,3,1.12
L016099,2026-07-30,3,1.12
L016100,2026-07-30,2,0.46
L016101,2026-07-30,7,7.23
L016102,2026-07-30,7,7.23
L016103,2026-07-30,1,0.1
L016104,2026-07-30,2,0.46
L016105,2026-07-30,4,2.11
L016106,2026-07-30,2,0.46
L016107,2026-07-30,1,0.1
L016108,2026-07-30,2,0.46
L016109,2026-07-30,5,3.45
L016110,2026-07-30,2,0.46
L016111,2026-07-30,7,7.23
L016112,2026-07-30,6,5.15
L016113,2026-07-30,1,0.1
L016114,2026-07-30,3,1.12
L016115,2026-07-30,6,5.15
L016116,2026-07-30,2,0.46
L016117,2026-07-30,2,0.46
L016118,2026-07-30,6,5.15
L016119,2026-07-30,4,2.11
L016120,2026-07-30,2,0.46
L016121,2026-07-30,1,0.1
L016122,2026-07-30,2,0.46
L016123,2026-07-30,2,0.46
L016124,2026-07-30,1,0.1
L016125,2026-07-30,3,1.12
L016126,2026-07-30,6,5.15
L016127,2026-07-30,4,2.11
L016128,2026-07-30,4,2.11
L016129,2026-07-30,6,5.15
L016130,2026-07-30,3,1.12
L016131,2026-07-30,2,0.46
L016132,2026-07-30,4,2.11
L016133,2026-07-30,1,0.1
L016134,2026-07-30,6,5.15
L016135,2026-07-30,9,12.57
L016136,2026-07-30,8,9.7
L016137,2026-07-30,8,9.7
L016138,2026-07-30,1,0.1
L016139,2026-07-30,2,0.46
L016140,2026-07-30,10,15.85
L016141,2026-07-30,1,0.1
L016142,2026-07-30,6,5.15
L016143,2026-07-30,1,0.1
L016144,2026-07-30,2,0.46
L016145,2026-07-30,9,12.57
L016146,2026-07-30,2,0.46
L016147,2026-07-30,1,0.1
L016148,2026-07-30,3,1.12
L016149,2026-07-30,4,2.11
L016150,2026-07-30,5,3.45
L016151,2026-07-30,1,0.1
L016152,2026-07-30,3,1.12
L016153,2026-07-30,1,0.1
L016154,2026-07-30,3,1.12
L016155,2026-07-30,3,1.12
L016156,2026-07-30,1,0.1
L016157,2026-07-30,5,3.45
L016158,2026-07-30,1,0.1
L016159,2026-07-30,1,0.1
L016160,2026-07-30,9,12.57
L016161,2026-07-30,3,1.12
L016162,2026-07-30,3,1.12
L016163,2026-07-30,2,0.46
L016164,2026-07-30,3,1.12
L016165,2026-07-30,3,1.12
L016166,2026-07-30,3,1.12
L016167,2026-07-30,3,1.12
L016168,2026-07-30,1,0.1
L016169,2026-07-30,8,9.7
L016170,2026-07-30,3,1.12
L016171,2026-07-30,3,1.12
L016172,2026-07-30,3,1.12
L016173,2026-07-30,2,0.46
L016174,2026-07-30,3,1.12
L016175,2026-07-30,8,9.7
L016176,2026-07-30,1,0.1
L016177,2026-07-30,1,0.1
L016178,2026-07-30,2,0.46
L016179,2026-07-30,3,1.12
L016180,2026-07-30,2,0.46
L016181,2026-07-30,3,1.12
L016182,2026-07-30,2,0.46
L016183,2026-07-30,2,0.46
L016184,2026-07-30,1,0.1
L016185,2026-07-30,2,0.46
L016186,2026-07-30,3,1.12
L016187,2026-07-30,3,1.12
L016188,2026-07-30,9,12.57
L016189,2026-07-30,6,5.15
L016190,2026-07-30,6,5.15
L016191,2026-07-30,9,12.57
L016192,2026-07-30,8,9.7
L016193,2026-07-30,5,3.45
L016194,2026-07-30,3,1.12
L016195,2026-07-30,1,0.1
L016196,2026-07-30,8,9.7
L016197,2026-07-30,4,2.11
L016198,2026-07-30,8,9.7
L016199,2026-07-30,3,1.12
L016200,2026-07-30,4,2.11
L016201,2026-07-30,7,7.23
L016202,2026-07-30,7,7.23
L016203,2026-07-30,1,0.1
L016204,2026-07-30,3,1.12
L016205,2026-07-30,3,1.12
L016206,2026-07-30,3,1.12
L016207,2026-07-30,3,1.12
L016208,2026-07-30,3,1.12
L016209,2026-07-30,1,0.1
L016210,2026-07-30,7,7.23
L016211,2026-07-30,1,0.1
L016212,2026-07-30,1,0.1
L016213,2026-07-30,2,0.46
L016214,2026-07-30,3,1.12
L016215,2026-07-30,6,5.15
L016216,2026-07-30,3,1.12
L016217,2026-07-30,2,0.46
L016218,2026-07-30,1,0.1
L016219,2026-07-30,9,12.57
L016220,2026-07-30,9,12.57
L016221,2026-07-30,3,1.12
L016222,2026-07-30,10,15.85
L016223,2026-07-30,4,2.11
L016224,2026-07-30,2,0.46
L016225,2026-07-30,5,3.45
L016226,2026-07-30,1,0.1
L016227,2026-07-30,2,0.46
L016228,2026-07-30,2,0.46
L016229,2026-07-30,1,0.1
L016230,2026-07-30,8,9.7
L016231,2026-07-30,6,5.15
L016232,2026-07-30,5,3.45
L016233,2026-07-30,2,0.46
L016234,2026-07-30,3,1.12
L016235,2026-07-30,3,1.12
L016236,2026-07-30,2,0.46
L016237,2026-07-30,5,3.45
L016238,2026-07-30,9,12.57
L016239,2026-07-30,1,0.1
L016240,2026-07-30,2,0.46
L016241,2026-07-30,2,0.46
L016242,2026-07-30,3,1.12
L016243,2026-07-30,1,0.1
L016244,2026-07-30,3,1.12
L016245,2026-07-30,2,0.46
L016246,2026-07-30,1,0.1
L016247,2026-07-30,7,7.23
L016248,2026-07-30,2,0.46
L016249,2026-07-30,3,1.12
L016250,2026-07-30,2,0.46
L016251,2026-07-30,1,0.1
L016252,2026-07-30,1,0.1
L016253,2026-07-30,5,3.45
L016254,2026-07-30,2,0.46
L016255,2026-07-30,3,1.12
L016256,2026-07-30,6,5.15
L016257,2026-07-30,2,0.46
L016258,2026-07-30,8,9.7
L016259,2026-07-30,1,0.1
L016260,2026-07-30,8,9.7
L016261,2026-07-30,2,0.46
L016262,2026-07-30,3,1.12
L016263,2026-07-30,1,0.1
L016264,2026-07-30,3,1.12
L016265,2026-07-30,3,1.12
L016266,2026-07-30,9,12.57
L016267,2026-07-30,1,0.1
L016268,2026-07-30,1,0.1
L016269,2026-07-30,5,3.45
L016270,2026-07-30,9,12.57
L016271,2026-07-30,2,0.46
L016272,2026-07-30,2,0.46
L016273,2026-07-30,1,0.1
L016274,2026-07-30,2,0.46
L016275,2026-07-30,2,0.46
L016276,2026-07-30,3,1.12
L016277,2026-07-30,3,1.12
L016278,2026-07-30,2,0.46
L016279,2026-07-30,7,7.23
L016280,2026-07-30,1,0.1
L016281,2026-07-30,1,0.1
L016282,2026-07-30,1,0.1
L016283,2026-07-30,2,0.46
L016284,2026-07-30,9,12.57
L016285,2026-07-30,3,1.12
L016286,2026-07-30,1,0.1
L016287,2026-07-30,2,0.46
L016288,2026-07-30,2,0.46
L016289,2026-07-30,3,1.12
L016290,2026-07-30,1,0.1
L016291,2026-07-30,2,0.46
L016292,2026-07-30,1,0.1
L016293,2026-07-30,7,7.23
L016294,2026-07-30,1,0.1
L016295,2026-07-30,7,7.23
L016296,2026-07-30,4,2.11
L016297,2026-07-30,1,0.1
L016298,2026-07-30,1,0.1
L016299,2026-07-30,2,0.46
L016300,2026-07-30,7,7.23
L016301,2026-07-30,1,0.1
L016302,2026-07-30,5,3.45
L016303,2026-07-30,6,5.15
L016304,2026-07-30,1,0.1
L016305,2026-07-30,2,0.46
L016306,2026-07-30,1,0.1
L016307,2026-07-30,5,3.45
L016308,2026-07-30,10,15.85
L016309,2026-07-30,7,7.23
L016310,2026-07-30,3,1.12
L016311,2026-07-30,5,3.45
L016312,2026-07-30,10,15.85
L016313,2026-07-30,5,3.45
L016314,2026-07-30,3,1.12
L016315,2026-07-30,2,0.46
L016316,2026-07-30,2,0.46
L016317,2026-07-30,2,0.46
L016318,2026-07-30,3,1.12
L016319,2026-07-30,4,2.11
L016320,2026-07-30,2,0.46
L016321,2026-07-30,1,0.1
L016322,2026-07-30,2,0.46
L016323,2026-07-30,5,3.45
L016324,2026-07-30,4,2.11
L016325,2026-07-30,4,2.11
L016326,2026-07-30,3,1.12
L016327,2026-07-30,1,0.1
L016328,2026-07-30,1,0.1
L016329,2026-07-30,9,12.57
L016330,2026-07-30,1,0.1
L016331,2026-07-30,1,0.1
L016332,2026-07-30,1,0.1
L016333,2026-07-30,1,0.1
L016334,2026-07-30,10,15.85
L016335,2026-07-30,2,0.46
L016336,2026-07-30,1,0.1
L016337,2026-07-30,2,0.46
L016338,2026-07-30,1,0.1
L016339,2026-07-30,1,0.1
L016340,2026-07-30,3,1.12
L016341,2026-07-30,1,0.1
L016342,2026-07-30,1,0.1
L016343,2026-07-30,6,5.15
L016344,2026-07-30,3,1.12
L016345,2026-07-30,3,1.12
L016346,2026-07-30,3,1.12
L016347,2026-07-30,3,1.12
L016348,2026-07-30,2,0.46
L016349,2026-07-30,3,1.12
L016350,2026-07-30,1,0.1
L016351,2026-07-30,3,1.12
L016352,2026-07-30,10,15.85
L016353,2026-07-30,5,3.45
L016354,2026-07-30,10,15.85
L016355,2026-07-30,1,0.1
L016356,2026-07-30,10,15.85
L016357,2026-07-30,10,15.85
L016358,2026-07-30,3,1.12
L016359,2026-07-30,1,0.1
L016360,2026-07-30,3,1.12
L016361,2026-07-30,2,0.46
L016362,2026-07-30,2,0.46
L016363,2026-07-30,2,0.46
L016364,2026-07-30,4,2.11
L016365,2026-07-30,4,2.11
L016366,2026-07-30,9,12.57
L016367,2026-07-30,2,0.46
L016368,2026-07-30,1,0.1
L016369,2026-07-30,7,7.23
L016370,2026-07-30,7,7.23
L016371,2026-07-30,2,0.46
L016372,2026-07-30,1,0.1
L016373,2026-07-30,1,0.1
L016374,2026-07-30,10,15.85
L016375,2026-07-30,6,5.15
L016376,2026-07-30,3,1.12
L016377,2026-07-30,8,9.7
L016378,2026-07-30,2,0.46
L016379,2026-07-30,2,0.46
L016380,2026-07-30,2,0.46
L016381,2026-07-30,9,12.57
L016382,2026-07-30,2,0.46
L016383,2026-07-30,8,9.7
L016384,2026-07-30,2,0.46
L016385,2026-07-30,6,5.15
L016386,2026-07-30,2,0.46
L016387,2026-07-30,3,1.12
L016388,2026-07-30,2,0.46
L016389,2026-07-30,3,1.12
L016390,2026-07-30,1,0.1
L016391,2026-07-30,2,0.46
L016392,2026-07-30,2,0.46
L016393,2026-07-30,10,15.85
L016394,2026-07-30,2,0.46
L016395,2026-07-30,2,0.46
L016396,2026-07-30,1,0.1
L016397,2026-07-30,2,0.46
L016398,2026-07-30,2,0.46
L016399,2026-07-30,7,7.23
L016400,2026-07-30,2,0.46
L016401,2026-07-30,7,7.23
L016402,2026-07-30,3,1.12
L016403,2026-07-30,4,2.11
L016404,2026-07-30,5,3.45
L016405,2026-07-30,3,1.12
L016406,2026-07-30,7,7.23
L016407,2026-07-30,5,3.45
L016408,2026-07-30,1,0.1
L016409,2026-07-30,1,0.1
L016410,2026-07-30,4,2.11
L016411,2026-07-30,3,1.12
L016412,2026-07-30,10,15.85
L016413,2026-07-30,8,9.7
L016414,2026-07-30,2,0.46
L016415,2026-07-30,3,1.12
L016416,2026-07-30,4,2.11
L016417,2026-07-30,3,1.12
L016418,2026-07-30,1,0.1
L016419,2026-07-30,8,9.7
L016420,2026-07-30,3,1.12
L016421,2026-07-30,7,7.23
L016422,2026-07-30,3,1.12
L016423,2026-07-30,3,1.12
L016424,2026-07-30,2,0.46
L016425,2026-07-30,6,5.15
L016426,2026-07-30,7,7.23
L016427,2026-07-30,3,1.12
L016428,2026-07-30,6,5.15
L016429,2026-07-30,3,1.12
L016430,2026-07-30,8,9.7
L016431,2026-07-30,5,3.45
L016432,2026-07-30,1,0.1
L016433,2026-07-30,5,3.45
L016434,2026-07-30,2,0.46
L016435,2026-07-30,2,0.46
L016436,2026-07-30,1,0.1
L016437,2026-07-30,5,3.45
L016438,2026-07-30,8,9.7
L016439,2026-07-30,3,1.12
L016440,2026-07-30,2,0.46
L016441,2026-07-30,2,0.46
L016442,2026-07-30,3,1.12
L016443,2026-07-30,2,0.46
L016444,2026-07-30,6,5.15
L016445,2026-07-30,1,0.1
L016446,2026-07-30,3,1.12
L016447,2026-07-30,2,0.46
L016448,2026-07-30,2,0.46
L016449,2026-07-30,4,2.11
L016450,2026-07-30,9,12.57
L016451,2026-07-30,2,0.46
L016452,2026-07-30,10,15.85
L016453,2026-07-30,2,0.46
L016454,2026-07-30,1,0.1
L016455,2026-07-30,5,3.45
L016456,2026-07-30,3,1.12
L016457,2026-07-30,1,0.1
L016458,2026-07-30,1,0.1
L016459,2026-07-30,3,1.12
L016460,2026-07-30,2,0.46
L016461,2026-07-30,2,0.46
L016462,2026-07-30,3,1.12
L016463,2026-07-30,1,0.1
L016464,2026-07-30,3,1.12
L016465,2026-07-30,5,3.45
L016466,2026-07-30,6,5.15
L016467,2026-07-30,3,1.12
L016468,2026-07-30,10,15.85
L016469,2026-07-30,1,0.1
L016470,2026-07-30,3,1.12
L016471,2026-07-30,2,0.46
L016472,2026-07-30,1,0.1
L016473,2026-07-30,6,5.15
L016474,2026-07-30,3,1.12
L016475,2026-07-30,2,0.46
L016476,2026-07-30,1,0.1
L016477,2026-07-30,1,0.1
L016478,2026-07-30,3,1.12
L016479,2026-07-30,2,0.46
L016480,2026-07-30,3,1.12
L016481,2026-07-30,1,0.1
L016482,2026-07-30,10,15.85
L016483,2026-07-30,1,0.1
L016484,2026-07-30,2,0.46
L016485,2026-07-30,3,1.12
L016486,2026-07-30,6,5.15
L016487,2026-07-30,3,1.12
L016488,2026-07-30,2,0.46
L016489,2026-07-30,2,0.46
L016490,2026-07-30,6,5.15
L016491,2026-07-30,2,0.46
L016492,2026-07-30,5,3.45
L016493,2026-07-30,2,0.46
L016494,2026-07-30,9,12.57
L016495,2026-07-30,1,0.1
L016496,2026-07-30,2,0.46
L016497,2026-07-30,2,0.46
L016498,2026-07-30,2,0.46
L016499,2026-07-30,10,15.85
L016500,2026-07-30,2,0.46
L016501,2026-07-30,10,15.85
L016502,2026-07-30,2,0.46
L016503,2026-07-30,1,0.1
L016504,2026-07-30,3,1.12
L016505,2026-07-30,1,0.1
L016506,2026-07-30,5,3.45
L016507,2026-07-30,3,1.12
L016508,2026-07-30,8,9.7
L016509,2026-07-30,2,0.46
L016510,2026-07-30,2,0.46
L016511,2026-07-30,8,9.7
L016512,2026-07-30,5,3.45
L016513,2026-07-30,3,1.12
L016514,2026-07-30,2,0.46
L016515,2026-07-30,9,12.57
L016516,2026-07-30,3,1.12
L016517,2026-07-30,3,1.12
L016518,2026-07-30,3,1.12
L016519,2026-07-30,10,15.85
L016520,2026-07-30,8,9.7
L016521,2026-07-30,1,0.1
L016522,2026-07-30,2,0.46
L016523,2026-07-30,1,0.1
L016524,2026-07-30,1,0.1
L016525,2026-07-30,8,9.7
L016526,2026-07-30,3,1.12
L016527,2026-07-30,1,0.1
L016528,2026-07-30,8,9.7
L016529,2026-07-30,2,0.46
L016530,2026-07-30,2,0.46
L016531,2026-07-30,5,3.45
L016532,2026-07-30,2,0.46
L016533,2026-07-30,3,1.12
L016534,2026-07-30,3,1.12
L016535,2026-07-30,6,5.15
L016536,2026-07-30,6,5.15
L016537,2026-07-30,2,0.46
L016538,2026-07-30,3,1.12
L016539,2026-07-30,2,0.46
L016540,2026-07-30,3,1.12
L016541,2026-07-30,2,0.46
L016542,2026-07-30,1,0.1
L016543,2026-07-30,5,3.45
L016544,2026-07-30,1,0.1
L016545,2026-07-30,2,0.46
L016546,2026-07-30,6,5.15
L016547,2026-07-30,5,3.45
L016548,2026-07-30,3,1.12
L016549,2026-07-30,2,0.46
L016550,2026-07-30,2,0.46
L016551,2026-07-30,3,1.12
L016552,2026-07-30,10,15.85
L016553,2026-07-30,2,0.46
L016554,2026-07-30,8,9.7
L016555,2026-07-30,2,0.46
L016556,2026-07-30,1,0.1
L016557,2026-07-30,3,1.12
L016558,2026-07-30,10,15.85
L016559,2026-07-30,3,1.12
L016560,2026-07-30,1,0.1
L016561,2026-07-30,9,12.57
L016562,2026-07-30,1,0.1
L016563,2026-07-30,1,0.1
L016564,2026-07-30,6,5.15
L016565,2026-07-30,1,0.1
L016566,2026-07-30,2,0.46
L016567,2026-07-30,2,0.46
L016568,2026-07-30,1,0.1
L016569,2026-07-30,1,0.1
L016570,2026-07-30,1,0.1
L016571,2026-07-30,2,0.46
L016572,2026-07-30,8,9.7
L016573,2026-07-30,1,0.1
L016574,2026-07-30,3,1.12
L016575,2026-07-30,6,5.15
L016576,2026-07-30,3,1.12
L016577,2026-07-30,1,0.1
L016578,2026-07-30,1,0.1
L016579,2026-07-30,1,0.1
L016580,2026-07-30,7,7.23
L016581,2026-07-30,1,0.1
L016582,2026-07-30,3,1.12
L016583,2026-07-30,2,0.46
L016584,2026-07-30,2,0.46
L016585,2026-07-30,1,0.1
L016586,2026-07-30,3,1.12
L016587,2026-07-30,3,1.12
L016588,2026-07-30,6,5.15
L016589,2026-07-30,3,1.12
L016590,2026-07-30,1,0.1
L016591,2026-07-30,3,1.12
L016592,2026-07-30,1,0.1
L016593,2026-07-30,3,1.12
L016594,2026-07-30,1,0.1
L016595,2026-07-30,10,15.85
L016596,2026-07-30,9,12.57
L016597,2026-07-30,1,0.1
L016598,2026-07-30,6,5.15
L016599,2026-07-30,5,3.45
L016600,2026-07-30,9,12.57
L016601,2026-07-30,7,7.23
L016602,2026-07-30,8,9.7
L016603,2026-07-30,4,2.11
L016604,2026-07-30,3,1.12
L016605,2026-07-30,3,1.12
L016606,2026-07-30,2,0.46
L016607,2026-07-30,3,1.12
L016608,2026-07-30,2,0.46
L016609,2026-07-30,3,1.12
L016610,2026-07-30,1,0.1
L016611,2026-07-30,1,0.1
L016612,2026-07-30,10,15.85
L016613,2026-07-30,1,0.1
L016614,2026-07-30,3,1.12
L016615,2026-07-30,9,12.57
L016616,2026-07-30,3,1.12
L016617,2026-07-30,1,0.1
L016618,2026-07-30,3,1.12
L016619,2026-07-30,2,0.46
L016620,2026-07-30,8,9.7
L016621,2026-07-30,1,0.1
L016622,2026-07-30,3,1.12
L016623,2026-07-30,2,0.46
L016624,2026-07-30,2,0.46
L016625,2026-07-30,10,15.85
L016626,2026-07-30,1,0.1
L016627,2026-07-30,8,9.7
L016628,2026-07-30,3,1.12
L016629,2026-07-30,1,0.1
L016630,2026-07-30,5,3.45
L016631,2026-07-30,9,12.57
L016632,2026-07-30,1,0.1
L016633,2026-07-30,2,0.46
L016634,2026-07-30,1,0.1
L016635,2026-07-30,1,0.1
L016636,2026-07-30,3,1.12
L016637,2026-07-30,2,0.46
L016638,2026-07-30,1,0.1
L016639,2026-07-30,3,1.12
L016640,2026-07-30,2,0.46
L016641,2026-07-30,10,15.85
L016642,2026-07-30,7,7.23
L016643,2026-07-30,2,0.46
L016644,2026-07-30,3,1.12
L016645,2026-07-30,3,1.12
L016646,2026-07-30,10,15.85
L016647,2026-07-30,10,15.85
L016648,2026-07-30,7,7.23
L016649,2026-07-30,5,3.45
L016650,2026-07-30,1,0.1
L016651,2026-07-30,10,15.85
L016652,2026-07-30,3,1.12
L016653,2026-07-30,8,9.7
L016654,2026-07-30,10,15.85
L016655,2026-07-30,4,2.11
L016656,2026-07-30,2,0.46
L016657,2026-07-30,1,0.1
L016658,2026-07-30,1,0.1
L016659,2026-07-30,1,0.1
L016660,2026-07-30,6,5.15
L016661,2026-07-30,8,9.7
L016662,2026-07-30,7,7.23
L016663,2026-07-30,2,0.46
L016664,2026-07-30,2,0.46
L016665,2026-07-30,3,1.12
L016666,2026-07-30,2,0.46
L016667,2026-07-30,3,1.12
L016668,2026-07-30,2,0.46
L016669,2026-07-30,3,1.12
L016670,2026-07-30,2,0.46
L016671,2026-07-30,1,0.1
L016672,2026-07-30,3,1.12
L016673,2026-07-30,3,1.12
L016674,2026-07-30,1,0.1
L016675,2026-07-30,3,1.12
L016676,2026-07-30,2,0.46
L016677,2026-07-30,10,15.85
L016678,2026-07-30,2,0.46
L016679,2026-07-30,3,1.12
L016680,2026-07-30,1,0.1
L016681,2026-07-30,2,0.46
L016682,2026-07-30,10,15.85
L016683,2026-07-30,3,1.12
L016684,2026-07-30,1,0.1
L016685,2026-07-30,8,9.7
L016686,2026-07-30,3,1.12
L016687,2026-07-30,2,0.46
L016688,2026-07-30,2,0.46
L016689,2026-07-30,1,0.1
L016690,2026-07-30,4,2.11
L016691,2026-07-30,5,3.45
L016692,2026-07-30,1,0.1
L016693,2026-07-30,1,0.1
L016694,2026-07-30,1,0.1
L016695,2026-07-30,2,0.46
L016696,2026-07-30,1,0.1
L016697,2026-07-30,2,0.46
L016698,2026-07-30,3,1.12
L016699,2026-07-30,3,1.12
L016700,2026-07-30,6,5.15
L016701,2026-07-30,10,15.85
L016702,2026-07-30,5,3.45
L016703,2026-07-30,3,1.12
L016704,2026-07-30,4,2.11
L016705,2026-07-30,4,2.11
L016706,2026-07-30,6,5.15
L016707,2026-07-30,10,15.85
L016708,2026-07-30,2,0.46
L016709,2026-07-30,7,7.23
L016710,2026-07-30,4,2.11
L016711,2026-07-30,6,5.15
L016712,2026-07-30,3,1.12
L016713,2026-07-30,2,0.46
L016714,2026-07-30,10,15.85
L016715,2026-07-30,6,5.15
L016716,2026-07-30,2,0.46
L016717,2026-07-30,8,9.7
L016718,2026-07-30,2,0.46
L016719,2026-07-30,1,0.1
L016720,2026-07-30,3,1.12
L016721,2026-07-30,1,0.1
L016722,2026-07-30,6,5.15
L016723,2026-07-30,2,0.46
L016724,2026-07-30,2,0.46
L016725,2026-07-30,7,7.23
L016726,2026-07-30,2,0.46
L016727,2026-07-30,5,3.45
L016728,2026-07-30,5,3.45
L016729,2026-07-30,7,7.23
L016730,2026-07-30,3,1.12
L016731,2026-07-30,1,0.1
L016732,2026-07-30,5,3.45
L016733,2026-07-30,2,0.46
L016734,2026-07-30,2,0.46
L016735,2026-07-30,3,1.12
L016736,2026-07-30,3,1.12
L016737,2026-07-30,1,0.1
L016738,2026-07-30,6,5.15
L016739,2026-07-30,1,0.1
L016740,2026-07-30,1,0.1
L016741,2026-07-30,2,0.46
L016742,2026-07-30,1,0.1
L016743,2026-07-30,1,0.1
L016744,2026-07-30,3,1.12
L016745,2026-07-30,3,1.12
L016746,2026-07-30,2,0.46
L016747,2026-07-30,4,2.11
L016748,2026-07-30,7,7.23
L016749,2026-07-30,7,7.23
L016750,2026-07-30,2,0.46
L016751,2026-07-30,5,3.45
L016752,2026-07-30,1,0.1
L016753,2026-07-30,1,0.1
L016754,2026-07-30,1,0.1
L016755,2026-07-30,3,1.12
L016756,2026-07-30,7,7.23
L016757,2026-07-30,2,0.46
L016758,2026-07-30,2,0.46
L016759,2026-07-30,2,0.46
L016760,2026-07-30,1,0.1
L016761,2026-07-30,2,0.46
L016762,2026-07-30,2,0.46
L016763,2026-07-30,3,1.12
L016764,2026-07-30,3,1.12
L016765,2026-07-30,3,1.12
L016766,2026-07-30,3,1.12
L016767,2026-07-30,3,1.12
L016768,2026-07-30,1,0.1
L016769,2026-07-30,1,0.1
L016770,2026-07-30,1,0.1
L016771,2026-07-30,3,1.12
L016772,2026-07-30,9,12.57
L016773,2026-07-30,3,1.12
L016774,2026-07-30,1,0.1
L016775,2026-07-30,2,0.46
L016776,2026-07-30,2,0.46
L016777,2026-07-30,1,0.1
L016778,2026-07-30,2,0.46
L016779,2026-07-30,10,15.85
L016780,2026-07-30,3,1.12
L016781,2026-07-30,10,15.85
L016782,2026-07-30,1,0.1
L016783,2026-07-30,1,0.1
L016784,2026-07-30,3,1.12
L016785,2026-07-30,2,0.46
L016786,2026-07-30,2,0.46
L016787,2026-07-30,2,0.46
L016788,2026-07-30,1,0.1
L016789,2026-07-30,5,3.45
L016790,2026-07-30,1,0.1
L016791,2026-07-30,2,0.46
L016792,2026-07-30,9,12.57
L016793,2026-07-30,8,9.7
L016794,2026-07-30,1,0.1
L016795,2026-07-30,1,0.1
L016796,2026-07-30,4,2.11
L016797,2026-07-30,1,0.1
L016798,2026-07-30,9,12.57
L016799,2026-07-30,6,5.15
L016800,2026-07-30,1,0.1
L016801,2026-07-30,5,3.45
L016802,2026-07-30,2,0.46
L016803,2026-07-30,5,3.45
L016804,2026-07-30,2,0.46
L016805,2026-07-30,8,9.7
L016806,2026-07-30,3,1.12
L016807,2026-07-30,3,1.12
L016808,2026-07-30,9,12.57
L016809,2026-07-30,2,0.46
L016810,2026-07-30,5,3.45
L016811,2026-07-30,1,0.1
L016812,2026-07-30,1,0.1
L016813,2026-07-30,1,0.1
L016814,2026-07-30,2,0.46
L016815,2026-07-30,2,0.46
L016816,2026-07-30,2,0.46
L016817,2026-07-30,2,0.46
L016818,2026-07-30,1,0.1
L016819,2026-07-30,2,0.46
L016820,2026-07-30,1,0.1
L016821,2026-07-30,1,0.1
L016822,2026-07-30,1,0.1
L016823,2026-07-30,8,9.7
L016824,2026-07-30,3,1.12
L016825,2026-07-30,1,0.1
L016826,2026-07-30,3,1.12
L016827,2026-07-30,7,7.23
L016828,2026-07-30,2,0.46
L016829,2026-07-30,3,1.12
L016830,2026-07-30,5,3.45
L016831,2026-07-30,1,0.1
L016832,2026-07-30,1,0.1
L016833,2026-07-30,7,7.23
L016834,2026-07-30,2,0.46
L016835,2026-07-30,1,0.1
L016836,2026-07-30,1,0.1
L016837,2026-07-30,10,15.85
L016838,2026-07-30,1,0.1
L016839,2026-07-30,7,7.23
L016840,2026-07-30,5,3.45
L016841,2026-07-30,3,1.12
L016842,2026-07-30,1,0.1
L016843,2026-07-30,6,5.15
L016844,2026-07-30,3,1.12
L016845,2026-07-30,1,0.1
L016846,2026-07-30,3,1.12
L016847,2026-07-30,3,1.12
L016848,2026-07-30,6,5.15
L016849,2026-07-30,3,1.12
L016850,2026-07-30,1,0.1
L016851,2026-07-30,4,2.11
L016852,2026-07-30,1,0.1
L016853,2026-07-30,8,9.7
L016854,2026-07-30,2,0.46
L016855,2026-07-30,3,1.12
L016856,2026-07-30,7,7.23
L016857,2026-07-30,2,0.46
L016858,2026-07-30,3,1.12
L016859,2026-07-30,1,0.1
L016860,2026-07-30,2,0.46
L016861,2026-07-30,8,9.7
L016862,2026-07-30,1,0.1
L016863,2026-07-30,9,12.57
L016864,2026-07-30,1,0.1
L016865,2026-07-30,9,12.57
L016866,2026-07-30,8,9.7
L016867,2026-07-30,2,0.46
L016868,2026-07-30,2,0.46
L016869,2026-07-30,3,1.12
L016870,2026-07-30,2,0.46
L016871,2026-07-30,8,9.7
L016872,2026-07-30,2,0.46
L016873,2026-07-30,1,0.1
L016874,2026-07-30,2,0.46
L016875,2026-07-30,2,0.46
L016876,2026-07-30,10,15.85
L016877,2026-07-30,7,7.23
L016878,2026-07-30,2,0.46
L016879,2026-07-30,1,0.1
L016880,2026-07-30,1,0.1
L016881,2026-07-30,7,7.23
L016882,2026-07-30,2,0.46
L016883,2026-07-30,10,15.85
L016884,2026-07-30,3,1.12
L016885,2026-07-30,3,1.12
L016886,2026-07-30,3,1.12
L016887,2026-07-30,1,0.1
L016888,2026-07-30,2,0.46
L016889,2026-07-30,2,0.46
L016890,2026-07-30,3,1.12
L016891,2026-07-30,3,1.12
L016892,2026-07-30,9,12.57
L016893,2026-07-30,3,1.12
L016894,2026-07-30,8,9.7
L016895,2026-07-30,1,0.1
L016896,2026-07-30,3,1.12
L016897,2026-07-30,10,15.85
L016898,2026-07-30,8,9.7
L016899,2026-07-30,9,12.57
L016900,2026-07-30,1,0.1
L016901,2026-07-30,6,5.15
L016902,2026-07-30,2,0.46
L016903,2026-07-30,3,1.12
L016904,2026-07-30,3,1.12
L016905,2026-07-30,9,12.57
L016906,2026-07-30,5,3.45
L016907,2026-07-30,5,3.45
L016908,2026-07-30,3,1.12
L016909,2026-07-30,6,5.15
L016910,2026-07-30,8,9.7
L016911,2026-07-30,10,15.85
L016912,2026-07-30,2,0.46
L016913,2026-07-30,3,1.12
L016914,2026-07-30,1,0.1
L016915,2026-07-30,1,0.1
L016916,2026-07-30,1,0.1
L016917,2026-07-30,3,1.12
L016918,2026-07-30,6,5.15
L016919,2026-07-30,1,0.1
L016920,2026-07-30,1,0.1
L016921,2026-07-30,3,1.12
L016922,2026-07-30,5,3.45
L016923,2026-07-30,2,0.46
L016924,2026-07-30,3,1.12
L016925,2026-07-30,3,1.12
L016926,2026-07-30,7,7.23
L016927,2026-07-30,7,7.23
L016928,2026-07-30,5,3.45
L016929,2026-07-30,1,0.1
L016930,2026-07-30,3,1.12
L016931,2026-07-30,8,9.7
L016932,2026-07-30,4,2.11
L016933,2026-07-30,10,15.85
L016934,2026-07-30,1,0.1
L016935,2026-07-30,3,1.12
L016936,2026-07-30,2,0.46
L016937,2026-07-30,7,7.23
L016938,2026-07-30,6,5.15
L016939,2026-07-30,10,15.85
L016940,2026-07-30,3,1.12
L016941,2026-07-30,1,0.1
L016942,2026-07-30,5,3.45
L016943,2026-07-30,3,1.12
L016944,2026-07-30,2,0.46
L016945,2026-07-30,3,1.12
L016946,2026-07-30,3,1.12
L016947,2026-07-30,3,1.12
L016948,2026-07-30,7,7.23
L016949,2026-07-30,2,0.46
L016950,2026-07-30,2,0.46
L016951,2026-07-30,9,12.57
L016952,2026-07-30,1,0.1
L016953,2026-07-30,2,0.46
L016954,2026-07-30,3,1.12
L016955,2026-07-30,1,0.1
L016956,2026-07-30,3,1.12
L016957,2026-07-30,9,12.57
L016958,2026-07-30,1,0.1
L016959,2026-07-30,1,0.1
L016960,2026-07-30,2,0.46
L016961,2026-07-30,3,1.12
L016962,2026-07-30,3,1.12
L016963,2026-07-30,8,9.7
L016964,2026-07-30,3,1.12
L016965,2026-07-30,2,0.46
L016966,2026-07-30,2,0.46
L016967,2026-07-30,3,1.12
L016968,2026-07-30,9,12.57
L016969,2026-07-30,3,1.12
L016970,2026-07-30,6,5.15
L016971,2026-07-30,3,1.12
L016972,2026-07-30,1,0.1
L016973,2026-07-30,8,9.7
L016974,2026-07-30,1,0.1
L016975,2026-07-30,2,0.46
L016976,2026-07-30,3,1.12
L016977,2026-07-30,4,2.11
L016978,2026-07-30,3,1.12
L016979,2026-07-30,1,0.1
L016980,2026-07-30,3,1.12
L016981,2026-07-30,2,0.46
L016982,2026-07-30,3,1.12
L016983,2026-07-30,8,9.7
L016984,2026-07-30,2,0.46
L016985,2026-07-30,7,7.23
L016986,2026-07-30,2,0.46
L016987,2026-07-30,1,0.1
L016988,2026-07-30,1,0.1
L016989,2026-07-30,4,2.11
L016990,2026-07-30,5,3.45
L016991,2026-07-30,4,2.11
L016992,2026-07-30,3,1.12
L016993,2026-07-30,1,0.1
L016994,2026-07-30,2,0.46
L016995,2026-07-30,2,0.46
L016996,2026-07-30,8,9.7
L016997,2026-07-30,3,1.12
L016998,2026-07-30,1,0.1
L016999,2026-07-30,3,1.12
L017000,2026-07-30,9,12.57
L017001,2026-07-30,1,0.1
L017002,2026-07-30,1,0.1
L017003,2026-07-30,10,15.85
L017004,2026-07-30,1,0.1
L017005,2026-07-30,9,12.57
L017006,2026-07-30,6,5.15
L017007,2026-07-30,10,15.85
L017008,2026-07-30,2,0.46
L017009,2026-07-30,2,0.46
L017010,2026-07-30,8,9.7
L017011,2026-07-30,1,0.1
L017012,2026-07-30,9,12.57
L017013,2026-07-30,3,1.12
L017014,2026-07-30,1,0.1
L017015,2026-07-30,2,0.46
L017016,2026-07-30,6,5.15
L017017,2026-07-30,2,0.46
L017018,2026-07-30,1,0.1
L017019,2026-07-30,1,0.1
L017020,2026-07-30,3,1.12
L017021,2026-07-30,3,1.12
L017022,2026-07-30,1,0.1
L017023,2026-07-30,1,0.1
L017024,2026-07-30,2,0.46
L017025,2026-07-30,2,0.46
L017026,2026-07-30,6,5.15
L017027,2026-07-30,1,0.1
L017028,2026-07-30,2,0.46
L017029,2026-07-30,3,1.12
L017030,2026-07-30,6,5.15
L017031,2026-07-30,3,1.12
L017032,2026-07-30,9,12.57
L017033,2026-07-30,1,0.1
L017034,2026-07-30,1,0.1
L017035,2026-07-30,1,0.1
L017036,2026-07-30,3,1.12
L017037,2026-07-30,3,1.12
L017038,2026-07-30,1,0.1
L017039,2026-07-30,3,1.12
L017040,2026-07-30,3,1.12
L017041,2026-07-30,3,1.12
L017042,2026-07-30,7,7.23
L017043,2026-07-30,1,0.1
L017044,2026-07-30,1,0.1
L017045,2026-07-30,6,5.15
L017046,2026-07-30,4,2.11
L017047,2026-07-30,2,0.46
L017048,2026-07-30,1,0.1
L017049,2026-07-30,9,12.57
L017050,2026-07-30,1,0.1
L017051,2026-07-30,1,0.1
L017052,2026-07-30,6,5.15
L017053,2026-07-30,1,0.1
L017054,2026-07-30,10,15.85
L017055,2026-07-30,1,0.1
L017056,2026-07-30,8,9.7
L017057,2026-07-30,7,7.23
L017058,2026-07-30,1,0.1
L017059,2026-07-30,8,9.7
L017060,2026-07-30,1,0.1
L017061,2026-07-30,3,1.12
L017062,2026-07-30,1,0.1
L017063,2026-07-30,3,1.12
L017064,2026-07-30,1,0.1
L017065,2026-07-30,2,0.46
L017066,2026-07-30,2,0.46
L017067,2026-07-30,4,2.11
L017068,2026-07-30,4,2.11
L017069,2026-07-30,2,0.46
L017070,2026-07-30,3,1.12
L017071,2026-07-30,1,0.1
L017072,2026-07-30,3,1.12
L017073,2026-07-30,5,3.45
L017074,2026-07-30,2,0.46
L017075,2026-07-30,2,0.46
L017076,2026-07-30,1,0.1
L017077,2026-07-30,3,1.12
L017078,2026-07-30,1,0.1
L017079,2026-07-30,9,12.57
L017080,2026-07-30,2,0.46
L017081,2026-07-30,3,1.12
L017082,2026-07-30,6,5.15
L017083,2026-07-30,1,0.1
L017084,2026-07-30,2,0.46
L017085,2026-07-30,1,0.1
L017086,2026-07-30,9,12.57
L017087,2026-07-30,2,0.46
L017088,2026-07-30,10,15.85
L017089,2026-07-30,1,0.1
L017090,2026-07-30,2,0.46
L017091,2026-07-30,2,0.46
L017092,2026-07-30,3,1.12
L017093,2026-07-30,8,9.7
L017094,2026-07-30,1,0.1
L017095,2026-07-30,8,9.7
L017096,2026-07-30,2,0.46
L017097,2026-07-30,3,1.12
L017098,2026-07-30,2,0.46
L017099,2026-07-30,6,5.15
L017100,2026-07-30,1,0.1
L017101,2026-07-30,2,0.46
L017102,2026-07-30,1,0.1
L017103,2026-07-30,3,1.12
L017104,2026-07-30,3,1.12
L017105,2026-07-30,10,15.85
L017106,2026-07-30,5,3.45
L017107,2026-07-30,9,12.57
L017108,2026-07-30,8,9.7
L017109,2026-07-30,3,1.12
L017110,2026-07-30,3,1.12
L017111,2026-07-30,3,1.12
L017112,2026-07-30,8,9.7
L017113,2026-07-30,2,0.46
L017114,2026-07-30,3,1.12
L017115,2026-07-30,1,0.1
L017116,2026-07-30,2,0.46
L017117,2026-07-30,7,7.23
L017118,2026-07-30,2,0.46
L017119,2026-07-30,3,1.12
L017120,2026-07-30,9,12.57
L017121,2026-07-30,3,1.12
L017122,2026-07-30,5,3.45
L017123,2026-07-30,7,7.23
L017124,2026-07-30,6,5.15
L017125,2026-07-30,2,0.46
L017126,2026-07-30,7,7.23
L017127,2026-07-30,1,0.1
L017128,2026-07-30,3,1.12
L017129,2026-07-30,9,12.57
L017130,2026-07-30,3,1.12
L017131,2026-07-30,5,3.45
L017132,2026-07-30,10,15.85
L017133,2026-07-30,2,0.46
L017134,2026-07-30,9,12.57
L017135,2026-07-30,3,1.12
L017136,2026-07-30,1,0.1
L017137,2026-07-30,5,3.45
L017138,2026-07-30,7,7.23
L017139,2026-07-30,6,5.15
L017140,2026-07-30,2,0.46
L017141,2026-07-30,3,1.12
L017142,2026-07-30,2,0.46
L017143,2026-07-30,1,0.1
L017144,2026-07-30,1,0.1
L017145,2026-07-30,1,0.1
L017146,2026-07-30,2,0.46
L017147,2026-07-30,2,0.46
L017148,2026-07-30,1,0.1
L017149,2026-07-30,1,0.1
L017150,2026-07-30,3,1.12
L017151,2026-07-30,2,0.46
L017152,2026-07-30,6,5.15
L017153,2026-07-30,3,1.12
L017154,2026-07-30,3,1.12
L017155,2026-07-30,3,1.12
L017156,2026-07-30,6,5.15
L017157,2026-07-30,10,15.85
L017158,2026-07-30,3,1.12
L017159,2026-07-30,10,15.85
L017160,2026-07-30,2,0.46
L017161,2026-07-30,3,1.12
L017162,2026-07-30,3,1.12
L017163,2026-07-30,2,0.46
L017164,2026-07-30,4,2.11
L017165,2026-07-30,4,2.11
L017166,2026-07-30,3,1.12
L017167,2026-07-30,1,0.1
L017168,2026-07-30,10,15.85
L017169,2026-07-30,2,0.46
L017170,2026-07-30,2,0.46
L017171,2026-07-30,2,0.46
L017172,2026-07-30,1,0.1
L017173,2026-07-30,3,1.12
L017174,2026-07-30,4,2.11
L017175,2026-07-30,6,5.15
L017176,2026-07-30,1,0.1
L017177,2026-07-30,2,0.46
L017178,2026-07-30,2,0.46
L017179,2026-07-30,3,1.12
L017180,2026-07-30,1,0.1
L017181,2026-07-30,4,2.11
L017182,2026-07-30,1,0.1
L017183,2026-07-30,6,5.15
L017184,2026-07-30,6,5.15
L017185,2026-07-30,3,1.12
L017186,2026-07-30,2,0.46
L017187,2026-07-30,5,3.45
L017188,2026-07-30,1,0.1
L017189,2026-07-30,5,3.45
L017190,2026-07-30,8,9.7
L017191,2026-07-30,6,5.15
L017192,2026-07-30,3,1.12
L017193,2026-07-30,8,9.7
L017194,2026-07-30,3,1.12
L017195,2026-07-30,6,5.15
L017196,2026-07-30,2,0.46
L017197,2026-07-30,1,0.1
L017198,2026-07-30,3,1.12
L017199,2026-07-30,1,0.1
L017200,2026-07-30,3,1.12
L017201,2026-07-30,9,12.57
L017202,2026-07-30,8,9.7
L017203,2026-07-30,3,1.12
L017204,2026-07-30,1,0.1
L017205,2026-07-30,2,0.46
L017206,2026-07-30,1,0.1
L017207,2026-07-30,3,1.12
L017208,2026-07-30,2,0.46
L017209,2026-07-30,6,5.15
L017210,2026-07-30,3,1.12
L017211,2026-07-30,3,1.12
L017212,2026-07-30,3,1.12
L017213,2026-07-30,2,0.46
L017214,2026-07-30,1,0.1
L017215,2026-07-30,8,9.7
L017216,2026-07-30,1,0.1
L017217,2026-07-30,1,0.1
L017218,2026-07-30,2,0.46
L017219,2026-07-30,6,5.15
L017220,2026-07-30,7,7.23
L017221,2026-07-30,1,0.1
L017222,2026-07-30,2,0.46
L017223,2026-07-30,1,0.1
L017224,2026-07-30,3,1.12
L017225,2026-07-30,5,3.45
L017226,2026-07-30,3,1.12
L017227,2026-07-30,3,1.12
L017228,2026-07-30,7,7.23
L017229,2026-07-30,1,0.1
L017230,2026-07-30,3,1.12
L017231,2026-07-30,3,1.12
L017232,2026-07-30,3,1.12
L017233,2026-07-30,2,0.46
L017234,2026-07-30,7,7.23
L017235,2026-07-30,3,1.12
L017236,2026-07-30,5,3.45
L017237,2026-07-30,10,15.85
L017238,2026-07-30,2,0.46
L017239,2026-07-30,5,3.45
L017240,2026-07-30,3,1.12
L017241,2026-07-30,1,0.1
L017242,2026-07-30,1,0.1
L017243,2026-07-30,8,9.7
L017244,2026-07-30,2,0.46
L017245,2026-07-30,2,0.46
L017246,2026-07-30,2,0.46
L017247,2026-07-30,3,1.12
L017248,2026-07-30,7,7.23
L017249,2026-07-30,2,0.46
L017250,2026-07-30,10,15.85
L017251,2026-07-30,3,1.12
L017252,2026-07-30,10,15.85
L017253,2026-07-30,1,0.1
L017254,2026-07-30,1,0.1
L017255,2026-07-30,7,7.23
L017256,2026-07-30,1,0.1
L017257,2026-07-30,8,9.7
L017258,2026-07-30,3,1.12
L017259,2026-07-30,5,3.45
L017260,2026-07-30,3,1.12
L017261,2026-07-30,2,0.46
L017262,2026-07-30,3,1.12
L017263,2026-07-30,10,15.85
L017264,2026-07-30,3,1.12
L017265,2026-07-30,2,0.46
L017266,2026-07-30,2,0.46
L017267,2026-07-30,2,0.46
L017268,2026-07-30,1,0.1
L017269,2026-07-30,4,2.11
L017270,2026-07-30,2,0.46
L017271,2026-07-30,1,0.1
L017272,2026-07-30,3,1.12
L017273,2026-07-30,1,0.1
L017274,2026-07-30,2,0.46
L017275,2026-07-30,8,9.7
L017276,2026-07-30,6,5.15
L017277,2026-07-30,9,12.57
L017278,2026-07-30,8,9.7
L017279,2026-07-30,1,0.1
L017280,2026-07-30,6,5.15
L017281,2026-07-30,7,7.23
L017282,2026-07-30,7,7.23
L017283,2026-07-30,2,0.46
L017284,2026-07-30,7,7.23
L017285,2026-07-30,1,0.1
L017286,2026-07-30,3,1.12
L017287,2026-07-30,2,0.46
L017288,2026-07-30,1,0.1
L017289,2026-07-30,6,5.15
L017290,2026-07-30,3,1.12
L017291,2026-07-30,1,0.1
L017292,2026-07-30,2,0.46
L017293,2026-07-30,1,0.1
L017294,2026-07-30,3,1.12
L017295,2026-07-30,9,12.57
L017296,2026-07-30,3,1.12
L017297,2026-07-30,3,1.12
L017298,2026-07-30,2,0.46
L017299,2026-07-30,1,0.1
L017300,2026-07-30,1,0.1
L017301,2026-07-30,1,0.1
L017302,2026-07-30,2,0.46
L017303,2026-07-30,2,0.46
L017304,2026-07-30,5,3.45
L017305,2026-07-30,1,0.1
L017306,2026-07-30,3,1.12
L017307,2026-07-30,1,0.1
L017308,2026-07-30,1,0.1
L017309,2026-07-30,2,0.46
L017310,2026-07-30,1,0.1
L017311,2026-07-30,3,1.12
L017312,2026-07-30,1,0.1
L017313,2026-07-30,3,1.12
L017314,2026-07-30,3,1.12
L017315,2026-07-30,5,3.45
L017316,2026-07-30,5,3.45
L017317,2026-07-30,10,15.85
L017318,2026-07-30,1,0.1
L017319,2026-07-30,4,2.11
L017320,2026-07-30,1,0.1
L017321,2026-07-30,2,0.46
L017322,2026-07-30,6,5.15
L017323,2026-07-30,1,0.1
L017324,2026-07-30,9,12.57
L017325,2026-07-30,2,0.46
L017326,2026-07-30,1,0.1
L017327,2026-07-30,2,0.46
L017328,2026-07-30,8,9.7
L017329,2026-07-30,1,0.1
L017330,2026-07-30,2,0.46
L017331,2026-07-30,2,0.46
L017332,2026-07-30,4,2.11
L017333,2026-07-30,2,0.46
L017334,2026-07-30,10,15.85
L017335,2026-07-30,1,0.1
L017336,2026-07-30,5,3.45
L017337,2026-07-30,3,1.12
L017338,2026-07-30,1,0.1
L017339,2026-07-30,3,1.12
L017340,2026-07-30,3,1.12
L017341,2026-07-30,3,1.12
L017342,2026-07-30,1,0.1
L017343,2026-07-30,5,3.45
L017344,2026-07-30,2,0.46
L017345,2026-07-30,3,1.12
L017346,2026-07-30,2,0.46
L017347,2026-07-30,8,9.7
L017348,2026-07-30,3,1.12
L017349,2026-07-30,6,5.15
L017350,2026-07-30,6,5.15
L017351,2026-07-30,3,1.12
L017352,2026-07-30,7,7.23
L017353,2026-07-30,2,0.46
L017354,2026-07-30,2,0.46
L017355,2026-07-30,3,1.12
L017356,2026-07-30,6,5.15
L017357,2026-07-30,9,12.57
L017358,2026-07-30,1,0.1
L017359,2026-07-30,2,0.46
L017360,2026-07-30,10,15.85
L017361,2026-07-30,2,0.46
L017362,2026-07-30,2,0.46
L017363,2026-07-30,9,12.57
L017364,2026-07-30,9,12.57
L017365,2026-07-30,3,1.12
L017366,2026-07-30,2,0.46
L017367,2026-07-30,2,0.46
L017368,2026-07-30,2,0.46
L017369,2026-07-30,2,0.46
L017370,2026-07-30,3,1.12
L017371,2026-07-30,1,0.1
L017372,2026-07-30,8,9.7
L017373,2026-07-30,1,0.1
L017374,2026-07-30,1,0.1
L017375,2026-07-30,2,0.46
L017376,2026-07-30,6,5.15
L017377,2026-07-30,7,7.23
L017378,2026-07-30,1,0.1
L017379,2026-07-30,3,1.12
L017380,2026-07-30,8,9.7
L017381,2026-07-30,1,0.1
L017382,2026-07-30,3,1.12
L017383,2026-07-30,1,0.1
L017384,2026-07-30,3,1.12
L017385,2026-07-30,2,0.46
L017386,2026-07-30,3,1.12
L017387,2026-07-30,1,0.1
L017388,2026-07-30,1,0.1
L017389,2026-07-30,1,0.1
L017390,2026-07-30,2,0.46
L017391,2026-07-30,2,0.46
L017392,2026-07-30,3,1.12
L017393,2026-07-30,7,7.23
L017394,2026-07-30,7,7.23
L017395,2026-07-30,3,1.12
L017396,2026-07-30,1,0.1
L017397,2026-07-30,3,1.12
L017398,2026-07-30,2,0.46
L017399,2026-07-30,4,2.11
L017400,2026-07-30,2,0.46
L017401,2026-07-30,2,0.46
L017402,2026-07-30,5,3.45
L017403,2026-07-30,3,1.12
L017404,2026-07-30,1,0.1
L017405,2026-07-30,2,0.46
L017406,2026-07-30,1,0.1
L017407,2026-07-30,1,0.1
L017408,2026-07-30,9,12.57
L017409,2026-07-30,1,0.1
L017410,2026-07-30,5,3.45
L017411,2026-07-30,1,0.1
L017412,2026-07-30,6,5.15
L017413,2026-07-30,2,0.46
L017414,2026-07-30,2,0.46
L017415,2026-07-30,7,7.23
L017416,2026-07-30,5,3.45
L017417,2026-07-30,10,15.85
L017418,2026-07-30,2,0.46
L017419,2026-07-30,2,0.46
L017420,2026-07-30,2,0.46
L017421,2026-07-30,2,0.46
L017422,2026-07-30,10,15.85
L017423,2026-07-30,9,12.57
L017424,2026-07-30,2,0.46
L017425,2026-07-30,8,9.7
L017426,2026-07-30,7,7.23
L017427,2026-07-30,1,0.1
L017428,2026-07-30,6,5.15
L017429,2026-07-30,2,0.46
L017430,2026-07-30,3,1.12
L017431,2026-07-30,3,1.12
L017432,2026-07-30,3,1.12
L017433,2026-07-30,7,7.23
L017434,2026-07-30,4,2.11
L017435,2026-07-30,8,9.7
L017436,2026-07-30,1,0.1
L017437,2026-07-30,3,1.12
L017438,2026-07-30,6,5.15
L017439,2026-07-30,1,0.1
L017440,2026-07-30,1,0.1
L017441,2026-07-30,9,12.57
L017442,2026-07-30,7,7.23
L017443,2026-07-30,1,0.1
L017444,2026-07-30,2,0.46
L017445,2026-07-30,3,1.12
L017446,2026-07-30,3,1.12
L017447,2026-07-30,2,0.46
L017448,2026-07-30,3,1.12
L017449,2026-07-30,1,0.1
L017450,2026-07-30,1,0.1
L017451,2026-07-30,9,12.57
L017452,2026-07-30,1,0.1
L017453,2026-07-30,6,5.15
L017454,2026-07-30,4,2.11
L017455,2026-07-30,10,15.85
L017456,2026-07-30,2,0.46
L017457,2026-07-30,6,5.15
L017458,2026-07-30,9,12.57
L017459,2026-07-30,3,1.12
L017460,2026-07-30,9,12.57
L017461,2026-07-30,3,1.12
L017462,2026-07-30,7,7.23
L017463,2026-07-30,7,7.23
L017464,2026-07-30,1,0.1
L017465,2026-07-30,3,1.12
L017466,2026-07-30,3,1.12
L017467,2026-07-30,9,12.57
L017468,2026-07-30,3,1.12
L017469,2026-07-30,10,15.85
L017470,2026-07-30,1,0.1
L017471,2026-07-30,2,0.46
L017472,2026-07-30,7,7.23
L017473,2026-07-30,6,5.15
L017474,2026-07-30,2,0.46
L017475,2026-07-30,3,1.12
L017476,2026-07-30,2,0.46
L017477,2026-07-30,2,0.46
L017478,2026-07-30,1,0.1
L017479,2026-07-30,1,0.1
L017480,2026-07-30,6,5.15
L017481,2026-07-30,2,0.46
L017482,2026-07-30,3,1.12
L017483,2026-07-30,4,2.11
L017484,2026-07-30,6,5.15
L017485,2026-07-30,2,0.46
L017486,2026-07-30,7,7.23
L017487,2026-07-30,1,0.1
L017488,2026-07-30,1,0.1
L017489,2026-07-30,1,0.1
L017490,2026-07-30,5,3.45
L017491,2026-07-30,3,1.12
L017492,2026-07-30,1,0.1
L017493,2026-07-30,3,1.12
L017494,2026-07-30,1,0.1
L017495,2026-07-30,9,12.57
L017496,2026-07-30,2,0.46
L017497,2026-07-30,1,0.1
L017498,2026-07-30,4,2.11
L017499,2026-07-30,8,9.7
L017500,2026-07-30,1,0.1
L017501,2026-07-30,1,0.1
L017502,2026-07-30,3,1.12
L017503,2026-07-30,2,0.46
L017504,2026-07-30,1,0.1
L017505,2026-07-30,7,7.23
L017506,2026-07-30,1,0.1
L017507,2026-07-30,2,0.46
L017508,2026-07-30,1,0.1
L017509,2026-07-30,3,1.12
L017510,2026-07-30,2,0.46
L017511,2026-07-30,1,0.1
L017512,2026-07-30,3,1.12
L017513,2026-07-30,1,0.1
L017514,2026-07-30,5,3.45
L017515,2026-07-30,1,0.1
L017516,2026-07-30,6,5.15
L017517,2026-07-30,5,3.45
L017518,2026-07-30,4,2.11
L017519,2026-07-30,2,0.46
L017520,2026-07-30,1,0.1
L017521,2026-07-30,5,3.45
L017522,2026-07-30,2,0.46
L017523,2026-07-30,7,7.23
L017524,2026-07-30,7,7.23
L017525,2026-07-30,3,1.12
L017526,2026-07-30,1,0.1
L017527,2026-07-30,3,1.12
L017528,2026-07-30,2,0.46
L017529,2026-07-30,4,2.11
L017530,2026-07-30,1,0.1
L017531,2026-07-30,5,3.45
L017532,2026-07-30,4,2.11
L017533,2026-07-30,2,0.46
L017534,2026-07-30,8,9.7
L017535,2026-07-30,1,0.1
L017536,2026-07-30,1,0.1
L017537,2026-07-30,6,5.15
L017538,2026-07-30,2,0.46
L017539,2026-07-30,3,1.12
L017540,2026-07-30,10,15.85
L017541,2026-07-30,3,1.12
L017542,2026-07-30,1,0.1
L017543,2026-07-30,3,1.12
L017544,2026-07-30,1,0.1
L017545,2026-07-30,1,0.1
L017546,2026-07-30,2,0.46
L017547,2026-07-30,2,0.46
L017548,2026-07-30,8,9.7
L017549,2026-07-30,3,1.12
L017550,2026-07-30,1,0.1
L017551,2026-07-30,1,0.1
L017552,2026-07-30,1,0.1
L017553,2026-07-30,3,1.12
L017554,2026-07-30,8,9.7
L017555,2026-07-30,2,0.46
L017556,2026-07-30,2,0.46
L017557,2026-07-30,2,0.46
L017558,2026-07-30,1,0.1
L017559,2026-07-30,10,15.85
L017560,2026-07-30,1,0.1
L017561,2026-07-30,2,0.46
L017562,2026-07-30,2,0.46
L017563,2026-07-30,2,0.46
L017564,2026-07-30,2,0.46
L017565,2026-07-30,2,0.46
L017566,2026-07-30,7,7.23
L017567,2026-07-30,3,1.12
L017568,2026-07-30,3,1.12
L017569,2026-07-30,9,12.57
L017570,2026-07-30,2,0.46
L017571,2026-07-30,4,2.11
L017572,2026-07-30,7,7.23
L017573,2026-07-30,10,15.85
L017574,2026-07-30,7,7.23
L017575,2026-07-30,2,0.46
L017576,2026-07-30,3,1.12
L017577,2026-07-30,4,2.11
L017578,2026-07-30,9,12.57
L017579,2026-07-30,1,0.1
L017580,2026-07-30,1,0.1
L017581,2026-07-30,6,5.15
L017582,2026-07-30,4,2.11
L017583,2026-07-30,3,1.12
L017584,2026-07-30,9,12.57
L017585,2026-07-30,1,0.1
L017586,2026-07-30,9,12.57
L017587,2026-07-30,3,1.12
L017588,2026-07-30,8,9.7
L017589,2026-07-30,3,1.12
L017590,2026-07-30,2,0.46
L017591,2026-07-30,7,7.23
L017592,2026-07-30,3,1.12
L017593,2026-07-30,2,0.46
L017594,2026-07-30,6,5.15
L017595,2026-07-30,2,0.46
L017596,2026-07-30,3,1.12
L017597,2026-07-30,2,0.46
L017598,2026-07-30,6,5.15
L017599,2026-07-30,2,0.46
L017600,2026-07-30,1,0.1
L017601,2026-07-30,2,0.46
L017602,2026-07-30,1,0.1
L017603,2026-07-30,6,5.15
L017604,2026-07-30,1,0.1
L017605,2026-07-30,3,1.12
L017606,2026-07-30,1,0.1
L017607,2026-07-30,1,0.1
L017608,2026-07-30,2,0.46
L017609,2026-07-30,3,1.12
L017610,2026-07-30,2,0.46
L017611,2026-07-30,3,1.12
L017612,2026-07-30,8,9.7
L017613,2026-07-30,1,0.1
L017614,2026-07-30,9,12.57
L017615,2026-07-30,4,2.11
L017616,2026-07-30,3,1.12
L017617,2026-07-30,5,3.45
L017618,2026-07-30,1,0.1
L017619,2026-07-30,2,0.46
L017620,2026-07-30,6,5.15
L017621,2026-07-30,7,7.23
L017622,2026-07-30,3,1.12
L017623,2026-07-30,3,1.12
L017624,2026-07-30,1,0.1
L017625,2026-07-30,1,0.1
L017626,2026-07-30,7,7.23
L017627,2026-07-30,5,3.45
L017628,2026-07-30,1,0.1
L017629,2026-07-30,1,0.1
L017630,2026-07-30,2,0.46
L017631,2026-07-30,3,1.12
L017632,2026-07-30,7,7.23
L017633,2026-07-30,3,1.12
L017634,2026-07-30,2,0.46
L017635,2026-07-30,3,1.12
L017636,2026-07-30,2,0.46
L017637,2026-07-30,2,0.46
L017638,2026-07-30,3,1.12
L017639,2026-07-30,6,5.15
L017640,2026-07-30,2,0.46
L017641,2026-07-30,10,15.85
L017642,2026-07-30,3,1.12
L017643,2026-07-30,6,5.15
L017644,2026-07-30,3,1.12
L017645,2026-07-30,2,0.46
L017646,2026-07-30,1,0.1
L017647,2026-07-30,3,1.12
L017648,2026-07-30,9,12.57
L017649,2026-07-30,1,0.1
L017650,2026-07-30,8,9.7
L017651,2026-07-30,4,2.11
L017652,2026-07-30,3,1.12
L017653,2026-07-30,1,0.1
L017654,2026-07-30,10,15.85
L017655,2026-07-30,1,0.1
L017656,2026-07-30,3,1.12
L017657,2026-07-30,1,0.1
L017658,2026-07-30,2,0.46
L017659,2026-07-30,3,1.12
L017660,2026-07-30,1,0.1
L017661,2026-07-30,1,0.1
L017662,2026-07-30,2,0.46
L017663,2026-07-30,9,12.57
L017664,2026-07-30,9,12.57
L017665,2026-07-30,3,1.12
L017666,2026-07-30,3,1.12
L017667,2026-07-30,3,1.12
L017668,2026-07-30,10,15.85
L017669,2026-07-30,3,1.12
L017670,2026-07-30,1,0.1
L017671,2026-07-30,7,7.23
L017672,2026-07-30,3,1.12
L017673,2026-07-30,2,0.46
L017674,2026-07-30,1,0.1
L017675,2026-07-30,8,9.7
L017676,2026-07-30,1,0.1
L017677,2026-07-30,2,0.46
L017678,2026-07-30,3,1.12
L017679,2026-07-30,3,1.12
L017680,2026-07-30,4,2.11
L017681,2026-07-30,5,3.45
L017682,2026-07-30,3,1.12
L017683,2026-07-30,7,7.23
L017684,2026-07-30,3,1.12
L017685,2026-07-30,3,1.12
L017686,2026-07-30,2,0.46
L017687,2026-07-30,2,0.46
L017688,2026-07-30,2,0.46
L017689,2026-07-30,3,1.12
L017690,2026-07-30,1,0.1
L017691,2026-07-30,8,9.7
L017692,2026-07-30,2,0.46
L017693,2026-07-30,3,1.12
L017694,2026-07-30,5,3.45
L017695,2026-07-30,1,0.1
L017696,2026-07-30,3,1.12
L017697,2026-07-30,4,2.11
L017698,2026-07-30,3,1.12
L017699,2026-07-30,3,1.12
L017700,2026-07-30,7,7.23
L017701,2026-07-30,1,0.1
L017702,2026-07-30,3,1.12
L017703,2026-07-30,1,0.1
L017704,2026-07-30,1,0.1
L017705,2026-07-30,10,15.85
L017706,2026-07-30,1,0.1
L017707,2026-07-30,3,1.12
L017708,2026-07-30,6,5.15
L017709,2026-07-30,2,0.46
L017710,2026-07-30,2,0.46
L017711,2026-07-30,2,0.46
L017712,2026-07-30,3,1.12
L017713,2026-07-30,3,1.12
L017714,2026-07-30,3,1.12
L017715,2026-07-30,5,3.45
L017716,2026-07-30,2,0.46
L017717,2026-07-30,10,15.85
L017718,2026-07-30,3,1.12
L017719,2026-07-30,1,0.1
L017720,2026-07-30,5,3.45
L017721,2026-07-30,1,0.1
L017722,2026-07-30,3,1.12
L017723,2026-07-30,2,0.46
L017724,2026-07-30,3,1.12
L017725,2026-07-30,2,0.46
L017726,2026-07-30,9,12.57
L017727,2026-07-30,7,7.23
L017728,2026-07-30,9,12.57
L017729,2026-07-30,3,1.12
L017730,2026-07-30,6,5.15
L017731,2026-07-30,2,0.46
L017732,2026-07-30,7,7.23
L017733,2026-07-30,1,0.1
L017734,2026-07-30,1,0.1
L017735,2026-07-30,1,0.1
L017736,2026-07-30,2,0.46
L017737,2026-07-30,3,1.12
L017738,2026-07-30,8,9.7
L017739,2026-07-30,9,12.57
L017740,2026-07-30,10,15.85
L017741,2026-07-30,2,0.46
L017742,2026-07-30,1,0.1
L017743,2026-07-30,4,2.11
L017744,2026-07-30,1,0.1
L017745,2026-07-30,2,0.46
L017746,2026-07-30,1,0.1
L017747,2026-07-30,1,0.1
L017748,2026-07-30,2,0.46
L017749,2026-07-30,3,1.12
L017750,2026-07-30,2,0.46
L017751,2026-07-30,2,0.46
L017752,2026-07-30,5,3.45
L017753,2026-07-30,2,0.46
L017754,2026-07-30,5,3.45
L017755,2026-07-30,1,0.1
L017756,2026-07-30,3,1.12
L017757,2026-07-30,1,0.1
L017758,2026-07-30,7,7.23
L017759,2026-07-30,10,15.85
L017760,2026-07-30,2,0.46
L017761,2026-07-30,2,0.46
L017762,2026-07-30,2,0.46
L017763,2026-07-30,6,5.15
L017764,2026-07-30,3,1.12
L017765,2026-07-30,1,0.1
L017766,2026-07-30,1,0.1
L017767,2026-07-30,2,0.46
L017768,2026-07-30,8,9.7
L017769,2026-07-30,7,7.23
L017770,2026-07-30,2,0.46
L017771,2026-07-30,2,0.46
L017772,2026-07-30,1,0.1
L017773,2026-07-30,2,0.46
L017774,2026-07-30,4,2.11
L017775,2026-07-30,10,15.85
L017776,2026-07-30,2,0.46
L017777,2026-07-30,4,2.11
L017778,2026-07-30,3,1.12
L017779,2026-07-30,3,1.12
L017780,2026-07-30,3,1.12
L017781,2026-07-30,1,0.1
L017782,2026-07-30,1,0.1
L017783,2026-07-30,4,2.11
L017784,2026-07-30,2,0.46
L017785,2026-07-30,2,0.46
L017786,2026-07-30,9,12.57
L017787,2026-07-30,2,0.46
L017788,2026-07-30,2,0.46
L017789,2026-07-30,3,1.12
L017790,2026-07-30,5,3.45
L017791,2026-07-30,3,1.12
L017792,2026-07-30,1,0.1
L017793,2026-07-30,3,1.12
L017794,2026-07-30,5,3.45
L017795,2026-07-30,2,0.46
L017796,2026-07-30,4,2.11
L017797,2026-07-30,3,1.12
L017798,2026-07-30,2,0.46
L017799,2026-07-30,3,1.12
L017800,2026-07-30,3,1.12
L017801,2026-07-30,1,0.1
L017802,2026-07-30,7,7.23
L017803,2026-07-30,2,0.46
L017804,2026-07-30,8,9.7
L017805,2026-07-30,2,0.46
L017806,2026-07-30,1,0.1
L017807,2026-07-30,3,1.12
L017808,2026-07-30,1,0.1
L017809,2026-07-30,3,1.12
L017810,2026-07-30,2,0.46
L017811,2026-07-30,8,9.7
L017812,2026-07-30,3,1.12
L017813,2026-07-30,5,3.45
L017814,2026-07-30,6,5.15
L017815,2026-07-30,2,0.46
L017816,2026-07-30,2,0.46
L017817,2026-07-30,2,0.46
L017818,2026-07-30,4,2.11
L017819,2026-07-30,1,0.1
L017820,2026-07-30,10,15.85
L017821,2026-07-30,1,0.1
L017822,2026-07-30,1,0.1
L017823,2026-07-30,8,9.7
L017824,2026-07-30,1,0.1
L017825,2026-07-30,1,0.1
L017826,2026-07-30,1,0.1
L017827,2026-07-30,5,3.45
L017828,2026-07-30,1,0.1
L017829,2026-07-30,3,1.12
L017830,2026-07-30,8,9.7
L017831,2026-07-30,8,9.7
L017832,2026-07-30,5,3.45
L017833,2026-07-30,1,0.1
L017834,2026-07-30,3,1.12
L017835,2026-07-30,9,12.57
L017836,2026-07-30,6,5.15
L017837,2026-07-30,1,0.1
L017838,2026-07-30,2,0.46
L017839,2026-07-30,9,12.57
L017840,2026-07-30,3,1.12
L017841,2026-07-30,4,2.11
L017842,2026-07-30,4,2.11
L017843,2026-07-30,3,1.12
L017844,2026-07-30,1,0.1
L017845,2026-07-30,10,15.85
L017846,2026-07-30,3,1.12
L017847,2026-07-30,4,2.11
L017848,2026-07-30,3,1.12
L017849,2026-07-30,2,0.46
L017850,2026-07-30,7,7.23
L017851,2026-07-30,2,0.46
L017852,2026-07-30,5,3.45
L017853,2026-07-30,2,0.46
L017854,2026-07-30,5,3.45
L017855,2026-07-30,1,0.1
L017856,2026-07-30,3,1.12
L017857,2026-07-30,2,0.46
L017858,2026-07-30,7,7.23
L017859,2026-07-30,1,0.1
L017860,2026-07-30,2,0.46
L017861,2026-07-30,1,0.1
L017862,2026-07-30,3,1.12
L017863,2026-07-30,2,0.46
L017864,2026-07-30,2,0.46
L017865,2026-07-30,9,12.57
L017866,2026-07-30,3,1.12
L017867,2026-07-30,9,12.57
L017868,2026-07-30,1,0.1
L017869,2026-07-30,9,12.57
L017870,2026-07-30,7,7.23
L017871,2026-07-30,7,7.23
L017872,2026-07-30,5,3.45
L017873,2026-07-30,9,12.57
L017874,2026-07-30,8,9.7
L017875,2026-07-30,3,1.12
L017876,2026-07-30,3,1.12
L017877,2026-07-30,10,15.85
L017878,2026-07-30,5,3.45
L017879,2026-07-30,1,0.1
L017880,2026-07-30,10,15.85
L017881,2026-07-30,3,1.12
L017882,2026-07-30,3,1.12
L017883,2026-07-30,6,5.15
L017884,2026-07-30,7,7.23
L017885,2026-07-30,2,0.46
L017886,2026-07-30,2,0.46
L017887,2026-07-30,3,1.12
L017888,2026-07-30,8,9.7
L017889,2026-07-30,4,2.11
L017890,2026-07-30,3,1.12
L017891,2026-07-30,1,0.1
L017892,2026-07-30,7,7.23
L017893,2026-07-30,3,1.12
L017894,2026-07-30,7,7.23
L017895,2026-07-30,3,1.12
L017896,2026-07-30,10,15.85
L017897,2026-07-30,1,0.1
L017898,2026-07-30,3,1.12
L017899,2026-07-30,1,0.1
L017900,2026-07-30,2,0.46
L017901,2026-07-30,4,2.11
L017902,2026-07-30,1,0.1
L017903,2026-07-30,1,0.1
L017904,2026-07-30,1,0.1
L017905,2026-07-30,2,0.46
L017906,2026-07-30,6,5.15
L017907,2026-07-30,2,0.46
L017908,2026-07-30,6,5.15
L017909,2026-07-30,2,0.46
L017910,2026-07-30,1,0.1
L017911,2026-07-30,7,7.23
L017912,2026-07-30,3,1.12
L017913,2026-07-30,10,15.85
L017914,2026-07-30,5,3.45
L017915,2026-07-30,8,9.7
L017916,2026-07-30,6,5.15
L017917,2026-07-30,3,1.12
L017918,2026-07-30,6,5.15
L017919,2026-07-30,3,1.12
L017920,2026-07-30,2,0.46
L017921,2026-07-30,7,7.23
L017922,2026-07-30,1,0.1
L017923,2026-07-30,1,0.1
L017924,2026-07-30,3,1.12
L017925,2026-07-30,3,1.12
L017926,2026-07-30,2,0.46
L017927,2026-07-30,3,1.12
L017928,2026-07-30,5,3.45
L017929,2026-07-30,3,1.12
L017930,2026-07-30,4,2.11
L017931,2026-07-30,1,0.1
L017932,2026-07-30,3,1.12
L017933,2026-07-30,8,9.7
L017934,2026-07-30,1,0.1
L017935,2026-07-30,1,0.1
L017936,2026-07-30,2,0.46
L017937,2026-07-30,6,5.15
L017938,2026-07-30,1,0.1
L017939,2026-07-30,3,1.12
L017940,2026-07-30,1,0.1
L017941,2026-07-30,8,9.7
L017942,2026-07-30,10,15.85
L017943,2026-07-30,4,2.11
L017944,2026-07-30,2,0.46
L017945,2026-07-30,3,1.12
L017946,2026-07-30,7,7.23
L017947,2026-07-30,1,0.1
L017948,2026-07-30,6,5.15
L017949,2026-07-30,7,7.23
L017950,2026-07-30,5,3.45
L017951,2026-07-30,1,0.1
L017952,2026-07-30,2,0.46
L017953,2026-07-30,1,0.1
L017954,2026-07-30,2,0.46
L017955,2026-07-30,8,9.7
L017956,2026-07-30,1,0.1
L017957,2026-07-30,2,0.46
L017958,2026-07-30,7,7.23
L017959,2026-07-30,3,1.12
L017960,2026-07-30,3,1.12
L017961,2026-07-30,7,7.23
L017962,2026-07-30,2,0.46
L017963,2026-07-30,1,0.1
L017964,2026-07-30,2,0.46
L017965,2026-07-30,1,0.1
L017966,2026-07-30,4,2.11
L017967,2026-07-30,2,0.46
L017968,2026-07-30,1,0.1
L017969,2026-07-30,1,0.1
L017970,2026-07-30,1,0.1
L017971,2026-07-30,1,0.1
L017972,2026-07-30,6,5.15
L017973,2026-07-30,9,12.57
L017974,2026-07-30,3,1.12
L017975,2026-07-30,1,0.1
L017976,2026-07-30,2,0.46
L017977,2026-07-30,2,0.46
L017978,2026-07-30,2,0.46
L017979,2026-07-30,7,7.23
L017980,2026-07-30,6,5.15
L017981,2026-07-30,3,1.12
L017982,2026-07-30,3,1.12
L017983,2026-07-30,6,5.15
L017984,2026-07-30,5,3.45
L017985,2026-07-30,2,0.46
L017986,2026-07-30,2,0.46
L017987,2026-07-30,3,1.12
L017988,2026-07-30,2,0.46
L017989,2026-07-30,2,0.46
L017990,2026-07-30,2,0.46
L017991,2026-07-30,2,0.46
L017992,2026-07-30,10,15.85
L017993,2026-07-30,2,0.46
L017994,2026-07-30,4,2.11
L017995,2026-07-30,2,0.46
L017996,2026-07-30,2,0.46
L017997,2026-07-30,3,1.12
L017998,2026-07-30,2,0.46
L017999,2026-07-30,4,2.11
L018000,2026-07-30,3,1.12
L018001,2026-07-30,4,2.11
L018002,2026-07-30,1,0.1
L018003,2026-07-30,8,9.7
L018004,2026-07-30,2,0.46
L018005,2026-07-30,7,7.23
L018006,2026-07-30,2,0.46
L018007,2026-07-30,1,0.1
L018008,2026-07-30,1,0.1
L018009,2026-07-30,1,0.1
L018010,2026-07-30,2,0.46
L018011,2026-07-30,1,0.1
L018012,2026-07-30,3,1.12
L018013,2026-07-30,7,7.23
L018014,2026-07-30,1,0.1
L018015,2026-07-30,3,1.12
L018016,2026-07-30,1,0.1
L018017,2026-07-30,8,9.7
L018018,2026-07-30,9,12.57
L018019,2026-07-30,3,1.12
L018020,2026-07-30,8,9.7
L018021,2026-07-30,1,0.1
L018022,2026-07-30,1,0.1
L018023,2026-07-30,3,1.12
L018024,2026-07-30,1,0.1
L018025,2026-07-30,6,5.15
L018026,2026-07-30,3,1.12
L018027,2026-07-30,1,0.1
L018028,2026-07-30,3,1.12
L018029,2026-07-30,3,1.12
L018030,2026-07-30,8,9.7
L018031,2026-07-30,6,5.15
L018032,2026-07-30,2,0.46
L018033,2026-07-30,2,0.46
L018034,2026-07-30,2,0.46
L018035,2026-07-30,3,1.12
L018036,2026-07-30,10,15.85
L018037,2026-07-30,10,15.85
L018038,2026-07-30,2,0.46
L018039,2026-07-30,9,12.57
L018040,2026-07-30,1,0.1
L018041,2026-07-30,2,0.46
L018042,2026-07-30,7,7.23
L018043,2026-07-30,10,15.85
L018044,2026-07-30,2,0.46
L018045,2026-07-30,3,1.12
L018046,2026-07-30,1,0.1
L018047,2026-07-30,2,0.46
L018048,2026-07-30,3,1.12
L018049,2026-07-30,2,0.46
L018050,2026-07-30,2,0.46
L018051,2026-07-30,6,5.15
L018052,2026-07-30,2,0.46
L018053,2026-07-30,7,7.23
L018054,2026-07-30,3,1.12
L018055,2026-07-30,4,2.11
L018056,2026-07-30,3,1.12
L018057,2026-07-30,5,3.45
L018058,2026-07-30,1,0.1
L018059,2026-07-30,2,0.46
L018060,2026-07-30,1,0.1
L018061,2026-07-30,3,1.12
L018062,2026-07-30,1,0.1
L018063,2026-07-30,2,0.46
L018064,2026-07-30,2,0.46
L018065,2026-07-30,6,5.15
L018066,2026-07-30,3,1.12
L018067,2026-07-30,10,15.85
L018068,2026-07-30,3,1.12
L018069,2026-07-30,4,2.11
L018070,2026-07-30,5,3.45
L018071,2026-07-30,3,1.12
L018072,2026-07-30,2,0.46
L018073,2026-07-30,3,1.12
L018074,2026-07-30,1,0.1
L018075,2026-07-30,5,3.45
L018076,2026-07-30,2,0.46
L018077,2026-07-30,3,1.12
L018078,2026-07-30,3,1.12
L018079,2026-07-30,1,0.1
L018080,2026-07-30,1,0.1
L018081,2026-07-30,10,15.85
L018082,2026-07-30,2,0.46
L018083,2026-07-30,1,0.1
L018084,2026-07-30,8,9.7
L018085,2026-07-30,5,3.45
L018086,2026-07-30,7,7.23
L018087,2026-07-30,2,0.46
L018088,2026-07-30,2,0.46
L018089,2026-07-30,2,0.46
L018090,2026-07-30,1,0.1
L018091,2026-07-30,9,12.57
L018092,2026-07-30,3,1.12
L018093,2026-07-30,1,0.1
L018094,2026-07-30,2,0.46
L018095,2026-07-30,2,0.46
L018096,2026-07-30,1,0.1
L018097,2026-07-30,2,0.46
L018098,2026-07-30,2,0.46
L018099,2026-07-30,3,1.12
L018100,2026-07-30,2,0.46
L018101,2026-07-30,3,1.12
L018102,2026-07-30,2,0.46
L018103,2026-07-30,1,0.1
L018104,2026-07-30,2,0.46
L018105,2026-07-30,3,1.12
L018106,2026-07-30,9,12.57
L018107,2026-07-30,3,1.12
L018108,2026-07-30,5,3.45
L018109,2026-07-30,5,3.45
L018110,2026-07-30,1,0.1
L018111,2026-07-30,6,5.15
L018112,2026-07-30,8,9.7
L018113,2026-07-30,1,0.1
L018114,2026-07-30,9,12.57
L018115,2026-07-30,1,0.1
L018116,2026-07-30,3,1.12
L018117,2026-07-30,7,7.23
L018118,2026-07-30,2,0.46
L018119,2026-07-30,1,0.1
L018120,2026-07-30,1,0.1
L018121,2026-07-30,2,0.46
L018122,2026-07-30,8,9.7
L018123,2026-07-30,1,0.1
L018124,2026-07-30,1,0.1
L018125,2026-07-30,9,12.57
L018126,2026-07-30,1,0.1
L018127,2026-07-30,1,0.1
L018128,2026-07-30,1,0.1
L018129,2026-07-30,1,0.1
L018130,2026-07-30,5,3.45
L018131,2026-07-30,8,9.7
L018132,2026-07-30,3,1.12
L018133,2026-07-30,1,0.1
L018134,2026-07-30,3,1.12
L018135,2026-07-30,2,0.46
L018136,2026-07-30,3,1.12
L018137,2026-07-30,2,0.46
L018138,2026-07-30,3,1.12
L018139,2026-07-30,2,0.46
L018140,2026-07-30,3,1.12
L018141,2026-07-30,3,1.12
L018142,2026-07-30,3,1.12
L018143,2026-07-30,1,0.1
L018144,2026-07-30,9,12.57
L018145,2026-07-30,1,0.1
L018146,2026-07-30,4,2.11
L018147,2026-07-30,1,0.1
L018148,2026-07-30,3,1.12
L018149,2026-07-30,1,0.1
L018150,2026-07-30,3,1.12
L018151,2026-07-30,1,0.1
L018152,2026-07-30,2,0.46
L018153,2026-07-30,1,0.1
L018154,2026-07-30,3,1.12
L018155,2026-07-30,6,5.15
L018156,2026-07-30,2,0.46
L018157,2026-07-30,6,5.15
L018158,2026-07-30,7,7.23
L018159,2026-07-30,3,1.12
L018160,2026-07-30,2,0.46
L018161,2026-07-30,2,0.46
L018162,2026-07-30,6,5.15
L018163,2026-07-30,2,0.46
L018164,2026-07-30,5,3.45
L018165,2026-07-30,2,0.46
L018166,2026-07-30,10,15.85
L018167,2026-07-30,9,12.57
L018168,2026-07-30,3,1.12
L018169,2026-07-30,9,12.57
L018170,2026-07-30,3,1.12
L018171,2026-07-30,2,0.46
L018172,2026-07-30,3,1.12
L018173,2026-07-30,3,1.12
L018174,2026-07-30,3,1.12
L018175,2026-07-30,3,1.12
L018176,2026-07-30,8,9.7
L018177,2026-07-30,2,0.46
L018178,2026-07-30,8,9.7
L018179,2026-07-30,3,1.12
L018180,2026-07-30,3,1.12
L018181,2026-07-30,2,0.46
L018182,2026-07-30,2,0.46
L018183,2026-07-30,2,0.46
L018184,2026-07-30,10,15.85
L018185,2026-07-30,1,0.1
L018186,2026-07-30,3,1.12
L018187,2026-07-30,3,1.12
L018188,2026-07-30,2,0.46
L018189,2026-07-30,8,9.7
L018190,2026-07-30,2,0.46
L018191,2026-07-30,5,3.45
L018192,2026-07-30,2,0.46
L018193,2026-07-30,2,0.46
L018194,2026-07-30,7,7.23
L018195,2026-07-30,8,9.7
L018196,2026-07-30,2,0.46
L018197,2026-07-30,2,0.46
L018198,2026-07-30,10,15.85
L018199,2026-07-30,3,1.12
L018200,2026-07-30,3,1.12
L018201,2026-07-30,9,12.57
L018202,2026-07-30,1,0.1
L018203,2026-07-30,10,15.85
L018204,2026-07-30,3,1.12
L018205,2026-07-30,6,5.15
L018206,2026-07-30,3,1.12
L018207,2026-07-30,4,2.11
L018208,2026-07-30,2,0.46
L018209,2026-07-30,3,1.12
L018210,2026-07-30,1,0.1
L018211,2026-07-30,2,0.46
L018212,2026-07-30,1,0.1
L018213,2026-07-30,2,0.46
L018214,2026-07-30,2,0.46
L018215,2026-07-30,2,0.46
L018216,2026-07-30,9,12.57
L018217,2026-07-30,1,0.1
L018218,2026-07-30,3,1.12
L018219,2026-07-30,3,1.12
L018220,2026-07-30,1,0.1
L018221,2026-07-30,1,0.1
L018222,2026-07-30,2,0.46
L018223,2026-07-30,3,1.12
L018224,2026-07-30,4,2.11
L018225,2026-07-30,3,1.12
L018226,2026-07-30,4,2.11
L018227,2026-07-30,2,0.46
L018228,2026-07-30,2,0.46
L018229,2026-07-30,3,1.12
L018230,2026-07-30,2,0.46
L018231,2026-07-30,5,3.45
L018232,2026-07-30,3,1.12
L018233,2026-07-30,1,0.1
L018234,2026-07-30,3,1.12
L018235,2026-07-30,2,0.46
L018236,2026-07-30,8,9.7
L018237,2026-07-30,8,9.7
L018238,2026-07-30,1,0.1
L018239,2026-07-30,1,0.1
L018240,2026-07-30,1,0.1
L018241,2026-07-30,5,3.45
L018242,2026-07-30,5,3.45
L018243,2026-07-30,10,15.85
L018244,2026-07-30,2,0.46
L018245,2026-07-30,3,1.12
L018246,2026-07-30,3,1.12
L018247,2026-07-30,8,9.7
L018248,2026-07-30,3,1.12
L018249,2026-07-30,1,0.1
L018250,2026-07-30,4,2.11
L018251,2026-07-30,3,1.12
L018252,2026-07-30,2,0.46
L018253,2026-07-30,2,0.46
L018254,2026-07-30,2,0.46
L018255,2026-07-30,1,0.1
L018256,2026-07-30,2,0.46
L018257,2026-07-30,2,0.46
L018258,2026-07-30,3,1.12
L018259,2026-07-30,1,0.1
L018260,2026-07-30,2,0.46
L018261,2026-07-30,7,7.23
L018262,2026-07-30,1,0.1
L018263,2026-07-30,10,15.85
L018264,2026-07-30,7,7.23
L018265,2026-07-30,10,15.85
L018266,2026-07-30,7,7.23
L018267,2026-07-30,4,2.11
L018268,2026-07-30,1,0.1
L018269,2026-07-30,8,9.7
L018270,2026-07-30,1,0.1
L018271,2026-07-30,2,0.46
L018272,2026-07-30,10,15.85
L018273,2026-07-30,1,0.1
L018274,2026-07-30,2,0.46
L018275,2026-07-30,1,0.1
L018276,2026-07-30,2,0.46
L018277,2026-07-30,1,0.1
L018278,2026-07-30,2,0.46
L018279,2026-07-30,5,3.45
L018280,2026-07-30,3,1.12
L018281,2026-07-30,2,0.46
L018282,2026-07-30,6,5.15
L018283,2026-07-30,3,1.12
L018284,2026-07-30,3,1.12
L018285,2026-07-30,2,0.46
L018286,2026-07-30,1,0.1
L018287,2026-07-30,2,0.46
L018288,2026-07-30,3,1.12
L018289,2026-07-30,9,12.57
L018290,2026-07-30,3,1.12
L018291,2026-07-30,3,1.12
L018292,2026-07-30,2,0.46
L018293,2026-07-30,1,0.1
L018294,2026-07-30,2,0.46
L018295,2026-07-30,5,3.45
L018296,2026-07-30,3,1.12
L018297,2026-07-30,3,1.12
L018298,2026-07-30,6,5.15
L018299,2026-07-30,3,1.12
L018300,2026-07-30,1,0.1
L018301,2026-07-30,1,0.1
L018302,2026-07-30,4,2.11
L018303,2026-07-30,3,1.12
L018304,2026-07-30,2,0.46
L018305,2026-07-30,8,9.7
L018306,2026-07-30,3,1.12
L018307,2026-07-30,7,7.23
L018308,2026-07-30,2,0.46
L018309,2026-07-30,2,0.46
L018310,2026-07-30,3,1.12
L018311,2026-07-30,2,0.46
L018312,2026-07-30,1,0.1
L018313,2026-07-30,1,0.1
L018314,2026-07-30,9,12.57
L018315,2026-07-30,3,1.12
L018316,2026-07-30,2,0.46
L018317,2026-07-30,1,0.1
L018318,2026-07-30,6,5.15
L018319,2026-07-30,2,0.46
L018320,2026-07-30,2,0.46
L018321,2026-07-30,2,0.46
L018322,2026-07-30,3,1.12
L018323,2026-07-30,3,1.12
L018324,2026-07-30,3,1.12
L018325,2026-07-30,6,5.15
L018326,2026-07-30,2,0.46
L018327,2026-07-30,2,0.46
L018328,2026-07-30,6,5.15
L018329,2026-07-30,1,0.1
L018330,2026-07-30,3,1.12
L018331,2026-07-30,4,2.11
L018332,2026-07-30,2,0.46
L018333,2026-07-30,3,1.12
L018334,2026-07-30,2,0.46
L018335,2026-07-30,10,15.85
L018336,2026-07-30,1,0.1
L018337,2026-07-30,2,0.46
L018338,2026-07-30,1,0.1
L018339,2026-07-30,8,9.7
L018340,2026-07-30,3,1.12
L018341,2026-07-30,6,5.15
L018342,2026-07-30,10,15.85
L018343,2026-07-30,1,0.1
L018344,2026-07-30,1,0.1
L018345,2026-07-30,2,0.46
L018346,2026-07-30,1,0.1
L018347,2026-07-30,2,0.46
L018348,2026-07-30,9,12.57
L018349,2026-07-30,3,1.12
L018350,2026-07-30,6,5.15
L018351,2026-07-30,3,1.12
L018352,2026-07-30,10,15.85
L018353,2026-07-30,1,0.1
L018354,2026-07-30,8,9.7
L018355,2026-07-30,1,0.1
L018356,2026-07-30,1,0.1
L018357,2026-07-30,4,2.11
L018358,2026-07-30,9,12.57
L018359,2026-07-30,2,0.46
L018360,2026-07-30,2,0.46
L018361,2026-07-30,3,1.12
L018362,2026-07-30,2,0.46
L018363,2026-07-30,2,0.46
L018364,2026-07-30,2,0.46
L018365,2026-07-30,7,7.23
L018366,2026-07-30,5,3.45
L018367,2026-07-30,5,3.45
L018368,2026-07-30,3,1.12
L018369,2026-07-30,6,5.15
L018370,2026-07-30,1,0.1
L018371,2026-07-30,8,9.7
L018372,2026-07-30,1,0.1
L018373,2026-07-30,2,0.46
L018374,2026-07-30,4,2.11
L018375,2026-07-30,1,0.1
L018376,2026-07-30,10,15.85
L018377,2026-07-30,4,2.11
L018378,2026-07-30,7,7.23
L018379,2026-07-30,6,5.15
L018380,2026-07-30,1,0.1
L018381,2026-07-30,3,1.12
L018382,2026-07-30,3,1.12
L018383,2026-07-30,1,0.1
L018384,2026-07-30,2,0.46
L018385,2026-07-30,1,0.1
L018386,2026-07-30,2,0.46
L018387,2026-07-30,1,0.1
L018388,2026-07-30,1,0.1
L018389,2026-07-30,1,0.1
L018390,2026-07-30,1,0.1
L018391,2026-07-30,1,0.1
L018392,2026-07-30,7,7.23
L018393,2026-07-30,2,0.46
L018394,2026-07-30,6,5.15
L018395,2026-07-30,9,12.57
L018396,2026-07-30,3,1.12
L018397,2026-07-30,5,3.45
L018398,2026-07-30,2,0.46
L018399,2026-07-30,2,0.46
L018400,2026-07-30,1,0.1
L018401,2026-07-30,3,1.12
L018402,2026-07-30,7,7.23
L018403,2026-07-30,1,0.1
L018404,2026-07-30,6,5.15
L018405,2026-07-30,1,0.1
L018406,2026-07-30,1,0.1
L018407,2026-07-30,10,15.85
L018408,2026-07-30,1,0.1
L018409,2026-07-30,5,3.45
L018410,2026-07-30,3,1.12
L018411,2026-07-30,1,0.1
L018412,2026-07-30,1,0.1
L018413,2026-07-30,2,0.46
L018414,2026-07-30,1,0.1
L018415,2026-07-30,3,1.12
L018416,2026-07-30,5,3.45
L018417,2026-07-30,2,0.46
L018418,2026-07-30,4,2.11
L018419,2026-07-30,2,0.46
L018420,2026-07-30,3,1.12
L018421,2026-07-30,1,0.1
L018422,2026-07-30,3,1.12
L018423,2026-07-30,1,0.1
L018424,2026-07-30,3,1.12
L018425,2026-07-30,1,0.1
L018426,2026-07-30,10,15.85
L018427,2026-07-30,4,2.11
L018428,2026-07-30,4,2.11
L018429,2026-07-30,3,1.12
L018430,2026-07-30,3,1.12
L018431,2026-07-30,3,1.12
L018432,2026-07-30,2,0.46
L018433,2026-07-30,3,1.12
L018434,2026-07-30,8,9.7
L018435,2026-07-30,2,0.46
L018436,2026-07-30,9,12.57
L018437,2026-07-30,1,0.1
L018438,2026-07-30,9,12.57
L018439,2026-07-30,2,0.46
L018440,2026-07-30,3,1.12
L018441,2026-07-30,1,0.1
L018442,2026-07-30,10,15.85
L018443,2026-07-30,4,2.11
L018444,2026-07-30,1,0.1
L018445,2026-07-30,1,0.1
L018446,2026-07-30,2,0.46
L018447,2026-07-30,5,3.45
L018448,2026-07-30,1,0.1
L018449,2026-07-30,1,0.1
L018450,2026-07-30,2,0.46
L018451,2026-07-30,3,1.12
L018452,2026-07-30,2,0.46
L018453,2026-07-30,1,0.1
L018454,2026-07-30,4,2.11
L018455,2026-07-30,7,7.23
L018456,2026-07-30,5,3.45
L018457,2026-07-30,1,0.1
L018458,2026-07-30,4,2.11
L018459,2026-07-30,9,12.57
L018460,2026-07-30,3,1.12
L018461,2026-07-30,3,1.12
L018462,2026-07-30,3,1.12
L018463,2026-07-30,8,9.7
L018464,2026-07-30,2,0.46
L018465,2026-07-30,8,9.7
L018466,2026-07-30,3,1.12
L018467,2026-07-30,3,1.12
L018468,2026-07-30,1,0.1
L018469,2026-07-30,2,0.46
L018470,2026-07-30,2,0.46
L018471,2026-07-30,3,1.12
L018472,2026-07-30,3,1.12
L018473,2026-07-30,1,0.1
L018474,2026-07-30,3,1.12
L018475,2026-07-30,3,1.12
L018476,2026-07-30,7,7.23
L018477,2026-07-30,1,0.1
L018478,2026-07-30,6,5.15
L018479,2026-07-30,1,0.1
L018480,2026-07-30,5,3.45
L018481,2026-07-30,6,5.15
L018482,2026-07-30,2,0.46
L018483,2026-07-30,7,7.23
L018484,2026-07-30,1,0.1
L018485,2026-07-30,2,0.46
L018486,2026-07-30,2,0.46
L018487,2026-07-30,1,0.1
L018488,2026-07-30,3,1.12
L018489,2026-07-30,9,12.57
L018490,2026-07-30,4,2.11
L018491,2026-07-30,1,0.1
L018492,2026-07-30,3,1.12
L018493,2026-07-30,1,0.1
L018494,2026-07-30,4,2.11
L018495,2026-07-30,5,3.45
L018496,2026-07-30,2,0.46
L018497,2026-07-30,10,15.85
L018498,2026-07-30,7,7.23
L018499,2026-07-30,9,12.57
L018500,2026-07-30,8,9.7
L018501,2026-07-30,9,12.57
L018502,2026-07-30,2,0.46
L018503,2026-07-30,9,12.57
L018504,2026-07-30,8,9.7
L018505,2026-07-30,2,0.46
L018506,2026-07-30,2,0.46
L018507,2026-07-30,1,0.1
L018508,2026-07-30,2,0.46
L018509,2026-07-30,8,9.7
L018510,2026-07-30,7,7.23
L018511,2026-07-30,3,1.12
L018512,2026-07-30,2,0.46
L018513,2026-07-30,2,0.46
L018514,2026-07-30,5,3.45
L018515,2026-07-30,2,0.46
L018516,2026-07-30,2,0.46
L018517,2026-07-30,2,0.46
L018518,2026-07-30,3,1.12
L018519,2026-07-30,1,0.1
L018520,2026-07-30,1,0.1
L018521,2026-07-30,10,15.85
L018522,2026-07-30,3,1.12
L018523,2026-07-30,2,0.46
L018524,2026-07-30,4,2.11
L018525,2026-07-30,5,3.45
L018526,2026-07-30,1,0.1
L018527,2026-07-30,3,1.12
L018528,2026-07-30,9,12.57
L018529,2026-07-30,1,0.1
L018530,2026-07-30,3,1.12
L018531,2026-07-30,9,12.57
L018532,2026-07-30,3,1.12
L018533,2026-07-30,1,0.1
L018534,2026-07-30,3,1.12
L018535,2026-07-30,1,0.1
L018536,2026-07-30,9,12.57
L018537,2026-07-30,5,3.45
L018538,2026-07-30,1,0.1
L018539,2026-07-30,1,0.1
L018540,2026-07-30,2,0.46
L018541,2026-07-30,7,7.23
L018542,2026-07-30,7,7.23
L018543,2026-07-30,5,3.45
L018544,2026-07-30,2,0.46
L018545,2026-07-30,6,5.15
L018546,2026-07-30,1,0.1
L018547,2026-07-30,2,0.46
L018548,2026-07-30,1,0.1
L018549,2026-07-30,4,2.11
L018550,2026-07-30,2,0.46
L018551,2026-07-30,8,9.7
L018552,2026-07-30,3,1.12
L018553,2026-07-30,10,15.85
L018554,2026-07-30,2,0.46
L018555,2026-07-30,2,0.46
L018556,2026-07-30,2,0.46
L018557,2026-07-30,4,2.11
L018558,2026-07-30,6,5.15
L018559,2026-07-30,8,9.7
L018560,2026-07-30,1,0.1
L018561,2026-07-30,3,1.12
L018562,2026-07-30,1,0.1
L018563,2026-07-30,3,1.12
L018564,2026-07-30,2,0.46
L018565,2026-07-30,3,1.12
L018566,2026-07-30,1,0.1
L018567,2026-07-30,2,0.46
L018568,2026-07-30,7,7.23
L018569,2026-07-30,1,0.1
L018570,2026-07-30,1,0.1
L018571,2026-07-30,2,0.46
L018572,2026-07-30,5,3.45
L018573,2026-07-30,3,1.12
L018574,2026-07-30,3,1.12
L018575,2026-07-30,2,0.46
L018576,2026-07-30,2,0.46
L018577,2026-07-30,3,1.12
L018578,2026-07-30,1,0.1
L018579,2026-07-30,10,15.85
L018580,2026-07-30,4,2.11
L018581,2026-07-30,3,1.12
L018582,2026-07-30,3,1.12
L018583,2026-07-30,3,1.12
L018584,2026-07-30,3,1.12
L018585,2026-07-30,8,9.7
L018586,2026-07-30,3,1.12
L018587,2026-07-30,6,5.15
L018588,2026-07-30,2,0.46
L018589,2026-07-30,6,5.15
L018590,2026-07-30,3,1.12
L018591,2026-07-30,3,1.12
L018592,2026-07-30,1,0.1
L018593,2026-07-30,1,0.1
L018594,2026-07-30,2,0.46
L018595,2026-07-30,3,1.12
L018596,2026-07-30,1,0.1
L018597,2026-07-30,1,0.1
L018598,2026-07-30,3,1.12
L018599,2026-07-30,2,0.46
L018600,2026-07-30,2,0.46
L018601,2026-07-30,8,9.7
L018602,2026-07-30,4,2.11
L018603,2026-07-30,6,5.15
L018604,2026-07-30,4,2.11
L018605,2026-07-30,3,1.12
L018606,2026-07-30,7,7.23
L018607,2026-07-30,3,1.12
L018608,2026-07-30,1,0.1
L018609,2026-07-30,5,3.45
L018610,2026-07-30,4,2.11
L018611,2026-07-30,1,0.1
L018612,2026-07-30,2,0.46
L018613,2026-07-30,4,2.11
L018614,2026-07-30,4,2.11
L018615,2026-07-30,10,15.85
L018616,2026-07-30,1,0.1
L018617,2026-07-30,1,0.1
L018618,2026-07-30,3,1.12
L018619,2026-07-30,3,1.12
L018620,2026-07-30,1,0.1
L018621,2026-07-30,2,0.46
L018622,2026-07-30,2,0.46
L018623,2026-07-30,2,0.46
L018624,2026-07-30,1,0.1
L018625,2026-07-30,5,3.45
L018626,2026-07-30,2,0.46
L018627,2026-07-30,8,9.7
L018628,2026-07-30,2,0.46
L018629,2026-07-30,3,1.12
L018630,2026-07-30,1,0.1
L018631,2026-07-30,3,1.12
L018632,2026-07-30,9,12.57
L018633,2026-07-30,1,0.1
L018634,2026-07-30,3,1.12
L018635,2026-07-30,2,0.46
L018636,2026-07-30,2,0.46
L018637,2026-07-30,2,0.46
L018638,2026-07-30,7,7.23
L018639,2026-07-30,7,7.23
L018640,2026-07-30,8,9.7
L018641,2026-07-30,2,0.46
L018642,2026-07-30,2,0.46
L018643,2026-07-30,1,0.1
L018644,2026-07-30,2,0.46
L018645,2026-07-30,8,9.7
L018646,2026-07-30,1,0.1
L018647,2026-07-30,1,0.1
L018648,2026-07-30,2,0.46
L018649,2026-07-30,1,0.1
L018650,2026-07-30,2,0.46
L018651,2026-07-30,3,1.12
L018652,2026-07-30,5,3.45
L018653,2026-07-30,1,0.1
L018654,2026-07-30,4,2.11
L018655,2026-07-30,1,0.1
L018656,2026-07-30,3,1.12
L018657,2026-07-30,5,3.45
L018658,2026-07-30,7,7.23
L018659,2026-07-30,4,2.11
L018660,2026-07-30,1,0.1
L018661,2026-07-30,7,7.23
L018662,2026-07-30,1,0.1
L018663,2026-07-30,9,12.57
L018664,2026-07-30,4,2.11
L018665,2026-07-30,5,3.45
L018666,2026-07-30,10,15.85
L018667,2026-07-30,3,1.12
L018668,2026-07-30,3,1.12
L018669,2026-07-30,10,15.85
L018670,2026-07-30,2,0.46
L018671,2026-07-30,2,0.46
L018672,2026-07-30,1,0.1
L018673,2026-07-30,2,0.46
L018674,2026-07-30,3,1.12
L018675,2026-07-30,5,3.45
L018676,2026-07-30,2,0.46
L018677,2026-07-30,1,0.1
L018678,2026-07-30,9,12.57
L018679,2026-07-30,10,15.85
L018680,2026-07-30,3,1.12
L018681,2026-07-30,8,9.7
L018682,2026-07-30,1,0.1
L018683,2026-07-30,2,0.46
L018684,2026-07-30,1,0.1
L018685,2026-07-30,10,15.85
L018686,2026-07-30,7,7.23
L018687,2026-07-30,3,1.12
L018688,2026-07-30,1,0.1
L018689,2026-07-30,2,0.46
L018690,2026-07-30,3,1.12
L018691,2026-07-30,2,0.46
L018692,2026-07-30,2,0.46
L018693,2026-07-30,7,7.23
L018694,2026-07-30,6,5.15
L018695,2026-07-30,3,1.12
L018696,2026-07-30,2,0.46
L018697,2026-07-30,1,0.1
L018698,2026-07-30,9,12.57
L018699,2026-07-30,1,0.1
L018700,2026-07-30,2,0.46
L018701,2026-07-30,5,3.45
L018702,2026-07-30,1,0.1
L018703,2026-07-30,2,0.46
L018704,2026-07-30,1,0.1
L018705,2026-07-30,6,5.15
L018706,2026-07-30,1,0.1
L018707,2026-07-30,3,1.12
L018708,2026-07-30,3,1.12
L018709,2026-07-30,10,15.85
L018710,2026-07-30,7,7.23
L018711,2026-07-30,1,0.1
L018712,2026-07-30,1,0.1
L018713,2026-07-30,2,0.46
L018714,2026-07-30,3,1.12
L018715,2026-07-30,2,0.46
L018716,2026-07-30,1,0.1
L018717,2026-07-30,2,0.46
L018718,2026-07-30,7,7.23
L018719,2026-07-30,7,7.23
L018720,2026-07-30,1,0.1
L018721,2026-07-30,9,12.57
L018722,2026-07-30,1,0.1
L018723,2026-07-30,3,1.12
L018724,2026-07-30,3,1.12
L018725,2026-07-30,3,1.12
L018726,2026-07-30,3,1.12
L018727,2026-07-30,7,7.23
L018728,2026-07-30,2,0.46
L018729,2026-07-30,3,1.12
L018730,2026-07-30,2,0.46
L018731,2026-07-30,1,0.1
L018732,2026-07-30,1,0.1
L018733,2026-07-30,1,0.1
L018734,2026-07-30,1,0.1
L018735,2026-07-30,5,3.45
L018736,2026-07-30,1,0.1
L018737,2026-07-30,3,1.12
L018738,2026-07-30,3,1.12
L018739,2026-07-30,6,5.15
L018740,2026-07-30,2,0.46
L018741,2026-07-30,2,0.46
L018742,2026-07-30,4,2.11
L018743,2026-07-30,1,0.1
L018744,2026-07-30,7,7.23
L018745,2026-07-30,9,12.57
L018746,2026-07-30,3,1.12
L018747,2026-07-30,5,3.45
L018748,2026-07-30,8,9.7
L018749,2026-07-30,3,1.12
L018750,2026-07-30,3,1.12
L018751,2026-07-30,2,0.46
L018752,2026-07-30,2,0.46
L018753,2026-07-30,1,0.1
L018754,2026-07-30,1,0.1
L018755,2026-07-30,3,1.12
L018756,2026-07-30,3,1.12
L018757,2026-07-30,1,0.1
L018758,2026-07-30,7,7.23
L018759,2026-07-30,2,0.46
L018760,2026-07-30,2,0.46
L018761,2026-07-30,1,0.1
L018762,2026-07-30,1,0.1
L018763,2026-07-30,9,12.57
L018764,2026-07-30,1,0.1
L018765,2026-07-30,8,9.7
L018766,2026-07-30,1,0.1
L018767,2026-07-30,3,1.12
L018768,2026-07-30,2,0.46
L018769,2026-07-30,1,0.1
L018770,2026-07-30,7,7.23
L018771,2026-07-30,10,15.85
L018772,2026-07-30,7,7.23
L018773,2026-07-30,3,1.12
L018774,2026-07-30,2,0.46
L018775,2026-07-30,2,0.46
L018776,2026-07-30,3,1.12
L018777,2026-07-30,3,1.12
L018778,2026-07-30,3,1.12
L018779,2026-07-30,1,0.1
L018780,2026-07-30,7,7.23
L018781,2026-07-30,5,3.45
L018782,2026-07-30,1,0.1
L018783,2026-07-30,3,1.12
L018784,2026-07-30,1,0.1
L018785,2026-07-30,6,5.15
L018786,2026-07-30,3,1.12
L018787,2026-07-30,9,12.57
L018788,2026-07-30,10,15.85
L018789,2026-07-30,4,2.11
L018790,2026-07-30,3,1.12
L018791,2026-07-30,8,9.7
L018792,2026-07-30,2,0.46
L018793,2026-07-30,2,0.46
L018794,2026-07-30,5,3.45
L018795,2026-07-30,2,0.46
L018796,2026-07-30,10,15.85
L018797,2026-07-30,4,2.11
L018798,2026-07-30,2,0.46
L018799,2026-07-30,3,1.12
L018800,2026-07-30,2,0.46
L018801,2026-07-30,2,0.46
L018802,2026-07-30,2,0.46
L018803,2026-07-30,3,1.12
L018804,2026-07-30,1,0.1
L018805,2026-07-30,3,1.12
L018806,2026-07-30,10,15.85
L018807,2026-07-30,2,0.46
L018808,2026-07-30,1,0.1
L018809,2026-07-30,1,0.1
L018810,2026-07-30,3,1.12
L018811,2026-07-30,3,1.12
L018812,2026-07-30,3,1.12
L018813,2026-07-30,7,7.23
L018814,2026-07-30,2,0.46
L018815,2026-07-30,1,0.1
L018816,2026-07-30,2,0.46
L018817,2026-07-30,2,0.46
L018818,2026-07-30,2,0.46
L018819,2026-07-30,10,15.85
L018820,2026-07-30,1,0.1
L018821,2026-07-30,1,0.1
L018822,2026-07-30,3,1.12
L018823,2026-07-30,2,0.46
L018824,2026-07-30,2,0.46
L018825,2026-07-30,2,0.46
L018826,2026-07-30,2,0.46
L018827,2026-07-30,1,0.1
L018828,2026-07-30,10,15.85
L018829,2026-07-30,6,5.15
L018830,2026-07-30,9,12.57
L018831,2026-07-30,8,9.7
L018832,2026-07-30,3,1.12
L018833,2026-07-30,9,12.57
L018834,2026-07-30,9,12.57
L018835,2026-07-30,6,5.15
L018836,2026-07-30,2,0.46
L018837,2026-07-30,7,7.23
L018838,2026-07-30,1,0.1
L018839,2026-07-30,7,7.23
L018840,2026-07-30,3,1.12
L018841,2026-07-30,10,15.85
L018842,2026-07-30,7,7.23
L018843,2026-07-30,3,1.12
L018844,2026-07-30,3,1.12
L018845,2026-07-30,8,9.7
L018846,2026-07-30,1,0.1
L018847,2026-07-30,1,0.1
L018848,2026-07-30,8,9.7
L018849,2026-07-30,7,7.23
L018850,2026-07-30,3,1.12
L018851,2026-07-30,2,0.46
L018852,2026-07-30,2,0.46
L018853,2026-07-30,1,0.1
L018854,2026-07-30,3,1.12
L018855,2026-07-30,3,1.12
L018856,2026-07-30,3,1.12
L018857,2026-07-30,1,0.1
L018858,2026-07-30,2,0.46
L018859,2026-07-30,2,0.46
L018860,2026-07-30,3,1.12
L018861,2026-07-30,10,15.85
L018862,2026-07-30,8,9.7
L018863,2026-07-30,3,1.12
L018864,2026-07-30,1,0.1
L018865,2026-07-30,3,1.12
L018866,2026-07-30,3,1.12
L018867,2026-07-30,3,1.12
L018868,2026-07-30,1,0.1
L018869,2026-07-30,3,1.12
L018870,2026-07-30,7,7.23
L018871,2026-07-30,2,0.46
L018872,2026-07-30,9,12.57
L018873,2026-07-30,3,1.12
L018874,2026-07-30,1,0.1
L018875,2026-07-30,3,1.12
L018876,2026-07-30,7,7.23
L018877,2026-07-30,1,0.1
L018878,2026-07-30,1,0.1
L018879,2026-07-30,3,1.12
L018880,2026-07-30,3,1.12
L018881,2026-07-30,9,12.57
L018882,2026-07-30,9,12.57
L018883,2026-07-30,4,2.11
L018884,2026-07-30,8,9.7
L018885,2026-07-30,1,0.1
L018886,2026-07-30,8,9.7
L018887,2026-07-30,9,12.57
L018888,2026-07-30,2,0.46
L018889,2026-07-30,1,0.1
L018890,2026-07-30,1,0.1
L018891,2026-07-30,4,2.11
L018892,2026-07-30,1,0.1
L018893,2026-07-30,7,7.23
L018894,2026-07-30,1,0.1
L018895,2026-07-30,3,1.12
L018896,2026-07-30,3,1.12
L018897,2026-07-30,7,7.23
L018898,2026-07-30,1,0.1
L018899,2026-07-30,10,15.85
L018900,2026-07-30,3,1.12
L018901,2026-07-30,2,0.46
L018902,2026-07-30,6,5.15
L018903,2026-07-30,3,1.12
L018904,2026-07-30,1,0.1
L018905,2026-07-30,3,1.12
L018906,2026-07-30,3,1.12
L018907,2026-07-30,1,0.1
L018908,2026-07-30,4,2.11
L018909,2026-07-30,9,12.57
L018910,2026-07-30,7,7.23
L018911,2026-07-30,1,0.1
L018912,2026-07-30,8,9.7
L018913,2026-07-30,3,1.12
L018914,2026-07-30,1,0.1
L018915,2026-07-30,2,0.46
L018916,2026-07-30,5,3.45
L018917,2026-07-30,2,0.46
L018918,2026-07-30,9,12.57
L018919,2026-07-30,1,0.1
L018920,2026-07-30,1,0.1
L018921,2026-07-30,3,1.12
L018922,2026-07-30,3,1.12
L018923,2026-07-30,1,0.1
L018924,2026-07-30,1,0.1
L018925,2026-07-30,6,5.15
L018926,2026-07-30,9,12.57
L018927,2026-07-30,1,0.1
L018928,2026-07-30,7,7.23
L018929,2026-07-30,3,1.12
L018930,2026-07-30,2,0.46
L018931,2026-07-30,1,0.1
L018932,2026-07-30,6,5.15
L018933,2026-07-30,1,0.1
L018934,2026-07-30,3,1.12
L018935,2026-07-30,5,3.45
L018936,2026-07-30,3,1.12
L018937,2026-07-30,7,7.23
L018938,2026-07-30,2,0.46
L018939,2026-07-30,2,0.46
L018940,2026-07-30,1,0.1
L018941,2026-07-30,3,1.12
L018942,2026-07-30,1,0.1
L018943,2026-07-30,9,12.57
L018944,2026-07-30,10,15.85
L018945,2026-07-30,2,0.46
L018946,2026-07-30,9,12.57
L018947,2026-07-30,10,15.85
L018948,2026-07-30,1,0.1
L018949,2026-07-30,8,9.7
L018950,2026-07-30,8,9.7
L018951,2026-07-30,10,15.85
L018952,2026-07-30,2,0.46
L018953,2026-07-30,9,12.57
L018954,2026-07-30,2,0.46
L018955,2026-07-30,1,0.1
L018956,2026-07-30,1,0.1
L018957,2026-07-30,1,0.1
L018958,2026-07-30,7,7.23
L018959,2026-07-30,2,0.46
L018960,2026-07-30,8,9.7
L018961,2026-07-30,9,12.57
L018962,2026-07-30,1,0.1
L018963,2026-07-30,7,7.23
L018964,2026-07-30,3,1.12
L018965,2026-07-30,3,1.12
L018966,2026-07-30,1,0.1
L018967,2026-07-30,1,0.1
L018968,2026-07-30,1,0.1
L018969,2026-07-30,3,1.12
L018970,2026-07-30,2,0.46
L018971,2026-07-30,2,0.46
L018972,2026-07-30,1,0.1
L018973,2026-07-30,1,0.1
L018974,2026-07-30,2,0.46
L018975,2026-07-30,8,9.7
L018976,2026-07-30,2,0.46
L018977,2026-07-30,4,2.11
L018978,2026-07-30,2,0.46
L018979,2026-07-30,2,0.46
L018980,2026-07-30,3,1.12
L018981,2026-07-30,3,1.12
L018982,2026-07-30,2,0.46
L018983,2026-07-30,2,0.46
L018984,2026-07-30,3,1.12
L018985,2026-07-30,5,3.45
L018986,2026-07-30,1,0.1
L018987,2026-07-30,2,0.46
L018988,2026-07-30,1,0.1
L018989,2026-07-30,6,5.15
L018990,2026-07-30,3,1.12
L018991,2026-07-30,2,0.46
L018992,2026-07-30,3,1.12
L018993,2026-07-30,2,0.46
L018994,2026-07-30,3,1.12
L018995,2026-07-30,2,0.46
L018996,2026-07-30,2,0.46
L018997,2026-07-30,6,5.15
L018998,2026-07-30,3,1.12
L018999,2026-07-30,1,0.1
L019000,2026-07-30,1,0.1
L019001,2026-07-30,2,0.46
L019002,2026-07-30,3,1.12
L019003,2026-07-30,6,5.15
L019004,2026-07-30,2,0.46
L019005,2026-07-30,5,3.45
L019006,2026-07-30,1,0.1
L019007,2026-07-30,3,1.12
L019008,2026-07-30,4,2.11
L019009,2026-07-30,3,1.12
L019010,2026-07-30,4,2.11
L019011,2026-07-30,5,3.45
L019012,2026-07-30,4,2.11
L019013,2026-07-30,3,1.12
L019014,2026-07-30,2,0.46
L019015,2026-07-30,6,5.15
L019016,2026-07-30,2,0.46
L019017,2026-07-30,3,1.12
L019018,2026-07-30,3,1.12
L019019,2026-07-30,3,1.12
L019020,2026-07-30,1,0.1
L019021,2026-07-30,4,2.11
L019022,2026-07-30,2,0.46
L019023,2026-07-30,1,0.1
L019024,2026-07-30,7,7.23
L019025,2026-07-30,2,0.46
L019026,2026-07-30,3,1.12
L019027,2026-07-30,3,1.12
L019028,2026-07-30,1,0.1
L019029,2026-07-30,3,1.12
L019030,2026-07-30,3,1.12
L019031,2026-07-30,2,0.46
L019032,2026-07-30,7,7.23
L019033,2026-07-30,2,0.46
L019034,2026-07-30,2,0.46
L019035,2026-07-30,4,2.11
L019036,2026-07-30,2,0.46
L019037,2026-07-30,2,0.46
L019038,2026-07-30,2,0.46
L019039,2026-07-30,5,3.45
L019040,2026-07-30,4,2.11
L019041,2026-07-30,7,7.23
L019042,2026-07-30,5,3.45
L019043,2026-07-30,1,0.1
L019044,2026-07-30,3,1.12
L019045,2026-07-30,5,3.45
L019046,2026-07-30,3,1.12
L019047,2026-07-30,3,1.12
L019048,2026-07-30,3,1.12
L019049,2026-07-30,9,12.57
L019050,2026-07-30,2,0.46
L019051,2026-07-30,1,0.1
L019052,2026-07-30,8,9.7
L019053,2026-07-30,5,3.45
L019054,2026-07-30,3,1.12
L019055,2026-07-30,3,1.12
L019056,2026-07-30,1,0.1
L019057,2026-07-30,1,0.1
L019058,2026-07-30,9,12.57
L019059,2026-07-30,2,0.46
L019060,2026-07-30,1,0.1
L019061,2026-07-30,4,2.11
L019062,2026-07-30,2,0.46
L019063,2026-07-30,1,0.1
L019064,2026-07-30,3,1.12
L019065,2026-07-30,6,5.15
L019066,2026-07-30,2,0.46
L019067,2026-07-30,3,1.12
L019068,2026-07-30,2,0.46
L019069,2026-07-30,7,7.23
L019070,2026-07-30,1,0.1
L019071,2026-07-30,2,0.46
L019072,2026-07-30,6,5.15
L019073,2026-07-30,6,5.15
L019074,2026-07-30,1,0.1
L019075,2026-07-30,2,0.46
L019076,2026-07-30,1,0.1
L019077,2026-07-30,1,0.1
L019078,2026-07-30,7,7.23
L019079,2026-07-30,4,2.11
L019080,2026-07-30,8,9.7
L019081,2026-07-30,3,1.12
L019082,2026-07-30,4,2.11
L019083,2026-07-30,2,0.46
L019084,2026-07-30,2,0.46
L019085,2026-07-30,3,1.12
L019086,2026-07-30,1,0.1
L019087,2026-07-30,2,0.46
L019088,2026-07-30,1,0.1
L019089,2026-07-30,8,9.7
L019090,2026-07-30,10,15.85
L019091,2026-07-30,6,5.15
L019092,2026-07-30,8,9.7
L019093,2026-07-30,3,1.12
L019094,2026-07-30,8,9.7
L019095,2026-07-30,3,1.12
L019096,2026-07-30,1,0.1
L019097,2026-07-30,2,0.46
L019098,2026-07-30,1,0.1
L019099,2026-07-30,3,1.12
L019100,2026-07-30,2,0.46
L019101,2026-07-30,1,0.1
L019102,2026-07-30,10,15.85
L019103,2026-07-30,2,0.46
L019104,2026-07-30,3,1.12
L019105,2026-07-30,3,1.12
L019106,2026-07-30,2,0.46
L019107,2026-07-30,1,0.1
L019108,2026-07-30,8,9.7
L019109,2026-07-30,5,3.45
L019110,2026-07-30,2,0.46
L019111,2026-07-30,1,0.1
L019112,2026-07-30,3,1.12
L019113,2026-07-30,1,0.1
L019114,2026-07-30,1,0.1
L019115,2026-07-30,2,0.46
L019116,2026-07-30,2,0.46
L019117,2026-07-30,3,1.12
L019118,2026-07-30,2,0.46
L019119,2026-07-30,6,5.15
L019120,2026-07-30,1,0.1
L019121,2026-07-30,8,9.7
L019122,2026-07-30,2,0.46
L019123,2026-07-30,1,0.1
L019124,2026-07-30,3,1.12
L019125,2026-07-30,10,15.85
L019126,2026-07-30,1,0.1
L019127,2026-07-30,1,0.1
L019128,2026-07-30,2,0.46
L019129,2026-07-30,3,1.12
L019130,2026-07-30,6,5.15
L019131,2026-07-30,3,1.12
L019132,2026-07-30,10,15.85
L019133,2026-07-30,3,1.12
L019134,2026-07-30,3,1.12
L019135,2026-07-30,3,1.12
L019136,2026-07-30,3,1.12
L019137,2026-07-30,2,0.46
L019138,2026-07-30,2,0.46
L019139,2026-07-30,1,0.1
L019140,2026-07-30,3,1.12
L019141,2026-07-30,3,1.12
L019142,2026-07-30,8,9.7
L019143,2026-07-30,1,0.1
L019144,2026-07-30,9,12.57
L019145,2026-07-30,1,0.1
L019146,2026-07-30,1,0.1
L019147,2026-07-30,7,7.23
L019148,2026-07-30,10,15.85
L019149,2026-07-30,1,0.1
L019150,2026-07-30,5,3.45
L019151,2026-07-30,10,15.85
L019152,2026-07-30,2,0.46
L019153,2026-07-30,3,1.12
L019154,2026-07-30,7,7.23
L019155,2026-07-30,2,0.46
L019156,2026-07-30,2,0.46
L019157,2026-07-30,2,0.46
L019158,2026-07-30,7,7.23
L019159,2026-07-30,3,1.12
L019160,2026-07-30,10,15.85
L019161,2026-07-30,2,0.46
L019162,2026-07-30,6,5.15
L019163,2026-07-30,9,12.57
L019164,2026-07-30,3,1.12
L019165,2026-07-30,3,1.12
L019166,2026-07-30,4,2.11
L019167,2026-07-30,2,0.46
L019168,2026-07-30,1,0.1
L019169,2026-07-30,5,3.45
L019170,2026-07-30,9,12.57
L019171,2026-07-30,2,0.46
L019172,2026-07-30,2,0.46
L019173,2026-07-30,2,0.46
L019174,2026-07-30,2,0.46
L019175,2026-07-30,2,0.46
L019176,2026-07-30,9,12.57
L019177,2026-07-30,2,0.46
L019178,2026-07-30,5,3.45
L019179,2026-07-30,10,15.85
L019180,2026-07-30,7,7.23
L019181,2026-07-30,5,3.45
L019182,2026-07-30,2,0.46
L019183,2026-07-30,3,1.12
L019184,2026-07-30,2,0.46
L019185,2026-07-30,2,0.46
L019186,2026-07-30,3,1.12
L019187,2026-07-30,1,0.1
L019188,2026-07-30,2,0.46
L019189,2026-07-30,1,0.1
L019190,2026-07-30,2,0.46
L019191,2026-07-30,2,0.46
L019192,2026-07-30,3,1.12
L019193,2026-07-30,2,0.46
L019194,2026-07-30,1,0.1
L019195,2026-07-30,1,0.1
L019196,2026-07-30,1,0.1
L019197,2026-07-30,2,0.46
L019198,2026-07-30,7,7.23
L019199,2026-07-30,2,0.46
L019200,2026-07-30,10,15.85
L019201,2026-07-30,4,2.11
L019202,2026-07-30,2,0.46
L019203,2026-07-30,3,1.12
L019204,2026-07-30,2,0.46
L019205,2026-07-30,7,7.23
L019206,2026-07-30,1,0.1
L019207,2026-07-30,3,1.12
L019208,2026-07-30,1,0.1
L019209,2026-07-30,4,2.11
L019210,2026-07-30,7,7.23
L019211,2026-07-30,1,0.1
L019212,2026-07-30,2,0.46
L019213,2026-07-30,3,1.12
L019214,2026-07-30,7,7.23
L019215,2026-07-30,1,0.1
L019216,2026-07-30,3,1.12
L019217,2026-07-30,1,0.1
L019218,2026-07-30,2,0.46
L019219,2026-07-30,1,0.1
L019220,2026-07-30,3,1.12
L019221,2026-07-30,1,0.1
L019222,2026-07-30,3,1.12
L019223,2026-07-30,6,5.15
L019224,2026-07-30,9,12.57
L019225,2026-07-30,9,12.57
L019226,2026-07-30,1,0.1
L019227,2026-07-30,2,0.46
L019228,2026-07-30,3,1.12
L019229,2026-07-30,2,0.46
L019230,2026-07-30,3,1.12
L019231,2026-07-30,10,15.85
L019232,2026-07-30,1,0.1
L019233,2026-07-30,10,15.85
L019234,2026-07-30,2,0.46
L019235,2026-07-30,6,5.15
L019236,2026-07-30,2,0.46
L019237,2026-07-30,3,1.12
L019238,2026-07-30,2,0.46
L019239,2026-07-30,1,0.1
L019240,2026-07-30,2,0.46
L019241,2026-07-30,3,1.12
L019242,2026-07-30,1,0.1
L019243,2026-07-30,8,9.7
L019244,2026-07-30,1,0.1
L019245,2026-07-30,3,1.12
L019246,2026-07-30,8,9.7
L019247,2026-07-30,3,1.12
L019248,2026-07-30,3,1.12
L019249,2026-07-30,3,1.12
L019250,2026-07-30,1,0.1
L019251,2026-07-30,6,5.15
L019252,2026-07-30,2,0.46
L019253,2026-07-30,3,1.12
L019254,2026-07-30,3,1.12
L019255,2026-07-30,8,9.7
L019256,2026-07-30,2,0.46
L019257,2026-07-30,1,0.1
L019258,2026-07-30,1,0.1
L019259,2026-07-30,5,3.45
L019260,2026-07-30,3,1.12
L019261,2026-07-30,1,0.1
L019262,2026-07-30,1,0.1
L019263,2026-07-30,8,9.7
L019264,2026-07-30,1,0.1
L019265,2026-07-30,2,0.46
L019266,2026-07-30,4,2.11
L019267,2026-07-30,1,0.1
L019268,2026-07-30,3,1.12
L019269,2026-07-30,8,9.7
L019270,2026-07-30,1,0.1
L019271,2026-07-30,2,0.46
L019272,2026-07-30,2,0.46
L019273,2026-07-30,3,1.12
L019274,2026-07-30,2,0.46
L019275,2026-07-30,7,7.23
L019276,2026-07-30,5,3.45
L019277,2026-07-30,3,1.12
L019278,2026-07-30,4,2.11
L019279,2026-07-30,7,7.23
L019280,2026-07-30,2,0.46
L019281,2026-07-30,1,0.1
L019282,2026-07-30,1,0.1
L019283,2026-07-30,1,0.1
L019284,2026-07-30,4,2.11
L019285,2026-07-30,3,1.12
L019286,2026-07-30,1,0.1
L019287,2026-07-30,1,0.1
L019288,2026-07-30,2,0.46
L019289,2026-07-30,7,7.23
L019290,2026-07-30,2,0.46
L019291,2026-07-30,2,0.46
L019292,2026-07-30,3,1.12
L019293,2026-07-30,6,5.15
L019294,2026-07-30,1,0.1
L019295,2026-07-30,3,1.12
L019296,2026-07-30,2,0.46
L019297,2026-07-30,1,0.1
L019298,2026-07-30,2,0.46
L019299,2026-07-30,3,1.12
L019300,2026-07-30,5,3.45
L019301,2026-07-30,7,7.23
L019302,2026-07-30,9,12.57
L019303,2026-07-30,10,15.85
L019304,2026-07-30,3,1.12
L019305,2026-07-30,3,1.12
L019306,2026-07-30,2,0.46
L019307,2026-07-30,6,5.15
L019308,2026-07-30,8,9.7
L019309,2026-07-30,10,15.85
L019310,2026-07-30,9,12.57
L019311,2026-07-30,7,7.23
L019312,2026-07-30,10,15.85
L019313,2026-07-30,3,1.12
L019314,2026-07-30,6,5.15
L019315,2026-07-30,2,0.46
L019316,2026-07-30,2,0.46
L019317,2026-07-30,2,0.46
L019318,2026-07-30,1,0.1
L019319,2026-07-30,9,12.57
L019320,2026-07-30,8,9.7
L019321,2026-07-30,5,3.45
L019322,2026-07-30,3,1.12
L019323,2026-07-30,3,1.12
L019324,2026-07-30,2,0.46
L019325,2026-07-30,3,1.12
L019326,2026-07-30,10,15.85
L019327,2026-07-30,2,0.46
L019328,2026-07-30,3,1.12
L019329,2026-07-30,1,0.1
L019330,2026-07-30,2,0.46
L019331,2026-07-30,3,1.12
L019332,2026-07-30,2,0.46
L019333,2026-07-30,10,15.85
L019334,2026-07-30,2,0.46
L019335,2026-07-30,8,9.7
L019336,2026-07-30,7,7.23
L019337,2026-07-30,1,0.1
L019338,2026-07-30,1,0.1
L019339,2026-07-30,5,3.45
L019340,2026-07-30,2,0.46
L019341,2026-07-30,1,0.1
L019342,2026-07-30,5,3.45
L019343,2026-07-30,2,0.46
L019344,2026-07-30,1,0.1
L019345,2026-07-30,1,0.1
L019346,2026-07-30,1,0.1
L019347,2026-07-30,3,1.12
L019348,2026-07-30,2,0.46
L019349,2026-07-30,2,0.46
L019350,2026-07-30,7,7.23
L019351,2026-07-30,1,0.1
L019352,2026-07-30,3,1.12
L019353,2026-07-30,3,1.12
L019354,2026-07-30,4,2.11
L019355,2026-07-30,4,2.11
L019356,2026-07-30,2,0.46
L019357,2026-07-30,2,0.46
L019358,2026-07-30,7,7.23
L019359,2026-07-30,1,0.1
L019360,2026-07-30,3,1.12
L019361,2026-07-30,4,2.11
L019362,2026-07-30,2,0.46
L019363,2026-07-30,2,0.46
L019364,2026-07-30,3,1.12
L019365,2026-07-30,3,1.12
L019366,2026-07-30,6,5.15
L019367,2026-07-30,2,0.46
L019368,2026-07-30,1,0.1
L019369,2026-07-30,7,7.23
L019370,2026-07-30,1,0.1
L019371,2026-07-30,8,9.7
L019372,2026-07-30,2,0.46
L019373,2026-07-30,3,1.12
L019374,2026-07-30,6,5.15
L019375,2026-07-30,2,0.46
L019376,2026-07-30,3,1.12
L019377,2026-07-30,3,1.12
L019378,2026-07-30,2,0.46
L019379,2026-07-30,2,0.46
L019380,2026-07-30,1,0.1
L019381,2026-07-30,2,0.46
L019382,2026-07-30,3,1.12
L019383,2026-07-30,7,7.23
L019384,2026-07-30,2,0.46
L019385,2026-07-30,4,2.11
L019386,2026-07-30,7,7.23
L019387,2026-07-30,2,0.46
L019388,2026-07-30,2,0.46
L019389,2026-07-30,1,0.1
L019390,2026-07-30,10,15.85
L019391,2026-07-30,6,5.15
L019392,2026-07-30,3,1.12
L019393,2026-07-30,1,0.1
L019394,2026-07-30,5,3.45
L019395,2026-07-30,3,1.12
L019396,2026-07-30,9,12.57
L019397,2026-07-30,3,1.12
L019398,2026-07-30,2,0.46
L019399,2026-07-30,1,0.1
L019400,2026-07-30,5,3.45
L019401,2026-07-30,4,2.11
L019402,2026-07-30,1,0.1
L019403,2026-07-30,2,0.46
L019404,2026-07-30,3,1.12
L019405,2026-07-30,3,1.12
L019406,2026-07-30,3,1.12
L019407,2026-07-30,1,0.1
L019408,2026-07-30,3,1.12
L019409,2026-07-30,1,0.1
L019410,2026-07-30,2,0.46
L019411,2026-07-30,6,5.15
L019412,2026-07-30,1,0.1
L019413,2026-07-30,5,3.45
L019414,2026-07-30,3,1.12
L019415,2026-07-30,9,12.57
L019416,2026-07-30,1,0.1
L019417,2026-07-30,3,1.12
L019418,2026-07-30,8,9.7
L019419,2026-07-30,3,1.12
L019420,2026-07-30,1,0.1
L019421,2026-07-30,9,12.57
L019422,2026-07-30,3,1.12
L019423,2026-07-30,3,1.12
L019424,2026-07-30,3,1.12
L019425,2026-07-30,1,0.1
L019426,2026-07-30,1,0.1
L019427,2026-07-30,9,12.57
L019428,2026-07-30,2,0.46
L019429,2026-07-30,1,0.1
L019430,2026-07-30,9,12.57
L019431,2026-07-30,1,0.1
L019432,2026-07-30,1,0.1
L019433,2026-07-30,7,7.23
L019434,2026-07-30,10,15.85
L019435,2026-07-30,2,0.46
L019436,2026-07-30,3,1.12
L019437,2026-07-30,8,9.7
L019438,2026-07-30,8,9.7
L019439,2026-07-30,7,7.23
L019440,2026-07-30,2,0.46
L019441,2026-07-30,4,2.11
L019442,2026-07-30,1,0.1
L019443,2026-07-30,2,0.46
L019444,2026-07-30,2,0.46
L019445,2026-07-30,6,5.15
L019446,2026-07-30,1,0.1
L019447,2026-07-30,1,0.1
L019448,2026-07-30,6,5.15
L019449,2026-07-30,1,0.1
L019450,2026-07-30,4,2.11
L019451,2026-07-30,8,9.7
L019452,2026-07-30,10,15.85
L019453,2026-07-30,3,1.12
L019454,2026-07-30,3,1.12
L019455,2026-07-30,4,2.11
L019456,2026-07-30,1,0.1
L019457,2026-07-30,3,1.12
L019458,2026-07-30,10,15.85
L019459,2026-07-30,3,1.12
L019460,2026-07-30,8,9.7
L019461,2026-07-30,2,0.46
L019462,2026-07-30,5,3.45
L019463,2026-07-30,7,7.23
L019464,2026-07-30,3,1.12
L019465,2026-07-30,2,0.46
L019466,2026-07-30,1,0.1
L019467,2026-07-30,2,0.46
L019468,2026-07-30,1,0.1
L019469,2026-07-30,10,15.85
L019470,2026-07-30,2,0.46
L019471,2026-07-30,7,7.23
L019472,2026-07-30,2,0.46
L019473,2026-07-30,3,1.12
L019474,2026-07-30,3,1.12
L019475,2026-07-30,5,3.45
L019476,2026-07-30,5,3.45
L019477,2026-07-30,2,0.46
L019478,2026-07-30,3,1.12
L019479,2026-07-30,2,0.46
L019480,2026-07-30,3,1.12
L019481,2026-07-30,4,2.11
L019482,2026-07-30,1,0.1
L019483,2026-07-30,1,0.1
L019484,2026-07-30,2,0.46
L019485,2026-07-30,1,0.1
L019486,2026-07-30,3,1.12
L019487,2026-07-30,2,0.46
L019488,2026-07-30,2,0.46
L019489,2026-07-30,3,1.12
L019490,2026-07-30,1,0.1
L019491,2026-07-30,1,0.1
L019492,2026-07-30,3,1.12
L019493,2026-07-30,2,0.46
L019494,2026-07-30,7,7.23
L019495,2026-07-30,7,7.23
L019496,2026-07-30,1,0.1
L019497,2026-07-30,7,7.23
L019498,2026-07-30,9,12.57
L019499,2026-07-30,1,0.1
L019500,2026-07-30,3,1.12
L019501,2026-07-30,3,1.12
L019502,2026-07-30,1,0.1
L019503,2026-07-30,3,1.12
L019504,2026-07-30,10,15.85
L019505,2026-07-30,3,1.12
L019506,2026-07-30,7,7.23
L019507,2026-07-30,9,12.57
L019508,2026-07-30,3,1.12
L019509,2026-07-30,1,0.1
L019510,2026-07-30,1,0.1
L019511,2026-07-30,2,0.46
L019512,2026-07-30,3,1.12
L019513,2026-07-30,1,0.1
L019514,2026-07-30,5,3.45
L019515,2026-07-30,2,0.46
L019516,2026-07-30,4,2.11
L019517,2026-07-30,2,0.46
L019518,2026-07-30,3,1.12
L019519,2026-07-30,2,0.46
L019520,2026-07-30,5,3.45
L019521,2026-07-30,1,0.1
L019522,2026-07-30,3,1.12
L019523,2026-07-30,3,1.12
L019524,2026-07-30,3,1.12
L019525,2026-07-30,1,0.1
L019526,2026-07-30,3,1.12
L019527,2026-07-30,1,0.1
L019528,2026-07-30,2,0.46
L019529,2026-07-30,5,3.45
L019530,2026-07-30,2,0.46
L019531,2026-07-30,10,15.85
L019532,2026-07-30,1,0.1
L019533,2026-07-30,1,0.1
L019534,2026-07-30,1,0.1
L019535,2026-07-30,3,1.12
L019536,2026-07-30,1,0.1
L019537,2026-07-30,3,1.12
L019538,2026-07-30,2,0.46
L019539,2026-07-30,1,0.1
L019540,2026-07-30,7,7.23
L019541,2026-07-30,10,15.85
L019542,2026-07-30,10,15.85
L019543,2026-07-30,3,1.12
L019544,2026-07-30,3,1.12
L019545,2026-07-30,5,3.45
L019546,2026-07-30,9,12.57
L019547,2026-07-30,3,1.12
L019548,2026-07-30,3,1.12
L019549,2026-07-30,5,3.45
L019550,2026-07-30,3,1.12
L019551,2026-07-30,10,15.85
L019552,2026-07-30,3,1.12
L019553,2026-07-30,1,0.1
L019554,2026-07-30,2,0.46
L019555,2026-07-30,4,2.11
L019556,2026-07-30,3,1.12
L019557,2026-07-30,3,1.12
L019558,2026-07-30,1,0.1
L019559,2026-07-30,5,3.45
L019560,2026-07-30,6,5.15
L019561,2026-07-30,3,1.12
L019562,2026-07-30,1,0.1
L019563,2026-07-30,3,1.12
L019564,2026-07-30,2,0.46
L019565,2026-07-30,1,0.1
L019566,2026-07-30,5,3.45
L019567,2026-07-30,2,0.46
L019568,2026-07-30,2,0.46
L019569,2026-07-30,2,0.46
L019570,2026-07-30,3,1.12
L019571,2026-07-30,2,0.46
L019572,2026-07-30,9,12.57
L019573,2026-07-30,1,0.1
L019574,2026-07-30,2,0.46
L019575,2026-07-30,7,7.23
L019576,2026-07-30,2,0.46
L019577,2026-07-30,3,1.12
L019578,2026-07-30,3,1.12
L019579,2026-07-30,1,0.1
L019580,2026-07-30,1,0.1
L019581,2026-07-30,2,0.46
L019582,2026-07-30,1,0.1
L019583,2026-07-30,7,7.23
L019584,2026-07-30,5,3.45
L019585,2026-07-30,10,15.85
L019586,2026-07-30,2,0.46
L019587,2026-07-30,8,9.7
L019588,2026-07-30,4,2.11
L019589,2026-07-30,2,0.46
L019590,2026-07-30,2,0.46
L019591,2026-07-30,2,0.46
L019592,2026-07-30,3,1.12
L019593,2026-07-30,3,1.12
L019594,2026-07-30,1,0.1
L019595,2026-07-30,3,1.12
L019596,2026-07-30,5,3.45
L019597,2026-07-30,3,1.12
L019598,2026-07-30,1,0.1
L019599,2026-07-30,7,7.23
L019600,2026-07-30,2,0.46
L019601,2026-07-30,4,2.11
L019602,2026-07-30,3,1.12
L019603,2026-07-30,2,0.46
L019604,2026-07-30,1,0.1
L019605,2026-07-30,3,1.12
L019606,2026-07-30,3,1.12
L019607,2026-07-30,2,0.46
L019608,2026-07-30,1,0.1
L019609,2026-07-30,3,1.12
L019610,2026-07-30,3,1.12
L019611,2026-07-30,3,1.12
L019612,2026-07-30,2,0.46
L019613,2026-07-30,4,2.11
L019614,2026-07-30,3,1.12
L019615,2026-07-30,1,0.1
L019616,2026-07-30,1,0.1
L019617,2026-07-30,4,2.11
L019618,2026-07-30,2,0.46
L019619,2026-07-30,10,15.85
L019620,2026-07-30,2,0.46
L019621,2026-07-30,3,1.12
L019622,2026-07-30,8,9.7
L019623,2026-07-30,1,0.1
L019624,2026-07-30,1,0.1
L019625,2026-07-30,2,0.46
L019626,2026-07-30,6,5.15
L019627,2026-07-30,2,0.46
L019628,2026-07-30,1,0.1
L019629,2026-07-30,3,1.12
L019630,2026-07-30,8,9.7
L019631,2026-07-30,2,0.46
L019632,2026-07-30,1,0.1
L019633,2026-07-30,2,0.46
L019634,2026-07-30,10,15.85
L019635,2026-07-30,3,1.12
L019636,2026-07-30,1,0.1
L019637,2026-07-30,2,0.46
L019638,2026-07-30,6,5.15
L019639,2026-07-30,1,0.1
L019640,2026-07-30,1,0.1
L019641,2026-07-30,3,1.12
L019642,2026-07-30,3,1.12
L019643,2026-07-30,3,1.12
L019644,2026-07-30,1,0.1
L019645,2026-07-30,3,1.12
L019646,2026-07-30,1,0.1
L019647,2026-07-30,2,0.46
L019648,2026-07-30,7,7.23
L019649,2026-07-30,1,0.1
L019650,2026-07-30,6,5.15
L019651,2026-07-30,2,0.46
L019652,2026-07-30,1,0.1
L019653,2026-07-30,3,1.12
L019654,2026-07-30,8,9.7
L019655,2026-07-30,5,3.45
L019656,2026-07-30,2,0.46
L019657,2026-07-30,2,0.46
L019658,2026-07-30,3,1.12
L019659,2026-07-30,2,0.46
L019660,2026-07-30,3,1.12
L019661,2026-07-30,3,1.12
L019662,2026-07-30,3,1.12
L019663,2026-07-30,1,0.1
L019664,2026-07-30,2,0.46
L019665,2026-07-30,1,0.1
L019666,2026-07-30,1,0.1
L019667,2026-07-30,6,5.15
L019668,2026-07-30,1,0.1
L019669,2026-07-30,10,15.85
L019670,2026-07-30,2,0.46
L019671,2026-07-30,7,7.23
L019672,2026-07-30,1,0.1
L019673,2026-07-30,1,0.1
L019674,2026-07-30,1,0.1
L019675,2026-07-30,2,0.46
L019676,2026-07-30,2,0.46
L019677,2026-07-30,2,0.46
L019678,2026-07-30,1,0.1
L019679,2026-07-30,5,3.45
L019680,2026-07-30,9,12.57
L019681,2026-07-30,2,0.46
L019682,2026-07-30,1,0.1
L019683,2026-07-30,1,0.1
L019684,2026-07-30,3,1.12
L019685,2026-07-30,10,15.85
L019686,2026-07-30,3,1.12
L019687,2026-07-30,4,2.11
L019688,2026-07-30,10,15.85
L019689,2026-07-30,3,1.12
L019690,2026-07-30,6,5.15
L019691,2026-07-30,3,1.12
L019692,2026-07-30,3,1.12
L019693,2026-07-30,5,3.45
L019694,2026-07-30,3,1.12
L019695,2026-07-30,3,1.12
L019696,2026-07-30,2,0.46
L019697,2026-07-30,1,0.1
L019698,2026-07-30,1,0.1
L019699,2026-07-30,2,0.46
L019700,2026-07-30,1,0.1
L019701,2026-07-30,1,0.1
L019702,2026-07-30,4,2.11
L019703,2026-07-30,6,5.15
L019704,2026-07-30,5,3.45
L019705,2026-07-30,2,0.46
L019706,2026-07-30,2,0.46
L019707,2026-07-30,10,15.85
L019708,2026-07-30,2,0.46
L019709,2026-07-30,3,1.12
L019710,2026-07-30,3,1.12
L019711,2026-07-30,1,0.1
L019712,2026-07-30,2,0.46
L019713,2026-07-30,1,0.1
L019714,2026-07-30,3,1.12
L019715,2026-07-30,10,15.85
L019716,2026-07-30,5,3.45
L019717,2026-07-30,3,1.12
L019718,2026-07-30,6,5.15
L019719,2026-07-30,2,0.46
L019720,2026-07-30,7,7.23
L019721,2026-07-30,3,1.12
L019722,2026-07-30,1,0.1
L019723,2026-07-30,3,1.12
L019724,2026-07-30,6,5.15
L019725,2026-07-30,4,2.11
L019726,2026-07-30,9,12.57
L019727,2026-07-30,2,0.46
L019728,2026-07-30,9,12.57
L019729,2026-07-30,1,0.1
L019730,2026-07-30,2,0.46
L019731,2026-07-30,2,0.46
L019732,2026-07-30,1,0.1
L019733,2026-07-30,9,12.57
L019734,2026-07-30,1,0.1
L019735,2026-07-30,3,1.12
L019736,2026-07-30,9,12.57
L019737,2026-07-30,2,0.46
L019738,2026-07-30,4,2.11
L019739,2026-07-30,3,1.12
L019740,2026-07-30,2,0.46
L019741,2026-07-30,7,7.23
L019742,2026-07-30,5,3.45
L019743,2026-07-30,3,1.12
L019744,2026-07-30,9,12.57
L019745,2026-07-30,2,0.46
L019746,2026-07-30,2,0.46
L019747,2026-07-30,6,5.15
L019748,2026-07-30,6,5.15
L019749,2026-07-30,6,5.15
L019750,2026-07-30,2,0.46
L019751,2026-07-30,1,0.1
L019752,2026-07-30,10,15.85
L019753,2026-07-30,2,0.46
L019754,2026-07-30,3,1.12
L019755,2026-07-30,7,7.23
L019756,2026-07-30,3,1.12
L019757,2026-07-30,3,1.12
L019758,2026-07-30,2,0.46
L019759,2026-07-30,8,9.7
L019760,2026-07-30,1,0.1
L019761,2026-07-30,1,0.1
L019762,2026-07-30,3,1.12
L019763,2026-07-30,1,0.1
L019764,2026-07-30,10,15.85
L019765,2026-07-30,2,0.46
L019766,2026-07-30,1,0.1
L019767,2026-07-30,3,1.12
L019768,2026-07-30,2,0.46
L019769,2026-07-30,6,5.15
L019770,2026-07-30,3,1.12
L019771,2026-07-30,3,1.12
L019772,2026-07-30,1,0.1
L019773,2026-07-30,8,9.7
L019774,2026-07-30,2,0.46
L019775,2026-07-30,6,5.15
L019776,2026-07-30,9,12.57
L019777,2026-07-30,2,0.46
L019778,2026-07-30,1,0.1
L019779,2026-07-30,1,0.1
L019780,2026-07-30,1,0.1
L019781,2026-07-30,1,0.1
L019782,2026-07-30,1,0.1
L019783,2026-07-30,2,0.46
L019784,2026-07-30,2,0.46
L019785,2026-07-30,7,7.23
L019786,2026-07-30,2,0.46
L019787,2026-07-30,3,1.12
L019788,2026-07-30,3,1.12
L019789,2026-07-30,1,0.1
L019790,2026-07-30,1,0.1
L019791,2026-07-30,7,7.23
L019792,2026-07-30,2,0.46
L019793,2026-07-30,1,0.1
L019794,2026-07-30,7,7.23
L019795,2026-07-30,2,0.46
L019796,2026-07-30,3,1.12
L019797,2026-07-30,3,1.12
L019798,2026-07-30,1,0.1
L019799,2026-07-30,3,1.12
L019800,2026-07-30,2,0.46
L019801,2026-07-30,3,1.12
L019802,2026-07-30,1,0.1
L019803,2026-07-30,2,0.46
L019804,2026-07-30,2,0.46
L019805,2026-07-30,4,2.11
L019806,2026-07-30,2,0.46
L019807,2026-07-30,8,9.7
L019808,2026-07-30,1,0.1
L019809,2026-07-30,1,0.1
L019810,2026-07-30,1,0.1
L019811,2026-07-30,2,0.46
L019812,2026-07-30,2,0.46
L019813,2026-07-30,2,0.46
L019814,2026-07-30,4,2.11
L019815,2026-07-30,9,12.57
L019816,2026-07-30,1,0.1
L019817,2026-07-30,1,0.1
L019818,2026-07-30,2,0.46
L019819,2026-07-30,4,2.11
L019820,2026-07-30,2,0.46
L019821,2026-07-30,3,1.12
L019822,2026-07-30,8,9.7
L019823,2026-07-30,7,7.23
L019824,2026-07-30,1,0.1
L019825,2026-07-30,2,0.46
L019826,2026-07-30,3,1.12
L019827,2026-07-30,1,0.1
L019828,2026-07-30,3,1.12
L019829,2026-07-30,3,1.12
L019830,2026-07-30,3,1.12
L019831,2026-07-30,2,0.46
L019832,2026-07-30,10,15.85
L019833,2026-07-30,7,7.23
L019834,2026-07-30,2,0.46
L019835,2026-07-30,3,1.12
L019836,2026-07-30,1,0.1
L019837,2026-07-30,3,1.12
L019838,2026-07-30,3,1.12
L019839,2026-07-30,3,1.12
L019840,2026-07-30,2,0.46
L019841,2026-07-30,6,5.15
L019842,2026-07-30,1,0.1
L019843,2026-07-30,9,12.57
L019844,2026-07-30,1,0.1
L019845,2026-07-30,2,0.46
L019846,2026-07-30,2,0.46
L019847,2026-07-30,3,1.12
L019848,2026-07-30,1,0.1
L019849,2026-07-30,2,0.46
L019850,2026-07-30,2,0.46
L019851,2026-07-30,6,5.15
L019852,2026-07-30,1,0.1
L019853,2026-07-30,2,0.46
L019854,2026-07-30,1,0.1
L019855,2026-07-30,1,0.1
L019856,2026-07-30,1,0.1
L019857,2026-07-30,3,1.12
L019858,2026-07-30,6,5.15
L019859,2026-07-30,2,0.46
L019860,2026-07-30,5,3.45
L019861,2026-07-30,9,12.57
L019862,2026-07-30,8,9.7
L019863,2026-07-30,5,3.45
L019864,2026-07-30,2,0.46
L019865,2026-07-30,5,3.45
L019866,2026-07-30,8,9.7
L019867,2026-07-30,1,0.1
L019868,2026-07-30,6,5.15
L019869,2026-07-30,3,1.12
L019870,2026-07-30,5,3.45
L019871,2026-07-30,2,0.46
L019872,2026-07-30,2,0.46
L019873,2026-07-30,3,1.12
L019874,2026-07-30,4,2.11
L019875,2026-07-30,2,0.46
L019876,2026-07-30,3,1.12
L019877,2026-07-30,3,1.12
L019878,2026-07-30,7,7.23
L019879,2026-07-30,3,1.12
L019880,2026-07-30,10,15.85
L019881,2026-07-30,3,1.12
L019882,2026-07-30,3,1.12
L019883,2026-07-30,8,9.7
L019884,2026-07-30,2,0.46
L019885,2026-07-30,2,0.46
L019886,2026-07-30,1,0.1
L019887,2026-07-30,3,1.12
L019888,2026-07-30,1,0.1
L019889,2026-07-30,3,1.12
L019890,2026-07-30,2,0.46
L019891,2026-07-30,9,12.57
L019892,2026-07-30,10,15.85
L019893,2026-07-30,2,0.46
L019894,2026-07-30,1,0.1
L019895,2026-07-30,2,0.46
L019896,2026-07-30,3,1.12
L019897,2026-07-30,1,0.1
L019898,2026-07-30,5,3.45
L019899,2026-07-30,4,2.11
L019900,2026-07-30,2,0.46
L019901,2026-07-30,2,0.46
L019902,2026-07-30,3,1.12
L019903,2026-07-30,3,1.12
L019904,2026-07-30,1,0.1
L019905,2026-07-30,6,5.15
L019906,2026-07-30,10,15.85
L019907,2026-07-30,3,1.12
L019908,2026-07-30,1,0.1
L019909,2026-07-30,1,0.1
L019910,2026-07-30,7,7.23
L019911,2026-07-30,3,1.12
L019912,2026-07-30,2,0.46
L019913,2026-07-30,2,0.46
L019914,2026-07-30,2,0.46
L019915,2026-07-30,1,0.1
L019916,2026-07-30,3,1.12
L019917,2026-07-30,3,1.12
L019918,2026-07-30,1,0.1
L019919,2026-07-30,7,7.23
L019920,2026-07-30,3,1.12
L019921,2026-07-30,10,15.85
L019922,2026-07-30,2,0.46
L019923,2026-07-30,1,0.1
L019924,2026-07-30,3,1.12
L019925,2026-07-30,1,0.1
L019926,2026-07-30,6,5.15
L019927,2026-07-30,1,0.1
L019928,2026-07-30,1,0.1
L019929,2026-07-30,2,0.46
L019930,2026-07-30,1,0.1
L019931,2026-07-30,3,1.12
L019932,2026-07-30,1,0.1
L019933,2026-07-30,1,0.1
L019934,2026-07-30,1,0.1
L019935,2026-07-30,9,12.57
L019936,2026-07-30,3,1.12
L019937,2026-07-30,1,0.1
L019938,2026-07-30,1,0.1
L019939,2026-07-30,6,5.15
L019940,2026-07-30,2,0.46
L019941,2026-07-30,2,0.46
L019942,2026-07-30,1,0.1
L019943,2026-07-30,7,7.23
L019944,2026-07-30,10,15.85
L019945,2026-07-30,2,0.46
L019946,2026-07-30,3,1.12
L019947,2026-07-30,8,9.7
L019948,2026-07-30,1,0.1
L019949,2026-07-30,3,1.12
L019950,2026-07-30,1,0.1
L019951,2026-07-30,7,7.23
L019952,2026-07-30,3,1.12
L019953,2026-07-30,1,0.1
L019954,2026-07-30,10,15.85
L019955,2026-07-30,2,0.46
L019956,2026-07-30,5,3.45
L019957,2026-07-30,1,0.1
L019958,2026-07-30,3,1.12
L019959,2026-07-30,3,1.12
L019960,2026-07-30,2,0.46
L019961,2026-07-30,2,0.46
L019962,2026-07-30,2,0.46
L019963,2026-07-30,2,0.46
L019964,2026-07-30,6,5.15
L019965,2026-07-30,2,0.46
L019966,2026-07-30,2,0.46
L019967,2026-07-30,4,2.11
L019968,2026-07-30,7,7.23
L019969,2026-07-30,1,0.1
L019970,2026-07-30,2,0.46
L019971,2026-07-30,2,0.46
L019972,2026-07-30,2,0.46
L019973,2026-07-30,3,1.12
L019974,2026-07-30,2,0.46
L019975,2026-07-30,8,9.7
L019976,2026-07-30,6,5.15
L019977,2026-07-30,2,0.46
L019978,2026-07-30,3,1.12
L019979,2026-07-30,2,0.46
L019980,2026-07-30,3,1.12
L019981,2026-07-30,2,0.46
L019982,2026-07-30,2,0.46
L019983,2026-07-30,3,1.12
L019984,2026-07-30,2,0.46
L019985,2026-07-30,9,12.57
L019986,2026-07-30,8,9.7
L019987,2026-07-30,3,1.12
L019988,2026-07-30,4,2.11
L019989,2026-07-30,1,0.1
L019990,2026-07-30,7,7.23
L019991,2026-07-30,1,0.1
L019992,2026-07-30,3,1.12
L019993,2026-07-30,3,1.12
L019994,2026-07-30,4,2.11
L019995,2026-07-30,2,0.46
L019996,2026-07-30,3,1.12
L019997,2026-07-30,3,1.12
L019998,2026-07-30,2,0.46
L019999,2026-07-30,1,0.1
L020000,2026-07-30,2,0.46
L020001,2026-07-30,5,3.45
L020002,2026-07-30,2,0.46
L020003,2026-07-30,1,0.1
L020004,2026-07-30,2,0.46
L020005,2026-07-30,2,0.46
L020006,2026-07-30,1,0.1
L020007,2026-07-30,1,0.1
L020008,2026-07-30,2,0.46
L020009,2026-07-30,1,0.1
L020010,2026-07-30,1,0.1
L020011,2026-07-30,2,0.46
L020012,2026-07-30,1,0.1
L020013,2026-07-30,5,3.45
L020014,2026-07-30,1,0.1
L020015,2026-07-30,7,7.23
L020016,2026-07-30,2,0.46
L020017,2026-07-30,6,5.15
L020018,2026-07-30,3,1.12
L020019,2026-07-30,2,0.46
L020020,2026-07-30,9,12.57
L020021,2026-07-30,2,0.46
L020022,2026-07-30,1,0.1
L020023,2026-07-30,6,5.15
L020024,2026-07-30,1,0.1
L020025,2026-07-30,1,0.1
L020026,2026-07-30,3,1.12
L020027,2026-07-30,1,0.1
L020028,2026-07-30,3,1.12
L020029,2026-07-30,3,1.12
L020030,2026-07-30,2,0.46
L020031,2026-07-30,2,0.46
L020032,2026-07-30,9,12.57
L020033,2026-07-30,1,0.1
L020034,2026-07-30,3,1.12
L020035,2026-07-30,1,0.1
L020036,2026-07-30,1,0.1
L020037,2026-07-30,3,1.12
L020038,2026-07-30,2,0.46
L020039,2026-07-30,9,12.57
L020040,2026-07-30,3,1.12
L020041,2026-07-30,8,9.7
L020042,2026-07-30,2,0.46
L020043,2026-07-30,1,0.1
L020044,2026-07-30,3,1.12
L020045,2026-07-30,7,7.23
L020046,2026-07-30,2,0.46
L020047,2026-07-30,8,9.7
L020048,2026-07-30,1,0.1
L020049,2026-07-30,3,1.12
L020050,2026-07-30,1,0.1
L020051,2026-07-30,10,15.85
L020052,2026-07-30,3,1.12
L020053,2026-07-30,3,1.12
L020054,2026-07-30,7,7.23
L020055,2026-07-30,1,0.1
L020056,2026-07-30,1,0.1
L020057,2026-07-30,2,0.46
L020058,2026-07-30,5,3.45
L020059,2026-07-30,1,0.1
L020060,2026-07-30,2,0.46
L020061,2026-07-30,1,0.1
L020062,2026-07-30,2,0.46
L020063,2026-07-30,2,0.46
L020064,2026-07-30,3,1.12
L020065,2026-07-30,3,1.12
L020066,2026-07-30,5,3.45
L020067,2026-07-30,3,1.12
L020068,2026-07-30,1,0.1
L020069,2026-07-30,4,2.11
L020070,2026-07-30,4,2.11
L020071,2026-07-30,2,0.46
L020072,2026-07-30,2,0.46
L020073,2026-07-30,1,0.1
L020074,2026-07-30,6,5.15
L020075,2026-07-30,2,0.46
L020076,2026-07-30,1,0.1
L020077,2026-07-30,7,7.23
L020078,2026-07-30,2,0.46
L020079,2026-07-30,9,12.57
L020080,2026-07-30,3,1.12
L020081,2026-07-30,2,0.46
L020082,2026-07-30,3,1.12
L020083,2026-07-30,4,2.11
L020084,2026-07-30,2,0.46
L020085,2026-07-30,2,0.46
L020086,2026-07-30,7,7.23
L020087,2026-07-30,7,7.23
L020088,2026-07-30,1,0.1
L020089,2026-07-30,2,0.46
L020090,2026-07-30,7,7.23
L020091,2026-07-30,1,0.1
L020092,2026-07-30,5,3.45
L020093,2026-07-30,1,0.1
L020094,2026-07-30,3,1.12
L020095,2026-07-30,6,5.15
L020096,2026-07-30,3,1.12
L020097,2026-07-30,2,0.46
L020098,2026-07-30,1,0.1
L020099,2026-07-30,2,0.46
L020100,2026-07-30,1,0.1
L020101,2026-07-30,2,0.46
L020102,2026-07-30,1,0.1
L020103,2026-07-30,9,12.57
L020104,2026-07-30,1,0.1
L020105,2026-07-30,3,1.12
L020106,2026-07-30,2,0.46
L020107,2026-07-30,7,7.23
L020108,2026-07-30,10,15.85
L020109,2026-07-30,1,0.1
L020110,2026-07-30,8,9.7
L020111,2026-07-30,2,0.46
L020112,2026-07-30,6,5.15
L020113,2026-07-30,2,0.46
L020114,2026-07-30,2,0.46
L020115,2026-07-30,2,0.46
L020116,2026-07-30,3,1.12
L020117,2026-07-30,4,2.11
L020118,2026-07-30,5,3.45
L020119,2026-07-30,2,0.46
L020120,2026-07-30,3,1.12
L020121,2026-07-30,7,7.23
L020122,2026-07-30,3,1.12
L020123,2026-07-30,7,7.23
L020124,2026-07-30,9,12.57
L020125,2026-07-30,3,1.12
L020126,2026-07-30,1,0.1
L020127,2026-07-30,2,0.46
L020128,2026-07-30,10,15.85
L020129,2026-07-30,1,0.1
L020130,2026-07-30,9,12.57
L020131,2026-07-30,2,0.46
L020132,2026-07-30,2,0.46
L020133,2026-07-30,2,0.46
L020134,2026-07-30,3,1.12
L020135,2026-07-30,1,0.1
L020136,2026-07-30,9,12.57
L020137,2026-07-30,3,1.12
L020138,2026-07-30,1,0.1
L020139,2026-07-30,3,1.12
L020140,2026-07-30,4,2.11
L020141,2026-07-30,1,0.1
L020142,2026-07-30,1,0.1
L020143,2026-07-30,6,5.15
L020144,2026-07-30,1,0.1
L020145,2026-07-30,9,12.57
L020146,2026-07-30,3,1.12
L020147,2026-07-30,1,0.1
L020148,2026-07-30,1,0.1
L020149,2026-07-30,2,0.46
L020150,2026-07-30,6,5.15
L020151,2026-07-30,2,0.46
L020152,2026-07-30,3,1.12
L020153,2026-07-30,3,1.12
L020154,2026-07-30,3,1.12
L020155,2026-07-30,1,0.1
L020156,2026-07-30,7,7.23
L020157,2026-07-30,2,0.46
L020158,2026-07-30,7,7.23
L020159,2026-07-30,1,0.1
L020160,2026-07-30,1,0.1
L020161,2026-07-30,8,9.7
L020162,2026-07-30,8,9.7
L020163,2026-07-30,1,0.1
L020164,2026-07-30,2,0.46
L020165,2026-07-30,2,0.46
L020166,2026-07-30,2,0.46
L020167,2026-07-30,2,0.46
L020168,2026-07-30,8,9.7
L020169,2026-07-30,7,7.23
L020170,2026-07-30,10,15.85
L020171,2026-07-30,7,7.23
L020172,2026-07-30,2,0.46
L020173,2026-07-30,2,0.46
L020174,2026-07-30,3,1.12
L020175,2026-07-30,2,0.46
L020176,2026-07-30,1,0.1
L020177,2026-07-30,3,1.12
L020178,2026-07-30,2,0.46
L020179,2026-07-30,5,3.45
L020180,2026-07-30,3,1.12
L020181,2026-07-30,4,2.11
L020182,2026-07-30,2,0.46
L020183,2026-07-30,3,1.12
L020184,2026-07-30,5,3.45
L020185,2026-07-30,3,1.12
L020186,2026-07-30,4,2.11
L020187,2026-07-30,7,7.23
L020188,2026-07-30,3,1.12
L020189,2026-07-30,9,12.57
L020190,2026-07-30,3,1.12
L020191,2026-07-30,1,0.1
L020192,2026-07-30,2,0.46
L020193,2026-07-30,8,9.7
L020194,2026-07-30,3,1.12
L020195,2026-07-30,10,15.85
L020196,2026-07-30,4,2.11
L020197,2026-07-30,7,7.23
L020198,2026-07-30,2,0.46
L020199,2026-07-30,3,1.12
L020200,2026-07-30,10,15.85
L020201,2026-07-30,8,9.7
L020202,2026-07-30,7,7.23
L020203,2026-07-30,1,0.1
L020204,2026-07-30,1,0.1
L020205,2026-07-30,3,1.12
L020206,2026-07-30,3,1.12
L020207,2026-07-30,3,1.12
L020208,2026-07-30,9,12.57
L020209,2026-07-30,3,1.12
L020210,2026-07-30,2,0.46
L020211,2026-07-30,3,1.12
L020212,2026-07-30,6,5.15
L020213,2026-07-30,3,1.12
L020214,2026-07-30,1,0.1
L020215,2026-07-30,4,2.11
L020216,2026-07-30,3,1.12
L020217,2026-07-30,6,5.15
L020218,2026-07-30,8,9.7
L020219,2026-07-30,4,2.11
L020220,2026-07-30,3,1.12
L020221,2026-07-30,2,0.46
L020222,2026-07-30,4,2.11
L020223,2026-07-30,7,7.23
L020224,2026-07-30,7,7.23
L020225,2026-07-30,1,0.1
L020226,2026-07-30,3,1.12
L020227,2026-07-30,2,0.46
L020228,2026-07-30,4,2.11
L020229,2026-07-30,7,7.23
L020230,2026-07-30,6,5.15
L020231,2026-07-30,3,1.12
L020232,2026-07-30,7,7.23
L020233,2026-07-30,3,1.12
L020234,2026-07-30,6,5.15
L020235,2026-07-30,3,1.12
L020236,2026-07-30,7,7.23
L020237,2026-07-30,4,2.11
L020238,2026-07-30,6,5.15
L020239,2026-07-30,7,7.23
L020240,2026-07-30,3,1.12
L020241,2026-07-30,6,5.15
L020242,2026-07-30,5,3.45
L020243,2026-07-30,8,9.7
L020244,2026-07-30,1,0.1
L020245,2026-07-30,10,15.85
L020246,2026-07-30,1,0.1
L020247,2026-07-30,2,0.46
L020248,2026-07-30,2,0.46
L020249,2026-07-30,1,0.1
L020250,2026-07-30,1,0.1
L020251,2026-07-30,1,0.1
L020252,2026-07-30,7,7.23
L020253,2026-07-30,7,7.23
L020254,2026-07-30,3,1.12
L020255,2026-07-30,1,0.1
L020256,2026-07-30,9,12.57
L020257,2026-07-30,1,0.1
L020258,2026-07-30,2,0.46
L020259,2026-07-30,2,0.46
L020260,2026-07-30,3,1.12
L020261,2026-07-30,3,1.12
L020262,2026-07-30,3,1.12
L020263,2026-07-30,5,3.45
L020264,2026-07-30,5,3.45
L020265,2026-07-30,5,3.45
L020266,2026-07-30,8,9.7
L020267,2026-07-30,5,3.45
L020268,2026-07-30,10,15.85
L020269,2026-07-30,3,1.12
L020270,2026-07-30,1,0.1
L020271,2026-07-30,3,1.12
L020272,2026-07-30,2,0.46
L020273,2026-07-30,10,15.85
L020274,2026-07-30,3,1.12
L020275,2026-07-30,2,0.46
L020276,2026-07-30,2,0.46
L020277,2026-07-30,3,1.12
L020278,2026-07-30,3,1.12
L020279,2026-07-30,1,0.1
L020280,2026-07-30,3,1.12
L020281,2026-07-30,3,1.12
L020282,2026-07-30,10,15.85
L020283,2026-07-30,3,1.12
L020284,2026-07-30,3,1.12
L020285,2026-07-30,1,0.1
L020286,2026-07-30,1,0.1
L020287,2026-07-30,2,0.46
L020288,2026-07-30,8,9.7
L020289,2026-07-30,1,0.1
L020290,2026-07-30,2,0.46
L020291,2026-07-30,8,9.7
L020292,2026-07-30,6,5.15
L020293,2026-07-30,3,1.12
L020294,2026-07-30,10,15.85
L020295,2026-07-30,1,0.1
L020296,2026-07-30,3,1.12
L020297,2026-07-30,1,0.1
L020298,2026-07-30,1,0.1
L020299,2026-07-30,3,1.12
L020300,2026-07-30,3,1.12
L020301,2026-07-30,7,7.23
L020302,2026-07-30,2,0.46
L020303,2026-07-30,8,9.7
L020304,2026-07-30,1,0.1
L020305,2026-07-30,2,0.46
L020306,2026-07-30,10,15.85
L020307,2026-07-30,3,1.12
L020308,2026-07-30,6,5.15
L020309,2026-07-30,3,1.12
L020310,2026-07-30,2,0.46
L020311,2026-07-30,1,0.1
L020312,2026-07-30,1,0.1
L020313,2026-07-30,1,0.1
L020314,2026-07-30,3,1.12
L020315,2026-07-30,2,0.46
L020316,2026-07-30,1,0.1
L020317,2026-07-30,10,15.85
L020318,2026-07-30,3,1.12
L020319,2026-07-30,6,5.15
L020320,2026-07-30,3,1.12
L020321,2026-07-30,1,0.1
L020322,2026-07-30,1,0.1
L020323,2026-07-30,2,0.46
L020324,2026-07-30,1,0.1
L020325,2026-07-30,1,0.1
L020326,2026-07-30,2,0.46
L020327,2026-07-30,5,3.45
L020328,2026-07-30,1,0.1
L020329,2026-07-30,1,0.1
L020330,2026-07-30,4,2.11
L020331,2026-07-30,3,1.12
L020332,2026-07-30,10,15.85
L020333,2026-07-30,1,0.1
L020334,2026-07-30,1,0.1
L020335,2026-07-30,1,0.1
L020336,2026-07-30,8,9.7
L020337,2026-07-30,3,1.12
L020338,2026-07-30,1,0.1
L020339,2026-07-30,9,12.57
L020340,2026-07-30,1,0.1
L020341,2026-07-30,1,0.1
L020342,2026-07-30,10,15.85
L020343,2026-07-30,10,15.85
L020344,2026-07-30,10,15.85
L020345,2026-07-30,10,15.85
L020346,2026-07-30,7,7.23
L020347,2026-07-30,9,12.57
L020348,2026-07-30,3,1.12
L020349,2026-07-30,3,1.12
L020350,2026-07-30,2,0.46
L020351,2026-07-30,5,3.45
L020352,2026-07-30,1,0.1
L020353,2026-07-30,3,1.12
L020354,2026-07-30,1,0.1
L020355,2026-07-30,3,1.12
L020356,2026-07-30,1,0.1
L020357,2026-07-30,3,1.12
L020358,2026-07-30,8,9.7
L020359,2026-07-30,6,5.15
L020360,2026-07-30,8,9.7
L020361,2026-07-30,1,0.1
L020362,2026-07-30,3,1.12
L020363,2026-07-30,5,3.45
L020364,2026-07-30,2,0.46
L020365,2026-07-30,2,0.46
L020366,2026-07-30,3,1.12
L020367,2026-07-30,3,1.12
L020368,2026-07-30,3,1.12
L020369,2026-07-30,3,1.12
L020370,2026-07-30,2,0.46
L020371,2026-07-30,8,9.7
L020372,2026-07-30,1,0.1
L020373,2026-07-30,3,1.12
L020374,2026-07-30,2,0.46
L020375,2026-07-30,2,0.46
L020376,2026-07-30,4,2.11
L020377,2026-07-30,6,5.15
L020378,2026-07-30,7,7.23
L020379,2026-07-30,7,7.23
L020380,2026-07-30,9,12.57
L020381,2026-07-30,10,15.85
L020382,2026-07-30,1,0.1
L020383,2026-07-30,2,0.46
L020384,2026-07-30,6,5.15
L020385,2026-07-30,1,0.1
L020386,2026-07-30,10,15.85
L020387,2026-07-30,8,9.7
L020388,2026-07-30,8,9.7
L020389,2026-07-30,4,2.11
L020390,2026-07-30,3,1.12
L020391,2026-07-30,8,9.7
L020392,2026-07-30,2,0.46
L020393,2026-07-30,3,1.12
L020394,2026-07-30,7,7.23
L020395,2026-07-30,2,0.46
L020396,2026-07-30,3,1.12
L020397,2026-07-30,4,2.11
L020398,2026-07-30,2,0.46
L020399,2026-07-30,3,1.12
L020400,2026-07-30,6,5.15
L020401,2026-07-30,1,0.1
L020402,2026-07-30,2,0.46
L020403,2026-07-30,1,0.1
L020404,2026-07-30,7,7.23
L020405,2026-07-30,3,1.12
L020406,2026-07-30,3,1.12
L020407,2026-07-30,3,1.12
L020408,2026-07-30,8,9.7
L020409,2026-07-30,7,7.23
L020410,2026-07-30,3,1.12
L020411,2026-07-30,10,15.85
L020412,2026-07-30,7,7.23
L020413,2026-07-30,3,1.12
L020414,2026-07-30,6,5.15
L020415,2026-07-30,1,0.1
L020416,2026-07-30,2,0.46
L020417,2026-07-30,1,0.1
L020418,2026-07-30,10,15.85
L020419,2026-07-30,1,0.1
L020420,2026-07-30,3,1.12
L020421,2026-07-30,2,0.46
L020422,2026-07-30,2,0.46
L020423,2026-07-30,3,1.12
L020424,2026-07-30,1,0.1
L020425,2026-07-30,2,0.46
L020426,2026-07-30,10,15.85
L020427,2026-07-30,5,3.45
L020428,2026-07-30,1,0.1
L020429,2026-07-30,2,0.46
L020430,2026-07-30,3,1.12
L020431,2026-07-30,1,0.1
L020432,2026-07-30,3,1.12
L020433,2026-07-30,6,5.15
L020434,2026-07-30,4,2.11
L020435,2026-07-30,7,7.23
L020436,2026-07-30,1,0.1
L020437,2026-07-30,2,0.46
L020438,2026-07-30,1,0.1
L020439,2026-07-30,6,5.15
L020440,2026-07-30,1,0.1
L020441,2026-07-30,2,0.46
L020442,2026-07-30,3,1.12
L020443,2026-07-30,2,0.46
L020444,2026-07-30,1,0.1
L020445,2026-07-30,7,7.23
L020446,2026-07-30,7,7.23
L020447,2026-07-30,2,0.46
L020448,2026-07-30,7,7.23
L020449,2026-07-30,1,0.1
L020450,2026-07-30,5,3.45
L020451,2026-07-30,7,7.23
L020452,2026-07-30,1,0.1
L020453,2026-07-30,1,0.1
L020454,2026-07-30,1,0.1
L020455,2026-07-30,1,0.1
L020456,2026-07-30,2,0.46
L020457,2026-07-30,3,1.12
L020458,2026-07-30,2,0.46
L020459,2026-07-30,1,0.1
L020460,2026-07-30,1,0.1
L020461,2026-07-30,3,1.12
L020462,2026-07-30,1,0.1
L020463,2026-07-30,1,0.1
L020464,2026-07-30,9,12.57
L020465,2026-07-30,1,0.1
L020466,2026-07-30,9,12.57
L020467,2026-07-30,4,2.11
L020468,2026-07-30,7,7.23
L020469,2026-07-30,5,3.45
L020470,2026-07-30,2,0.46
L020471,2026-07-30,2,0.46
L020472,2026-07-30,3,1.12
L020473,2026-07-30,3,1.12
L020474,2026-07-30,2,0.46
L020475,2026-07-30,1,0.1
L020476,2026-07-30,5,3.45
L020477,2026-07-30,10,15.85
L020478,2026-07-30,3,1.12
L020479,2026-07-30,3,1.12
L020480,2026-07-30,3,1.12
L020481,2026-07-30,7,7.23
L020482,2026-07-30,5,3.45
L020483,2026-07-30,2,0.46
L020484,2026-07-30,2,0.46
L020485,2026-07-30,2,0.46
L020486,2026-07-30,6,5.15
L020487,2026-07-30,1,0.1
L020488,2026-07-30,8,9.7
L020489,2026-07-30,10,15.85
L020490,2026-07-30,1,0.1
L020491,2026-07-30,1,0.1
L020492,2026-07-30,3,1.12
L020493,2026-07-30,2,0.46
L020494,2026-07-30,10,15.85
L020495,2026-07-30,2,0.46
L020496,2026-07-30,6,5.15
L020497,2026-07-30,7,7.23
L020498,2026-07-30,1,0.1
L020499,2026-07-30,1,0.1
L020500,2026-07-30,3,1.12
L020501,2026-07-30,1,0.1
L020502,2026-07-30,6,5.15
L020503,2026-07-30,3,1.12
L020504,2026-07-30,1,0.1
L020505,2026-07-30,6,5.15
L020506,2026-07-30,8,9.7
L020507,2026-07-30,1,0.1
L020508,2026-07-30,10,15.85
L020509,2026-07-30,2,0.46
L020510,2026-07-30,9,12.57
L020511,2026-07-30,2,0.46
L020512,2026-07-30,1,0.1
L020513,2026-07-30,2,0.46
L020514,2026-07-30,7,7.23
L020515,2026-07-30,2,0.46
L020516,2026-07-30,7,7.23
L020517,2026-07-30,7,7.23
L020518,2026-07-30,2,0.46
L020519,2026-07-30,1,0.1
L020520,2026-07-30,7,7.23
L020521,2026-07-30,2,0.46
L020522,2026-07-30,10,15.85
L020523,2026-07-30,1,0.1
L020524,2026-07-30,10,15.85
L020525,2026-07-30,9,12.57
L020526,2026-07-30,2,0.46
L020527,2026-07-30,7,7.23
L020528,2026-07-30,2,0.46
L020529,2026-07-30,5,3.45
L020530,2026-07-30,2,0.46
L020531,2026-07-30,1,0.1
L020532,2026-07-30,9,12.57
L020533,2026-07-30,2,0.46
L020534,2026-07-30,3,1.12
L020535,2026-07-30,3,1.12
L020536,2026-07-30,2,0.46
L020537,2026-07-30,3,1.12
L020538,2026-07-30,4,2.11
L020539,2026-07-30,2,0.46
L020540,2026-07-30,7,7.23
L020541,2026-07-30,8,9.7
L020542,2026-07-30,3,1.12
L020543,2026-07-30,2,0.46
L020544,2026-07-30,2,0.46
L020545,2026-07-30,6,5.15
L020546,2026-07-30,1,0.1
L020547,2026-07-30,6,5.15
L020548,2026-07-30,2,0.46
L020549,2026-07-30,5,3.45
L020550,2026-07-30,7,7.23
L020551,2026-07-30,6,5.15
L020552,2026-07-30,3,1.12
L020553,2026-07-30,3,1.12
L020554,2026-07-30,3,1.12
L020555,2026-07-30,3,1.12
L020556,2026-07-30,1,0.1
L020557,2026-07-30,2,0.46
L020558,2026-07-30,7,7.23
L020559,2026-07-30,1,0.1
L020560,2026-07-30,7,7.23
L020561,2026-07-30,3,1.12
L020562,2026-07-30,4,2.11
L020563,2026-07-30,6,5.15
L020564,2026-07-30,2,0.46
L020565,2026-07-30,4,2.11
L020566,2026-07-30,10,15.85
L020567,2026-07-30,5,3.45
L020568,2026-07-30,7,7.23
L020569,2026-07-30,1,0.1
L020570,2026-07-30,3,1.12
L020571,2026-07-30,1,0.1
L020572,2026-07-30,9,12.57
L020573,2026-07-30,3,1.12
L020574,2026-07-30,2,0.46
L020575,2026-07-30,2,0.46
L020576,2026-07-30,2,0.46
L020577,2026-07-30,2,0.46
L020578,2026-07-30,10,15.85
L020579,2026-07-30,5,3.45
L020580,2026-07-30,3,1.12
L020581,2026-07-30,4,2.11
L020582,2026-07-30,5,3.45
L020583,2026-07-30,9,12.57
L020584,2026-07-30,1,0.1
L020585,2026-07-30,1,0.1
L020586,2026-07-30,7,7.23
L020587,2026-07-30,5,3.45
L020588,2026-07-30,3,1.12
L020589,2026-07-30,9,12.57
L020590,2026-07-30,10,15.85
L020591,2026-07-30,3,1.12
L020592,2026-07-30,3,1.12
L020593,2026-07-30,7,7.23
L020594,2026-07-30,10,15.85
L020595,2026-07-30,1,0.1
L020596,2026-07-30,3,1.12
L020597,2026-07-30,8,9.7
L020598,2026-07-30,6,5.15
L020599,2026-07-30,5,3.45
L020600,2026-07-30,3,1.12
L020601,2026-07-30,9,12.57
L020602,2026-07-30,1,0.1
L020603,2026-07-30,3,1.12
L020604,2026-07-30,7,7.23
L020605,2026-07-30,5,3.45
L020606,2026-07-30,3,1.12
L020607,2026-07-30,2,0.46
L020608,2026-07-30,3,1.12
L020609,2026-07-30,2,0.46
L020610,2026-07-30,3,1.12
L020611,2026-07-30,1,0.1
L020612,2026-07-30,1,0.1
L020613,2026-07-30,3,1.12
L020614,2026-07-30,2,0.46
L020615,2026-07-30,1,0.1
L020616,2026-07-30,3,1.12
L020617,2026-07-30,3,1.12
L020618,2026-07-30,1,0.1
L020619,2026-07-30,2,0.46
L020620,2026-07-30,2,0.46
L020621,2026-07-30,6,5.15
L020622,2026-07-30,1,0.1
L020623,2026-07-30,3,1.12
L020624,2026-07-30,2,0.46
L020625,2026-07-30,3,1.12
L020626,2026-07-30,3,1.12
L020627,2026-07-30,5,3.45
L020628,2026-07-30,6,5.15
L020629,2026-07-30,3,1.12
L020630,2026-07-30,2,0.46
L020631,2026-07-30,3,1.12
L020632,2026-07-30,1,0.1
L020633,2026-07-30,4,2.11
L020634,2026-07-30,7,7.23
L020635,2026-07-30,2,0.46
L020636,2026-07-30,3,1.12
L020637,2026-07-30,2,0.46
L020638,2026-07-30,1,0.1
L020639,2026-07-30,2,0.46
L020640,2026-07-30,2,0.46
L020641,2026-07-30,2,0.46
L020642,2026-07-30,2,0.46
L020643,2026-07-30,5,3.45
L020644,2026-07-30,1,0.1
L020645,2026-07-30,2,0.46
L020646,2026-07-30,3,1.12
L020647,2026-07-30,3,1.12
L020648,2026-07-30,2,0.46
L020649,2026-07-30,4,2.11
L020650,2026-07-30,2,0.46
L020651,2026-07-30,6,5.15
L020652,2026-07-30,3,1.12
L020653,2026-07-30,10,15.85
L020654,2026-07-30,1,0.1
L020655,2026-07-30,3,1.12
L020656,2026-07-30,7,7.23
L020657,2026-07-30,10,15.85
L020658,2026-07-30,1,0.1
L020659,2026-07-30,6,5.15
L020660,2026-07-30,3,1.12
L020661,2026-07-30,3,1.12
L020662,2026-07-30,3,1.12
L020663,2026-07-30,2,0.46
L020664,2026-07-30,3,1.12
L020665,2026-07-30,2,0.46
L020666,2026-07-30,3,1.12
L020667,2026-07-30,2,0.46
L020668,2026-07-30,3,1.12
L020669,2026-07-30,1,0.1
L020670,2026-07-30,2,0.46
L020671,2026-07-30,4,2.11
L020672,2026-07-30,1,0.1
L020673,2026-07-30,3,1.12
L020674,2026-07-30,2,0.46
L020675,2026-07-30,3,1.12
L020676,2026-07-30,2,0.46
L020677,2026-07-30,2,0.46
L020678,2026-07-30,3,1.12
L020679,2026-07-30,6,5.15
L020680,2026-07-30,2,0.46
L020681,2026-07-30,1,0.1
L020682,2026-07-30,2,0.46
L020683,2026-07-30,2,0.46
L020684,2026-07-30,3,1.12
L020685,2026-07-30,2,0.46
L020686,2026-07-30,6,5.15
L020687,2026-07-30,8,9.7
L020688,2026-07-30,5,3.45
L020689,2026-07-30,2,0.46
L020690,2026-07-30,3,1.12
L020691,2026-07-30,4,2.11
L020692,2026-07-30,1,0.1
L020693,2026-07-30,2,0.46
L020694,2026-07-30,1,0.1
L020695,2026-07-30,2,0.46
L020696,2026-07-30,2,0.46
L020697,2026-07-30,2,0.46
L020698,2026-07-30,1,0.1
L020699,2026-07-30,1,0.1
L020700,2026-07-30,1,0.1
L020701,2026-07-30,3,1.12
L020702,2026-07-30,1,0.1
L020703,2026-07-30,1,0.1
L020704,2026-07-30,6,5.15
L020705,2026-07-30,1,0.1
L020706,2026-07-30,2,0.46
L020707,2026-07-30,2,0.46
L020708,2026-07-30,2,0.46
L020709,2026-07-30,10,15.85
L020710,2026-07-30,3,1.12
L020711,2026-07-30,1,0.1
L020712,2026-07-30,9,12.57
L020713,2026-07-30,3,1.12
L020714,2026-07-30,3,1.12
L020715,2026-07-30,9,12.57
L020716,2026-07-30,3,1.12
L020717,2026-07-30,9,12.57
L020718,2026-07-30,2,0.46
L020719,2026-07-30,2,0.46
L020720,2026-07-30,1,0.1
L020721,2026-07-30,1,0.1
L020722,2026-07-30,7,7.23
L020723,2026-07-30,3,1.12
L020724,2026-07-30,2,0.46
L020725,2026-07-30,1,0.1
L020726,2026-07-30,2,0.46
L020727,2026-07-30,2,0.46
L020728,2026-07-30,3,1.12
L020729,2026-07-30,6,5.15
L020730,2026-07-30,2,0.46
L020731,2026-07-30,2,0.46
L020732,2026-07-30,3,1.12
L020733,2026-07-30,3,1.12
L020734,2026-07-30,3,1.12
L020735,2026-07-30,8,9.7
L020736,2026-07-30,1,0.1
L020737,2026-07-30,1,0.1
L020738,2026-07-30,3,1.12
L020739,2026-07-30,3,1.12
L020740,2026-07-30,3,1.12
L020741,2026-07-30,1,0.1
L020742,2026-07-30,8,9.7
L020743,2026-07-30,5,3.45
L020744,2026-07-30,3,1.12
L020745,2026-07-30,2,0.46
L020746,2026-07-30,3,1.12
L020747,2026-07-30,2,0.46
L020748,2026-07-30,3,1.12
L020749,2026-07-30,4,2.11
L020750,2026-07-30,1,0.1
L020751,2026-07-30,3,1.12
L020752,2026-07-30,2,0.46
L020753,2026-07-30,3,1.12
L020754,2026-07-30,4,2.11
L020755,2026-07-30,3,1.12
L020756,2026-07-30,1,0.1
L020757,2026-07-30,3,1.12
L020758,2026-07-30,2,0.46
L020759,2026-07-30,1,0.1
L020760,2026-07-30,2,0.46
L020761,2026-07-30,8,9.7
L020762,2026-07-30,3,1.12
L020763,2026-07-30,2,0.46
L020764,2026-07-30,8,9.7
L020765,2026-07-30,2,0.46
L020766,2026-07-30,5,3.45
L020767,2026-07-30,5,3.45
L020768,2026-07-30,1,0.1
L020769,2026-07-30,3,1.12
L020770,2026-07-30,3,1.12
L020771,2026-07-30,10,15.85
L020772,2026-07-30,4,2.11
L020773,2026-07-30,1,0.1
L020774,2026-07-30,2,0.46
L020775,2026-07-30,2,0.46
L020776,2026-07-30,2,0.46
L020777,2026-07-30,2,0.46
L020778,2026-07-30,3,1.12
L020779,2026-07-30,4,2.11
L020780,2026-07-30,3,1.12
L020781,2026-07-30,1,0.1
L020782,2026-07-30,7,7.23
L020783,2026-07-30,1,0.1
L020784,2026-07-30,4,2.11
L020785,2026-07-30,2,0.46
L020786,2026-07-30,7,7.23
L020787,2026-07-30,2,0.46
L020788,2026-07-30,3,1.12
L020789,2026-07-30,9,12.57
L020790,2026-07-30,5,3.45
L020791,2026-07-30,3,1.12
L020792,2026-07-30,2,0.46
L020793,2026-07-30,4,2.11
L020794,2026-07-30,3,1.12
L020795,2026-07-30,2,0.46
L020796,2026-07-30,3,1.12
L020797,2026-07-30,3,1.12
L020798,2026-07-30,10,15.85
L020799,2026-07-30,5,3.45
L020800,2026-07-30,9,12.57
L020801,2026-07-30,5,3.45
L020802,2026-07-30,8,9.7
L020803,2026-07-30,1,0.1
L020804,2026-07-30,2,0.46
L020805,2026-07-30,1,0.1
L020806,2026-07-30,5,3.45
L020807,2026-07-30,5,3.45
L020808,2026-07-30,1,0.1
L020809,2026-07-30,1,0.1
L020810,2026-07-30,4,2.11
L020811,2026-07-30,1,0.1
L020812,2026-07-30,1,0.1
L020813,2026-07-30,2,0.46
L020814,2026-07-30,9,12.57
L020815,2026-07-30,9,12.57
L020816,2026-07-30,1,0.1
L020817,2026-07-30,2,0.46
L020818,2026-07-30,2,0.46
L020819,2026-07-30,1,0.1
L020820,2026-07-30,1,0.1
L020821,2026-07-30,5,3.45
L020822,2026-07-30,2,0.46
L020823,2026-07-30,2,0.46
L020824,2026-07-30,9,12.57
L020825,2026-07-30,3,1.12
L020826,2026-07-30,3,1.12
L020827,2026-07-30,2,0.46
L020828,2026-07-30,1,0.1
L020829,2026-07-30,9,12.57
L020830,2026-07-30,2,0.46
L020831,2026-07-30,2,0.46
L020832,2026-07-30,4,2.11
L020833,2026-07-30,9,12.57
L020834,2026-07-30,10,15.85
L020835,2026-07-30,10,15.85
L020836,2026-07-30,9,12.57
L020837,2026-07-30,4,2.11
L020838,2026-07-30,7,7.23
L020839,2026-07-30,2,0.46
L020840,2026-07-30,3,1.12
L020841,2026-07-30,3,1.12
L020842,2026-07-30,2,0.46
L020843,2026-07-30,7,7.23
L020844,2026-07-30,6,5.15
L020845,2026-07-30,1,0.1
L020846,2026-07-30,7,7.23
L020847,2026-07-30,2,0.46
L020848,2026-07-30,7,7.23
L020849,2026-07-30,8,9.7
L020850,2026-07-30,2,0.46
L020851,2026-07-30,1,0.1
L020852,2026-07-30,10,15.85
L020853,2026-07-30,3,1.12
L020854,2026-07-30,1,0.1
L020855,2026-07-30,3,1.12
L020856,2026-07-30,2,0.46
L020857,2026-07-30,3,1.12
L020858,2026-07-30,2,0.46
L020859,2026-07-30,8,9.7
L020860,2026-07-30,2,0.46
L020861,2026-07-30,2,0.46
L020862,2026-07-30,3,1.12
L020863,2026-07-30,10,15.85
L020864,2026-07-30,1,0.1
L020865,2026-07-30,3,1.12
L020866,2026-07-30,2,0.46
L020867,2026-07-30,3,1.12
L020868,2026-07-30,2,0.46
L020869,2026-07-30,4,2.11
L020870,2026-07-30,8,9.7
L020871,2026-07-30,3,1.12
L020872,2026-07-30,4,2.11
L020873,2026-07-30,4,2.11
L020874,2026-07-30,8,9.7
L020875,2026-07-30,6,5.15
L020876,2026-07-30,1,0.1
L020877,2026-07-30,3,1.12
L020878,2026-07-30,2,0.46
L020879,2026-07-30,3,1.12
L020880,2026-07-30,1,0.1
L020881,2026-07-30,3,1.12
L020882,2026-07-30,6,5.15
L020883,2026-07-30,1,0.1
L020884,2026-07-30,8,9.7
L020885,2026-07-30,5,3.45
L020886,2026-07-30,4,2.11
L020887,2026-07-30,1,0.1
L020888,2026-07-30,4,2.11
L020889,2026-07-30,10,15.85
L020890,2026-07-30,7,7.23
L020891,2026-07-30,2,0.46
L020892,2026-07-30,6,5.15
L020893,2026-07-30,6,5.15
L020894,2026-07-30,2,0.46
L020895,2026-07-30,10,15.85
L020896,2026-07-30,2,0.46
L020897,2026-07-30,2,0.46
L020898,2026-07-30,1,0.1
L020899,2026-07-30,3,1.12
L020900,2026-07-30,1,0.1
L020901,2026-07-30,3,1.12
L020902,2026-07-30,3,1.12
L020903,2026-07-30,4,2.11
L020904,2026-07-30,5,3.45
L020905,2026-07-30,3,1.12
L020906,2026-07-30,3,1.12
L020907,2026-07-30,10,15.85
L020908,2026-07-30,1,0.1
L020909,2026-07-30,1,0.1
L020910,2026-07-30,8,9.7
L020911,2026-07-30,3,1.12
L020912,2026-07-30,7,7.23
L020913,2026-07-30,3,1.12
L020914,2026-07-30,8,9.7
L020915,2026-07-30,8,9.7
L020916,2026-07-30,2,0.46
L020917,2026-07-30,3,1.12
L020918,2026-07-30,2,0.46
L020919,2026-07-30,1,0.1
L020920,2026-07-30,4,2.11
L020921,2026-07-30,2,0.46
L020922,2026-07-30,5,3.45
L020923,2026-07-30,2,0.46
L020924,2026-07-30,3,1.12
L020925,2026-07-30,4,2.11
L020926,2026-07-30,3,1.12
L020927,2026-07-30,2,0.46
L020928,2026-07-30,1,0.1
L020929,2026-07-30,3,1.12
L020930,2026-07-30,3,1.12
L020931,2026-07-30,1,0.1
L020932,2026-07-30,1,0.1
L020933,2026-07-30,3,1.12
L020934,2026-07-30,2,0.46
L020935,2026-07-30,2,0.46
L020936,2026-07-30,1,0.1
L020937,2026-07-30,3,1.12
L020938,2026-07-30,2,0.46
L020939,2026-07-30,10,15.85
L020940,2026-07-30,2,0.46
L020941,2026-07-30,9,12.57
L020942,2026-07-30,2,0.46
L020943,2026-07-30,8,9.7
L020944,2026-07-30,1,0.1
L020945,2026-07-30,2,0.46
L020946,2026-07-30,1,0.1
L020947,2026-07-30,3,1.12
L020948,2026-07-30,7,7.23
L020949,2026-07-30,2,0.46
L020950,2026-07-30,5,3.45
L020951,2026-07-30,10,15.85
L020952,2026-07-30,8,9.7
L020953,2026-07-30,3,1.12
L020954,2026-07-30,6,5.15
L020955,2026-07-30,7,7.23
L020956,2026-07-30,3,1.12
L020957,2026-07-30,5,3.45
L020958,2026-07-30,2,0.46
L020959,2026-07-30,1,0.1
L020960,2026-07-30,1,0.1
L020961,2026-07-30,2,0.46
L020962,2026-07-30,10,15.85
L020963,2026-07-30,3,1.12
L020964,2026-07-30,2,0.46
L020965,2026-07-30,9,12.57
L020966,2026-07-30,3,1.12
L020967,2026-07-30,3,1.12
L020968,2026-07-30,2,0.46
L020969,2026-07-30,1,0.1
L020970,2026-07-30,2,0.46
L020971,2026-07-30,3,1.12
L020972,2026-07-30,6,5.15
L020973,2026-07-30,2,0.46
L020974,2026-07-30,1,0.1
L020975,2026-07-30,1,0.1
L020976,2026-07-30,1,0.1
L020977,2026-07-30,1,0.1
L020978,2026-07-30,3,1.12
L020979,2026-07-30,3,1.12
L020980,2026-07-30,2,0.46
L020981,2026-07-30,3,1.12
L020982,2026-07-30,2,0.46
L020983,2026-07-30,8,9.7
L020984,2026-07-30,3,1.12
L020985,2026-07-30,3,1.12
L020986,2026-07-30,2,0.46
L020987,2026-07-30,1,0.1
L020988,2026-07-30,1,0.1
L020989,2026-07-30,1,0.1
L020990,2026-07-30,10,15.85
L020991,2026-07-30,2,0.46
L020992,2026-07-30,1,0.1
L020993,2026-07-30,2,0.46
L020994,2026-07-30,1,0.1
L020995,2026-07-30,3,1.12
L020996,2026-07-30,3,1.12
L020997,2026-07-30,3,1.12
L020998,2026-07-30,1,0.1
L020999,2026-07-30,3,1.12
L021000,2026-07-30,2,0.46
L021001,2026-07-30,1,0.1
L021002,2026-07-30,3,1.12
L021003,2026-07-30,3,1.12
L021004,2026-07-30,4,2.11
L021005,2026-07-30,8,9.7
L021006,2026-07-30,8,9.7
L021007,2026-07-30,6,5.15
L021008,2026-07-30,10,15.85
L021009,2026-07-30,1,0.1
L021010,2026-07-30,7,7.23
L021011,2026-07-30,1,0.1
L021012,2026-07-30,1,0.1
L021013,2026-07-30,7,7.23
L021014,2026-07-30,5,3.45
L021015,2026-07-30,6,5.15
L021016,2026-07-30,2,0.46
L021017,2026-07-30,2,0.46
L021018,2026-07-30,9,12.57
L021019,2026-07-30,6,5.15
L021020,2026-07-30,3,1.12
L021021,2026-07-30,1,0.1
L021022,2026-07-30,2,0.46
L021023,2026-07-30,1,0.1
L021024,2026-07-30,4,2.11
L021025,2026-07-30,2,0.46
L021026,2026-07-30,1,0.1
L021027,2026-07-30,1,0.1
L021028,2026-07-30,9,12.57
L021029,2026-07-30,3,1.12
L021030,2026-07-30,1,0.1
L021031,2026-07-30,3,1.12
L021032,2026-07-30,9,12.57
L021033,2026-07-30,2,0.46
L021034,2026-07-30,3,1.12
L021035,2026-07-30,7,7.23
L021036,2026-07-30,4,2.11
L021037,2026-07-30,3,1.12
L021038,2026-07-30,1,0.1
L021039,2026-07-30,1,0.1
L021040,2026-07-30,7,7.23
L021041,2026-07-30,3,1.12
L021042,2026-07-30,2,0.46
L021043,2026-07-30,1,0.1
L021044,2026-07-30,1,0.1
L021045,2026-07-30,3,1.12
L021046,2026-07-30,10,15.85
L021047,2026-07-30,10,15.85
L021048,2026-07-30,1,0.1
L021049,2026-07-30,5,3.45
L021050,2026-07-30,2,0.46
L021051,2026-07-30,3,1.12
L021052,2026-07-30,7,7.23
L021053,2026-07-30,1,0.1
L021054,2026-07-30,1,0.1
L021055,2026-07-30,1,0.1
L021056,2026-07-30,10,15.85
L021057,2026-07-30,1,0.1
L021058,2026-07-30,1,0.1
L021059,2026-07-30,6,5.15
L021060,2026-07-30,7,7.23
L021061,2026-07-30,2,0.46
L021062,2026-07-30,2,0.46
L021063,2026-07-30,3,1.12
L021064,2026-07-30,1,0.1
L021065,2026-07-30,1,0.1
L021066,2026-07-30,3,1.12
L021067,2026-07-30,7,7.23
L021068,2026-07-30,3,1.12
L021069,2026-07-30,4,2.11
L021070,2026-07-30,4,2.11
L021071,2026-07-30,2,0.46
L021072,2026-07-30,4,2.11
L021073,2026-07-30,1,0.1
L021074,2026-07-30,2,0.46
L021075,2026-07-30,1,0.1
L021076,2026-07-30,3,1.12
L021077,2026-07-30,1,0.1
L021078,2026-07-30,3,1.12
L021079,2026-07-30,3,1.12
L021080,2026-07-30,5,3.45
L021081,2026-07-30,7,7.23
L021082,2026-07-30,3,1.12
L021083,2026-07-30,2,0.46
L021084,2026-07-30,3,1.12
L021085,2026-07-30,1,0.1
L021086,2026-07-30,3,1.12
L021087,2026-07-30,2,0.46
L021088,2026-07-30,3,1.12
L021089,2026-07-30,2,0.46
L021090,2026-07-30,9,12.57
L021091,2026-07-30,3,1.12
L021092,2026-07-30,5,3.45
L021093,2026-07-30,9,12.57
L021094,2026-07-30,1,0.1
L021095,2026-07-30,3,1.12
L021096,2026-07-30,1,0.1
L021097,2026-07-30,1,0.1
L021098,2026-07-30,3,1.12
L021099,2026-07-30,2,0.46
L021100,2026-07-30,7,7.23
L021101,2026-07-30,1,0.1
L021102,2026-07-30,1,0.1
L021103,2026-07-30,3,1.12
L021104,2026-07-30,3,1.12
L021105,2026-07-30,1,0.1
L021106,2026-07-30,1,0.1
L021107,2026-07-30,2,0.46
L021108,2026-07-30,2,0.46
L021109,2026-07-30,3,1.12
L021110,2026-07-30,8,9.7
L021111,2026-07-30,2,0.46
L021112,2026-07-30,2,0.46
L021113,2026-07-30,1,0.1
L021114,2026-07-30,1,0.1
L021115,2026-07-30,1,0.1
L021116,2026-07-30,2,0.46
L021117,2026-07-30,3,1.12
L021118,2026-07-30,2,0.46
L021119,2026-07-30,10,15.85
L021120,2026-07-30,1,0.1
L021121,2026-07-30,2,0.46
L021122,2026-07-30,2,0.46
L021123,2026-07-30,3,1.12
L021124,2026-07-30,2,0.46
L021125,2026-07-30,6,5.15
L021126,2026-07-30,2,0.46
L021127,2026-07-30,2,0.46
L021128,2026-07-30,6,5.15
L021129,2026-07-30,6,5.15
L021130,2026-07-30,2,0.46
L021131,2026-07-30,1,0.1
L021132,2026-07-30,1,0.1
L021133,2026-07-30,2,0.46
L021134,2026-07-30,9,12.57
L021135,2026-07-30,1,0.1
L021136,2026-07-30,2,0.46
L021137,2026-07-30,2,0.46
L021138,2026-07-30,2,0.46
L021139,2026-07-30,3,1.12
L021140,2026-07-30,2,0.46
L021141,2026-07-30,9,12.57
L021142,2026-07-30,3,1.12
L021143,2026-07-30,1,0.1
L021144,2026-07-30,6,5.15
L021145,2026-07-30,10,15.85
L021146,2026-07-30,2,0.46
L021147,2026-07-30,2,0.46
L021148,2026-07-30,2,0.46
L021149,2026-07-30,1,0.1
L021150,2026-07-30,4,2.11
L021151,2026-07-30,4,2.11
L021152,2026-07-30,3,1.12
L021153,2026-07-30,2,0.46
L021154,2026-07-30,1,0.1
L021155,2026-07-30,4,2.11
L021156,2026-07-30,1,0.1
L021157,2026-07-30,3,1.12
L021158,2026-07-30,1,0.1
L021159,2026-07-30,3,1.12
L021160,2026-07-30,8,9.7
L021161,2026-07-30,2,0.46
L021162,2026-07-30,10,15.85
L021163,2026-07-30,7,7.23
L021164,2026-07-30,2,0.46
L021165,2026-07-30,1,0.1
L021166,2026-07-30,6,5.15
L021167,2026-07-30,3,1.12
L021168,2026-07-30,2,0.46
L021169,2026-07-30,2,0.46
L021170,2026-07-30,4,2.11
L021171,2026-07-30,1,0.1
L021172,2026-07-30,6,5.15
L021173,2026-07-30,2,0.46
L021174,2026-07-30,2,0.46
L021175,2026-07-30,1,0.1
L021176,2026-07-30,3,1.12
L021177,2026-07-30,2,0.46
L021178,2026-07-30,2,0.46
L021179,2026-07-30,1,0.1
L021180,2026-07-30,2,0.46
L021181,2026-07-30,9,12.57
L021182,2026-07-30,1,0.1
L021183,2026-07-30,4,2.11
L021184,2026-07-30,3,1.12
L021185,2026-07-30,9,12.57
L021186,2026-07-30,3,1.12
L021187,2026-07-30,3,1.12
L021188,2026-07-30,3,1.12
L021189,2026-07-30,1,0.1
L021190,2026-07-30,5,3.45
L021191,2026-07-30,8,9.7
L021192,2026-07-30,8,9.7
L021193,2026-07-30,2,0.46
L021194,2026-07-30,1,0.1
L021195,2026-07-30,4,2.11
L021196,2026-07-30,4,2.11
L021197,2026-07-30,6,5.15
L021198,2026-07-30,6,5.15
L021199,2026-07-30,10,15.85
L021200,2026-07-30,2,0.46
L021201,2026-07-30,2,0.46
L021202,2026-07-30,2,0.46
L021203,2026-07-30,3,1.12
L021204,2026-07-30,8,9.7
L021205,2026-07-30,2,0.46
L021206,2026-07-30,5,3.45
L021207,2026-07-30,2,0.46
L021208,2026-07-30,1,0.1
L021209,2026-07-30,1,0.1
L021210,2026-07-30,3,1.12
L021211,2026-07-30,3,1.12
L021212,2026-07-30,3,1.12
L021213,2026-07-30,3,1.12
L021214,2026-07-30,1,0.1
L021215,2026-07-30,3,1.12
L021216,2026-07-30,3,1.12
L021217,2026-07-30,3,1.12
L021218,2026-07-30,2,0.46
L021219,2026-07-30,2,0.46
L021220,2026-07-30,3,1.12
L021221,2026-07-30,7,7.23
L021222,2026-07-30,1,0.1
L021223,2026-07-30,1,0.1
L021224,2026-07-30,5,3.45
L021225,2026-07-30,3,1.12
L021226,2026-07-30,6,5.15
L021227,2026-07-30,9,12.57
L021228,2026-07-30,2,0.46
L021229,2026-07-30,1,0.1
L021230,2026-07-30,7,7.23
L021231,2026-07-30,1,0.1
L021232,2026-07-30,3,1.12
L021233,2026-07-30,2,0.46
L021234,2026-07-30,4,2.11
L021235,2026-07-30,1,0.1
L021236,2026-07-30,1,0.1
L021237,2026-07-30,2,0.46
L021238,2026-07-30,3,1.12
L021239,2026-07-30,1,0.1
L021240,2026-07-30,2,0.46
L021241,2026-07-30,1,0.1
L021242,2026-07-30,6,5.15
L021243,2026-07-30,1,0.1
L021244,2026-07-30,8,9.7
L021245,2026-07-30,8,9.7
L021246,2026-07-30,2,0.46
L021247,2026-07-30,3,1.12
L021248,2026-07-30,2,0.46
L021249,2026-07-30,1,0.1
L021250,2026-07-30,2,0.46
L021251,2026-07-30,2,0.46
L021252,2026-07-30,9,12.57
L021253,2026-07-30,7,7.23
L021254,2026-07-30,5,3.45
L021255,2026-07-30,3,1.12
L021256,2026-07-30,1,0.1
L021257,2026-07-30,3,1.12
L021258,2026-07-30,2,0.46
L021259,2026-07-30,2,0.46
L021260,2026-07-30,3,1.12
L021261,2026-07-30,1,0.1
L021262,2026-07-30,3,1.12
L021263,2026-07-30,1,0.1
L021264,2026-07-30,3,1.12
L021265,2026-07-30,2,0.46
L021266,2026-07-30,3,1.12
L021267,2026-07-30,2,0.46
L021268,2026-07-30,9,12.57
L021269,2026-07-30,2,0.46
L021270,2026-07-30,1,0.1
L021271,2026-07-30,8,9.7
L021272,2026-07-30,3,1.12
L021273,2026-07-30,3,1.12
L021274,2026-07-30,4,2.11
L021275,2026-07-30,9,12.57
L021276,2026-07-30,4,2.11
L021277,2026-07-30,1,0.1
L021278,2026-07-30,1,0.1
L021279,2026-07-30,3,1.12
L021280,2026-07-30,3,1.12
L021281,2026-07-30,8,9.7
L021282,2026-07-30,2,0.46
L021283,2026-07-30,1,0.1
L021284,2026-07-30,2,0.46
L021285,2026-07-30,3,1.12
L021286,2026-07-30,3,1.12
L021287,2026-07-30,1,0.1
L021288,2026-07-30,9,12.57
L021289,2026-07-30,3,1.12
L021290,2026-07-30,5,3.45
L021291,2026-07-30,1,0.1
L021292,2026-07-30,2,0.46
L021293,2026-07-30,1,0.1
L021294,2026-07-30,3,1.12
L021295,2026-07-30,2,0.46
L021296,2026-07-30,3,1.12
L021297,2026-07-30,3,1.12
L021298,2026-07-30,3,1.12
L021299,2026-07-30,5,3.45
L021300,2026-07-30,3,1.12
L021301,2026-07-30,6,5.15
L021302,2026-07-30,3,1.12
L021303,2026-07-30,2,0.46
L021304,2026-07-30,4,2.11
L021305,2026-07-30,1,0.1
L021306,2026-07-30,8,9.7
L021307,2026-07-30,2,0.46
L021308,2026-07-30,2,0.46
L021309,2026-07-30,1,0.1
L021310,2026-07-30,4,2.11
L021311,2026-07-30,2,0.46
L021312,2026-07-30,9,12.57
L021313,2026-07-30,5,3.45
L021314,2026-07-30,3,1.12
L021315,2026-07-30,2,0.46
L021316,2026-07-30,5,3.45
L021317,2026-07-30,1,0.1
L021318,2026-07-30,1,0.1
L021319,2026-07-30,1,0.1
L021320,2026-07-30,3,1.12
L021321,2026-07-30,5,3.45
L021322,2026-07-30,1,0.1
L021323,2026-07-30,3,1.12
L021324,2026-07-30,2,0.46
L021325,2026-07-30,2,0.46
L021326,2026-07-30,10,15.85
L021327,2026-07-30,3,1.12
L021328,2026-07-30,3,1.12
L021329,2026-07-30,3,1.12
L021330,2026-07-30,2,0.46
L021331,2026-07-30,1,0.1
L021332,2026-07-30,7,7.23
L021333,2026-07-30,2,0.46
L021334,2026-07-30,7,7.23
L021335,2026-07-30,2,0.46
L021336,2026-07-30,6,5.15
L021337,2026-07-30,6,5.15
L021338,2026-07-30,1,0.1
L021339,2026-07-30,1,0.1
L021340,2026-07-30,2,0.46
L021341,2026-07-30,3,1.12
L021342,2026-07-30,8,9.7
L021343,2026-07-30,3,1.12
L021344,2026-07-30,2,0.46
L021345,2026-07-30,1,0.1
L021346,2026-07-30,1,0.1
L021347,2026-07-30,3,1.12
L021348,2026-07-30,2,0.46
L021349,2026-07-30,3,1.12
L021350,2026-07-30,5,3.45
L021351,2026-07-30,3,1.12
L021352,2026-07-30,8,9.7
L021353,2026-07-30,2,0.46
L021354,2026-07-30,3,1.12
L021355,2026-07-30,8,9.7
L021356,2026-07-30,8,9.7
L021357,2026-07-30,1,0.1
L021358,2026-07-30,9,12.57
L021359,2026-07-30,5,3.45
L021360,2026-07-30,3,1.12
L021361,2026-07-30,2,0.46
L021362,2026-07-30,1,0.1
L021363,2026-07-30,2,0.46
L021364,2026-07-30,3,1.12
L021365,2026-07-30,3,1.12
L021366,2026-07-30,8,9.7
L021367,2026-07-30,1,0.1
L021368,2026-07-30,9,12.57
L021369,2026-07-30,3,1.12
L021370,2026-07-30,1,0.1
L021371,2026-07-30,3,1.12
L021372,2026-07-30,8,9.7
L021373,2026-07-30,10,15.85
L021374,2026-07-30,3,1.12
L021375,2026-07-30,3,1.12
L021376,2026-07-30,1,0.1
L021377,2026-07-30,1,0.1
L021378,2026-07-30,5,3.45
L021379,2026-07-30,9,12.57
L021380,2026-07-30,7,7.23
L021381,2026-07-30,2,0.46
L021382,2026-07-30,4,2.11
L021383,2026-07-30,1,0.1
L021384,2026-07-30,8,9.7
L021385,2026-07-30,4,2.11
L021386,2026-07-30,3,1.12
L021387,2026-07-30,2,0.46
L021388,2026-07-30,1,0.1
L021389,2026-07-30,3,1.12
L021390,2026-07-30,3,1.12
L021391,2026-07-30,2,0.46
L021392,2026-07-30,3,1.12
L021393,2026-07-30,3,1.12
L021394,2026-07-30,1,0.1
L021395,2026-07-30,1,0.1
L021396,2026-07-30,7,7.23
L021397,2026-07-30,5,3.45
L021398,2026-07-30,1,0.1
L021399,2026-07-30,3,1.12
L021400,2026-07-30,1,0.1
L021401,2026-07-30,7,7.23
L021402,2026-07-30,3,1.12
L021403,2026-07-30,3,1.12
L021404,2026-07-30,3,1.12
L021405,2026-07-30,8,9.7
L021406,2026-07-30,1,0.1
L021407,2026-07-30,10,15.85
L021408,2026-07-30,3,1.12
L021409,2026-07-30,2,0.46
L021410,2026-07-30,7,7.23
L021411,2026-07-30,3,1.12
L021412,2026-07-30,8,9.7
L021413,2026-07-30,8,9.7
L021414,2026-07-30,2,0.46
L021415,2026-07-30,9,12.57
L021416,2026-07-30,2,0.46
L021417,2026-07-30,3,1.12
L021418,2026-07-30,1,0.1
L021419,2026-07-30,2,0.46
L021420,2026-07-30,8,9.7
L021421,2026-07-30,2,0.46
L021422,2026-07-30,2,0.46
L021423,2026-07-30,5,3.45
L021424,2026-07-30,3,1.12
L021425,2026-07-30,2,0.46
L021426,2026-07-30,1,0.1
L021427,2026-07-30,1,0.1
L021428,2026-07-30,2,0.46
L021429,2026-07-30,2,0.46
L021430,2026-07-30,4,2.11
L021431,2026-07-30,3,1.12
L021432,2026-07-30,5,3.45
L021433,2026-07-30,10,15.85
L021434,2026-07-30,1,0.1
L021435,2026-07-30,3,1.12
L021436,2026-07-30,1,0.1
L021437,2026-07-30,2,0.46
L021438,2026-07-30,2,0.46
L021439,2026-07-30,1,0.1
L021440,2026-07-30,1,0.1
L021441,2026-07-30,3,1.12
L021442,2026-07-30,4,2.11
L021443,2026-07-30,2,0.46
L021444,2026-07-30,9,12.57
L021445,2026-07-30,2,0.46
L021446,2026-07-30,3,1.12
L021447,2026-07-30,3,1.12
L021448,2026-07-30,6,5.15
L021449,2026-07-30,3,1.12
L021450,2026-07-30,2,0.46
L021451,2026-07-30,3,1.12
L021452,2026-07-30,1,0.1
L021453,2026-07-30,1,0.1
L021454,2026-07-30,1,0.1
L021455,2026-07-30,3,1.12
L021456,2026-07-30,1,0.1
L021457,2026-07-30,8,9.7
L021458,2026-07-30,2,0.46
L021459,2026-07-30,2,0.46
L021460,2026-07-30,1,0.1
L021461,2026-07-30,1,0.1
L021462,2026-07-30,2,0.46
L021463,2026-07-30,6,5.15
L021464,2026-07-30,3,1.12
L021465,2026-07-30,2,0.46
L021466,2026-07-30,3,1.12
L021467,2026-07-30,2,0.46
L021468,2026-07-30,3,1.12
L021469,2026-07-30,3,1.12
L021470,2026-07-30,3,1.12
L021471,2026-07-30,2,0.46
L021472,2026-07-30,3,1.12
L021473,2026-07-30,3,1.12
L021474,2026-07-30,7,7.23
L021475,2026-07-30,2,0.46
L021476,2026-07-30,7,7.23
L021477,2026-07-30,2,0.46
L021478,2026-07-30,2,0.46
L021479,2026-07-30,1,0.1
L021480,2026-07-30,5,3.45
L021481,2026-07-30,4,2.11
L021482,2026-07-30,3,1.12
L021483,2026-07-30,3,1.12
L021484,2026-07-30,9,12.57
L021485,2026-07-30,8,9.7
L021486,2026-07-30,1,0.1
L021487,2026-07-30,1,0.1
L021488,2026-07-30,10,15.85
L021489,2026-07-30,1,0.1
L021490,2026-07-30,2,0.46
L021491,2026-07-30,2,0.46
L021492,2026-07-30,6,5.15
L021493,2026-07-30,3,1.12
L021494,2026-07-30,10,15.85
L021495,2026-07-30,3,1.12
L021496,2026-07-30,3,1.12
L021497,2026-07-30,7,7.23
L021498,2026-07-30,10,15.85
L021499,2026-07-30,7,7.23
L021500,2026-07-30,3,1.12
L021501,2026-07-30,3,1.12
L021502,2026-07-30,2,0.46
L021503,2026-07-30,5,3.45
L021504,2026-07-30,4,2.11
L021505,2026-07-30,2,0.46
L021506,2026-07-30,2,0.46
L021507,2026-07-30,1,0.1
L021508,2026-07-30,2,0.46
L021509,2026-07-30,7,7.23
L021510,2026-07-30,9,12.57
L021511,2026-07-30,9,12.57
L021512,2026-07-30,6,5.15
L021513,2026-07-30,1,0.1
L021514,2026-07-30,2,0.46
L021515,2026-07-30,1,0.1
L021516,2026-07-30,9,12.57
L021517,2026-07-30,1,0.1
L021518,2026-07-30,2,0.46
L021519,2026-07-30,3,1.12
L021520,2026-07-30,8,9.7
L021521,2026-07-30,5,3.45
L021522,2026-07-30,3,1.12
L021523,2026-07-30,9,12.57
L021524,2026-07-30,1,0.1
L021525,2026-07-30,2,0.46
L021526,2026-07-30,1,0.1
L021527,2026-07-30,1,0.1
L021528,2026-07-30,3,1.12
L021529,2026-07-30,3,1.12
L021530,2026-07-30,2,0.46
L021531,2026-07-30,3,1.12
L021532,2026-07-30,10,15.85
L021533,2026-07-30,3,1.12
L021534,2026-07-30,4,2.11
L021535,2026-07-30,3,1.12
L021536,2026-07-30,4,2.11
L021537,2026-07-30,5,3.45
L021538,2026-07-30,1,0.1
L021539,2026-07-30,2,0.46
L021540,2026-07-30,3,1.12
L021541,2026-07-30,2,0.46
L021542,2026-07-30,2,0.46
L021543,2026-07-30,1,0.1
L021544,2026-07-30,1,0.1
L021545,2026-07-30,10,15.85
L021546,2026-07-30,3,1.12
L021547,2026-07-30,3,1.12
L021548,2026-07-30,2,0.46
L021549,2026-07-30,3,1.12
L021550,2026-07-30,7,7.23
L021551,2026-07-30,2,0.46
L021552,2026-07-30,3,1.12
L021553,2026-07-30,2,0.46
L021554,2026-07-30,5,3.45
L021555,2026-07-30,1,0.1
L021556,2026-07-30,3,1.12
L021557,2026-07-30,1,0.1
L021558,2026-07-30,1,0.1
L021559,2026-07-30,2,0.46
L021560,2026-07-30,9,12.57
L021561,2026-07-30,3,1.12
L021562,2026-07-30,5,3.45
L021563,2026-07-30,3,1.12
L021564,2026-07-30,4,2.11
L021565,2026-07-30,2,0.46
L021566,2026-07-30,1,0.1
L021567,2026-07-30,1,0.1
L021568,2026-07-30,8,9.7
L021569,2026-07-30,2,0.46
L021570,2026-07-30,3,1.12
L021571,2026-07-30,2,0.46
L021572,2026-07-30,4,2.11
L021573,2026-07-30,1,0.1
L021574,2026-07-30,7,7.23
L021575,2026-07-30,2,0.46
L021576,2026-07-30,1,0.1
L021577,2026-07-30,2,0.46
L021578,2026-07-30,3,1.12
L021579,2026-07-30,6,5.15
L021580,2026-07-30,2,0.46
L021581,2026-07-30,5,3.45
L021582,2026-07-30,6,5.15
L021583,2026-07-30,1,0.1
L021584,2026-07-30,2,0.46
L021585,2026-07-30,1,0.1
L021586,2026-07-30,2,0.46
L021587,2026-07-30,4,2.11
L021588,2026-07-30,8,9.7
L021589,2026-07-30,3,1.12
L021590,2026-07-30,2,0.46
L021591,2026-07-30,3,1.12
L021592,2026-07-30,7,7.23
L021593,2026-07-30,1,0.1
L021594,2026-07-30,9,12.57
L021595,2026-07-30,2,0.46
L021596,2026-07-30,8,9.7
L021597,2026-07-30,7,7.23
L021598,2026-07-30,1,0.1
L021599,2026-07-30,1,0.1
L021600,2026-07-30,10,15.85
L021601,2026-07-30,5,3.45
L021602,2026-07-30,3,1.12
L021603,2026-07-30,1,0.1
L021604,2026-07-30,4,2.11
L021605,2026-07-30,7,7.23
L021606,2026-07-30,3,1.12
L021607,2026-07-30,5,3.45
L021608,2026-07-30,2,0.46
L021609,2026-07-30,2,0.46
L021610,2026-07-30,3,1.12
L021611,2026-07-30,3,1.12
L021612,2026-07-30,2,0.46
L021613,2026-07-30,2,0.46
L021614,2026-07-30,3,1.12
L021615,2026-07-30,6,5.15
L021616,2026-07-30,6,5.15
L021617,2026-07-30,4,2.11
L021618,2026-07-30,3,1.12
L021619,2026-07-30,1,0.1
L021620,2026-07-30,5,3.45
L021621,2026-07-30,10,15.85
L021622,2026-07-30,1,0.1
L021623,2026-07-30,1,0.1
L021624,2026-07-30,9,12.57
L021625,2026-07-30,2,0.46
L021626,2026-07-30,1,0.1
L021627,2026-07-30,2,0.46
L021628,2026-07-30,1,0.1
L021629,2026-07-30,5,3.45
L021630,2026-07-30,1,0.1
L021631,2026-07-30,2,0.46
L021632,2026-07-30,2,0.46
L021633,2026-07-30,1,0.1
L021634,2026-07-30,3,1.12
L021635,2026-07-30,2,0.46
L021636,2026-07-30,3,1.12
L021637,2026-07-30,5,3.45
L021638,2026-07-30,3,1.12
L021639,2026-07-30,3,1.12
L021640,2026-07-30,9,12.57
L021641,2026-07-30,2,0.46
L021642,2026-07-30,3,1.12
L021643,2026-07-30,1,0.1
L021644,2026-07-30,5,3.45
L021645,2026-07-30,7,7.23
L021646,2026-07-30,3,1.12
L021647,2026-07-30,3,1.12
L021648,2026-07-30,5,3.45
L021649,2026-07-30,6,5.15
L021650,2026-07-30,2,0.46
L021651,2026-07-30,1,0.1
L021652,2026-07-30,1,0.1
L021653,2026-07-30,1,0.1
L021654,2026-07-30,7,7.23
L021655,2026-07-30,1,0.1
L021656,2026-07-30,5,3.45
L021657,2026-07-30,2,0.46
L021658,2026-07-30,2,0.46
L021659,2026-07-30,3,1.12
L021660,2026-07-30,3,1.12
L021661,2026-07-30,1,0.1
L021662,2026-07-30,2,0.46
L021663,2026-07-30,9,12.57
L021664,2026-07-30,10,15.85
L021665,2026-07-30,3,1.12
L021666,2026-07-30,9,12.57
L021667,2026-07-30,2,0.46
L021668,2026-07-30,1,0.1
L021669,2026-07-30,1,0.1
L021670,2026-07-30,1,0.1
L021671,2026-07-30,1,0.1
L021672,2026-07-30,8,9.7
L021673,2026-07-30,10,15.85
L021674,2026-07-30,6,5.15
L021675,2026-07-30,5,3.45
L021676,2026-07-30,2,0.46
L021677,2026-07-30,2,0.46
L021678,2026-07-30,10,15.85
L021679,2026-07-30,1,0.1
L021680,2026-07-30,1,0.1
L021681,2026-07-30,3,1.12
L021682,2026-07-30,10,15.85
L021683,2026-07-30,1,0.1
L021684,2026-07-30,4,2.11
L021685,2026-07-30,2,0.46
L021686,2026-07-30,3,1.12
L021687,2026-07-30,2,0.46
L021688,2026-07-30,10,15.85
L021689,2026-07-30,7,7.23
L021690,2026-07-30,2,0.46
L021691,2026-07-30,1,0.1
L021692,2026-07-30,1,0.1
L021693,2026-07-30,8,9.7
L021694,2026-07-30,3,1.12
L021695,2026-07-30,1,0.1
L021696,2026-07-30,3,1.12
L021697,2026-07-30,4,2.11
L021698,2026-07-30,5,3.45
L021699,2026-07-30,2,0.46
L021700,2026-07-30,9,12.57
L021701,2026-07-30,10,15.85
L021702,2026-07-30,2,0.46
L021703,2026-07-30,4,2.11
L021704,2026-07-30,3,1.12
L021705,2026-07-30,2,0.46
L021706,2026-07-30,2,0.46
L021707,2026-07-30,3,1.12
L021708,2026-07-30,8,9.7
L021709,2026-07-30,3,1.12
L021710,2026-07-30,3,1.12
L021711,2026-07-30,8,9.7
L021712,2026-07-30,5,3.45
L021713,2026-07-30,2,0.46
L021714,2026-07-30,3,1.12
L021715,2026-07-30,5,3.45
L021716,2026-07-30,2,0.46
L021717,2026-07-30,3,1.12
L021718,2026-07-30,6,5.15
L021719,2026-07-30,1,0.1
L021720,2026-07-30,1,0.1
L021721,2026-07-30,9,12.57
L021722,2026-07-30,2,0.46
L021723,2026-07-30,9,12.57
L021724,2026-07-30,2,0.46
L021725,2026-07-30,1,0.1
L021726,2026-07-30,10,15.85
L021727,2026-07-30,2,0.46
L021728,2026-07-30,3,1.12
L021729,2026-07-30,4,2.11
L021730,2026-07-30,1,0.1
L021731,2026-07-30,3,1.12
L021732,2026-07-30,3,1.12
L021733,2026-07-30,1,0.1
L021734,2026-07-30,4,2.11
L021735,2026-07-30,3,1.12
L021736,2026-07-30,2,0.46
L021737,2026-07-30,5,3.45
L021738,2026-07-30,2,0.46
L021739,2026-07-30,3,1.12
L021740,2026-07-30,1,0.1
L021741,2026-07-30,10,15.85
L021742,2026-07-30,1,0.1
L021743,2026-07-30,4,2.11
L021744,2026-07-30,1,0.1
L021745,2026-07-30,3,1.12
L021746,2026-07-30,2,0.46
L021747,2026-07-30,3,1.12
L021748,2026-07-30,1,0.1
L021749,2026-07-30,1,0.1
L021750,2026-07-30,8,9.7
L021751,2026-07-30,4,2.11
L021752,2026-07-30,3,1.12
L021753,2026-07-30,2,0.46
L021754,2026-07-30,3,1.12
L021755,2026-07-30,9,12.57
L021756,2026-07-30,10,15.85
L021757,2026-07-30,2,0.46
L021758,2026-07-30,3,1.12
L021759,2026-07-30,7,7.23
L021760,2026-07-30,1,0.1
L021761,2026-07-30,1,0.1
L021762,2026-07-30,3,1.12
L021763,2026-07-30,2,0.46
L021764,2026-07-30,3,1.12
L021765,2026-07-30,3,1.12
L021766,2026-07-30,8,9.7
L021767,2026-07-30,3,1.12
L021768,2026-07-30,7,7.23
L021769,2026-07-30,8,9.7
L021770,2026-07-30,2,0.46
L021771,2026-07-30,3,1.12
L021772,2026-07-30,1,0.1
L021773,2026-07-30,1,0.1
L021774,2026-07-30,6,5.15
L021775,2026-07-30,7,7.23
L021776,2026-07-30,9,12.57
L021777,2026-07-30,3,1.12
L021778,2026-07-30,10,15.85
L021779,2026-07-30,5,3.45
L021780,2026-07-30,3,1.12
L021781,2026-07-30,2,0.46
L021782,2026-07-30,1,0.1
L021783,2026-07-30,3,1.12
L021784,2026-07-30,1,0.1
L021785,2026-07-30,3,1.12
L021786,2026-07-30,3,1.12
L021787,2026-07-30,10,15.85
L021788,2026-07-30,4,2.11
L021789,2026-07-30,8,9.7
L021790,2026-07-30,3,1.12
L021791,2026-07-30,3,1.12
L021792,2026-07-30,1,0.1
L021793,2026-07-30,3,1.12
L021794,2026-07-30,3,1.12
L021795,2026-07-30,1,0.1
L021796,2026-07-30,1,0.1
L021797,2026-07-30,4,2.11
L021798,2026-07-30,4,2.11
L021799,2026-07-30,1,0.1
L021800,2026-07-30,1,0.1
L021801,2026-07-30,5,3.45
L021802,2026-07-30,2,0.46
L021803,2026-07-30,6,5.15
L021804,2026-07-30,2,0.46
L021805,2026-07-30,3,1.12
L021806,2026-07-30,1,0.1
L021807,2026-07-30,3,1.12
L021808,2026-07-30,7,7.23
L021809,2026-07-30,9,12.57
L021810,2026-07-30,2,0.46
L021811,2026-07-30,6,5.15
L021812,2026-07-30,4,2.11
L021813,2026-07-30,1,0.1
L021814,2026-07-30,9,12.57
L021815,2026-07-30,6,5.15
L021816,2026-07-30,3,1.12
L021817,2026-07-30,1,0.1
L021818,2026-07-30,2,0.46
L021819,2026-07-30,2,0.46
L021820,2026-07-30,3,1.12
L021821,2026-07-30,2,0.46
L021822,2026-07-30,3,1.12
L021823,2026-07-30,2,0.46
L021824,2026-07-30,1,0.1
L021825,2026-07-30,5,3.45
L021826,2026-07-30,1,0.1
L021827,2026-07-30,2,0.46
L021828,2026-07-30,2,0.46
L021829,2026-07-30,3,1.12
L021830,2026-07-30,1,0.1
L021831,2026-07-30,6,5.15
L021832,2026-07-30,4,2.11
L021833,2026-07-30,2,0.46
L021834,2026-07-30,2,0.46
L021835,2026-07-30,2,0.46
L021836,2026-07-30,2,0.46
L021837,2026-07-30,6,5.15
L021838,2026-07-30,10,15.85
L021839,2026-07-30,5,3.45
L021840,2026-07-30,3,1.12
L021841,2026-07-30,6,5.15
L021842,2026-07-30,1,0.1
L021843,2026-07-30,1,0.1
L021844,2026-07-30,2,0.46
L021845,2026-07-30,3,1.12
L021846,2026-07-30,7,7.23
L021847,2026-07-30,6,5.15
L021848,2026-07-30,1,0.1
L021849,2026-07-30,3,1.12
L021850,2026-07-30,3,1.12
L021851,2026-07-30,6,5.15
L021852,2026-07-30,2,0.46
L021853,2026-07-30,2,0.46
L021854,2026-07-30,3,1.12
L021855,2026-07-30,2,0.46
L021856,2026-07-30,7,7.23
L021857,2026-07-30,6,5.15
L021858,2026-07-30,1,0.1
L021859,2026-07-30,1,0.1
L021860,2026-07-30,1,0.1
L021861,2026-07-30,1,0.1
L021862,2026-07-30,3,1.12
L021863,2026-07-30,2,0.46
L021864,2026-07-30,4,2.11
L021865,2026-07-30,2,0.46
L021866,2026-07-30,2,0.46
L021867,2026-07-30,1,0.1
L021868,2026-07-30,2,0.46
L021869,2026-07-30,6,5.15
L021870,2026-07-30,8,9.7
L021871,2026-07-30,2,0.46
L021872,2026-07-30,8,9.7
L021873,2026-07-30,3,1.12
L021874,2026-07-30,3,1.12
L021875,2026-07-30,1,0.1
L021876,2026-07-30,3,1.12
L021877,2026-07-30,1,0.1
L021878,2026-07-30,2,0.46
L021879,2026-07-30,2,0.46
L021880,2026-07-30,9,12.57
L021881,2026-07-30,3,1.12
L021882,2026-07-30,3,1.12
L021883,2026-07-30,1,0.1
L021884,2026-07-30,2,0.46
L021885,2026-07-30,4,2.11
L021886,2026-07-30,3,1.12
L021887,2026-07-30,1,0.1
L021888,2026-07-30,2,0.46
L021889,2026-07-30,2,0.46
L021890,2026-07-30,1,0.1
L021891,2026-07-30,2,0.46
L021892,2026-07-30,1,0.1
L021893,2026-07-30,1,0.1
L021894,2026-07-30,9,12.57
L021895,2026-07-30,10,15.85
L021896,2026-07-30,2,0.46
L021897,2026-07-30,2,0.46
L021898,2026-07-30,1,0.1
L021899,2026-07-30,1,0.1
L021900,2026-07-30,3,1.12
L021901,2026-07-30,5,3.45
L021902,2026-07-30,2,0.46
L021903,2026-07-30,7,7.23
L021904,2026-07-30,1,0.1
L021905,2026-07-30,1,0.1
L021906,2026-07-30,2,0.46
L021907,2026-07-30,8,9.7
L021908,2026-07-30,5,3.45
L021909,2026-07-30,2,0.46
L021910,2026-07-30,10,15.85
L021911,2026-07-30,1,0.1
L021912,2026-07-30,8,9.7
L021913,2026-07-30,5,3.45
L021914,2026-07-30,2,0.46
L021915,2026-07-30,2,0.46
L021916,2026-07-30,3,1.12
L021917,2026-07-30,3,1.12
L021918,2026-07-30,2,0.46
L021919,2026-07-30,3,1.12
L021920,2026-07-30,5,3.45
L021921,2026-07-30,1,0.1
L021922,2026-07-30,3,1.12
L021923,2026-07-30,5,3.45
L021924,2026-07-30,9,12.57
L021925,2026-07-30,3,1.12
L021926,2026-07-30,2,0.46
L021927,2026-07-30,9,12.57
L021928,2026-07-30,4,2.11
L021929,2026-07-30,9,12.57
L021930,2026-07-30,6,5.15
L021931,2026-07-30,3,1.12
L021932,2026-07-30,7,7.23
L021933,2026-07-30,1,0.1
L021934,2026-07-30,3,1.12
L021935,2026-07-30,4,2.11
L021936,2026-07-30,3,1.12
L021937,2026-07-30,1,0.1
L021938,2026-07-30,3,1.12
L021939,2026-07-30,3,1.12
L021940,2026-07-30,4,2.11
L021941,2026-07-30,3,1.12
L021942,2026-07-30,9,12.57
L021943,2026-07-30,2,0.46
L021944,2026-07-30,2,0.46
L021945,2026-07-30,1,0.1
L021946,2026-07-30,8,9.7
L021947,2026-07-30,10,15.85
L021948,2026-07-30,7,7.23
L021949,2026-07-30,3,1.12
L021950,2026-07-30,8,9.7
L021951,2026-07-30,2,0.46
L021952,2026-07-30,1,0.1
L021953,2026-07-30,8,9.7
L021954,2026-07-30,3,1.12
L021955,2026-07-30,3,1.12
L021956,2026-07-30,3,1.12
L021957,2026-07-30,1,0.1
L021958,2026-07-30,8,9.7
L021959,2026-07-30,2,0.46
L021960,2026-07-30,2,0.46
L021961,2026-07-30,2,0.46
L021962,2026-07-30,2,0.46
L021963,2026-07-30,3,1.12
L021964,2026-07-30,10,15.85
L021965,2026-07-30,1,0.1
L021966,2026-07-30,3,1.12
L021967,2026-07-30,3,1.12
L021968,2026-07-30,6,5.15
L021969,2026-07-30,7,7.23
L021970,2026-07-30,6,5.15
L021971,2026-07-30,2,0.46
L021972,2026-07-30,3,1.12
L021973,2026-07-30,10,15.85
L021974,2026-07-30,7,7.23
L021975,2026-07-30,3,1.12
L021976,2026-07-30,9,12.57
L021977,2026-07-30,5,3.45
L021978,2026-07-30,3,1.12
L021979,2026-07-30,7,7.23
L021980,2026-07-30,6,5.15
L021981,2026-07-30,9,12.57
L021982,2026-07-30,1,0.1
L021983,2026-07-30,9,12.57
L021984,2026-07-30,1,0.1
L021985,2026-07-30,4,2.11
L021986,2026-07-30,1,0.1
L021987,2026-07-30,2,0.46
L021988,2026-07-30,5,3.45
L021989,2026-07-30,2,0.46
L021990,2026-07-30,8,9.7
L021991,2026-07-30,1,0.1
L021992,2026-07-30,5,3.45
L021993,2026-07-30,2,0.46
L021994,2026-07-30,3,1.12
L021995,2026-07-30,7,7.23
L021996,2026-07-30,10,15.85
L021997,2026-07-30,1,0.1
L021998,2026-07-30,2,0.46
L021999,2026-07-30,3,1.12
L022000,2026-07-30,2,0.46
